odds_game_id,scraped_at,commence_time,home_team,away_team,home_team_abbr,away_team_abbr,bookmaker,market,outcome_name,price,point
8c94552d022acec4a0458d70c19d3da9,2026-09-04T18:10:08Z,2026-09-10T00:20:00Z,Seattle Seahawks,New England Patriots,SEA,NE,draftkings,h2h,New England Patriots,154.0,
8c94552d022acec4a0458d70c19d3da9,2026-09-04T18:10:08Z,2026-09-10T00:20:00Z,Seattle Seahawks,New England Patriots,SEA,NE,draftkings,h2h,Seattle Seahawks,-185.0,
8c94552d022acec4a0458d70c19d3da9,2026-09-04T18:10:08Z,2026-09-10T00:20:00Z,Seattle Seahawks,New England Patriots,SEA,NE,draftkings,spreads,New England Patriots,-115.0,3.5
8c94552d022acec4a0458d70c19d3da9,2026-09-04T18:10:08Z,2026-09-10T00:20:00Z,Seattle Seahawks,New England Patriots,SEA,NE,draftkings,spreads,Seattle Seahawks,-105.0,-3.5
8c94552d022acec4a0458d70c19d3da9,2026-09-04T18:10:08Z,2026-09-10T00:20:00Z,Seattle Seahawks,New England Patriots,SEA,NE,draftkings,totals,Over,-105.0,44.5
8c94552d022acec4a0458d70c19d3da9,2026-09-04T18:10:08Z,2026-09-10T00:20:00Z,Seattle Seahawks,New England Patriots,SEA,NE,draftkings,totals,Under,-115.0,44.5
8c94552d022acec4a0458d70c19d3da9,2026-09-04T18:10:08Z,2026-09-10T00:20:00Z,Seattle Seahawks,New England Patriots,SEA,NE,betus,h2h,New England Patriots,155.0,
8c94552d022acec4a0458d70c19d3da9,2026-09-04T18:10:08Z,2026-09-10T00:20:00Z,Seattle Seahawks,New England Patriots,SEA,NE,betus,h2h,Seattle Seahawks,-180.0,
8c94552d022acec4a0458d70c19d3da9,2026-09-04T18:10:08Z,2026-09-10T00:20:00Z,Seattle Seahawks,New England Patriots,SEA,NE,betus,spreads,New England Patriots,-110.0,3.5
8c94552d022acec4a0458d70c19d3da9,2026-09-04T18:10:08Z,2026-09-10T00:20:00Z,Seattle Seahawks,New England Patriots,SEA,NE,betus,spreads,Seattle Seahawks,-110.0,-3.5
8c94552d022acec4a0458d70c19d3da9,2026-09-04T18:10:08Z,2026-09-10T00:20:00Z,Seattle Seahawks,New England Patriots,SEA,NE,betus,totals,Over,-110.0,44.0
8c94552d022acec4a0458d70c19d3da9,2026-09-04T18:10:08Z,2026-09-10T00:20:00Z,Seattle Seahawks,New England Patriots,SEA,NE,betus,totals,Under,-110.0,44.0
8c94552d022acec4a0458d70c19d3da9,2026-09-04T18:10:08Z,2026-09-10T00:20:00Z,Seattle Seahawks,New England Patriots,SEA,NE,fanduel,h2h,New England Patriots,166.0,
8c94552d022acec4a0458d70c19d3da9,2026-09-04T18:10:08Z,2026-09-10T00:20:00Z,Seattle Seahawks,New England Patriots,SEA,NE,fanduel,h2h,Seattle Seahawks,-198.0,
8c94552d022acec4a0458d70c19d3da9,2026-09-04T18:10:08Z,2026-09-10T00:20:00Z,Seattle Seahawks,New England Patriots,SEA,NE,fanduel,spreads,New England Patriots,-108.0,3.5
8c94552d022acec4a0458d70c19d3da9,2026-09-04T18:10:08Z,2026-09-10T00:20:00Z,Seattle Seahawks,New England Patriots,SEA,NE,fanduel,spreads,Seattle Seahawks,-112.0,-3.5
8c94552d022acec4a0458d70c19d3da9,2026-09-04T18:10:08Z,2026-09-10T00:20:00Z,Seattle Seahawks,New England Patriots,SEA,NE,fanduel,totals,Over,-110.0,44.5
8c94552d022acec4a0458d70c19d3da9,2026-09-04T18:10:08Z,2026-09-10T00:20:00Z,Seattle Seahawks,New England Patriots,SEA,NE,fanduel,totals,Under,-110.0,44.5
8c94552d022acec4a0458d70c19d3da9,2026-09-04T18:10:08Z,2026-09-10T00:20:00Z,Seattle Seahawks,New England Patriots,SEA,NE,lowvig,h2h,New England Patriots,158.0,
8c94552d022acec4a0458d70c19d3da9,2026-09-04T18:10:08Z,2026-09-10T00:20:00Z,Seattle Seahawks,New England Patriots,SEA,NE,lowvig,h2h,Seattle Seahawks,-181.0,
8c94552d022acec4a0458d70c19d3da9,2026-09-04T18:10:08Z,2026-09-10T00:20:00Z,Seattle Seahawks,New England Patriots,SEA,NE,lowvig,spreads,New England Patriots,-110.0,3.5
8c94552d022acec4a0458d70c19d3da9,2026-09-04T18:10:08Z,2026-09-10T00:20:00Z,Seattle Seahawks,New England Patriots,SEA,NE,lowvig,spreads,Seattle Seahawks,100.0,-3.5
8c94552d022acec4a0458d70c19d3da9,2026-09-04T18:10:08Z,2026-09-10T00:20:00Z,Seattle Seahawks,New England Patriots,SEA,NE,lowvig,totals,Over,-102.0,44.5
8c94552d022acec4a0458d70c19d3da9,2026-09-04T18:10:08Z,2026-09-10T00:20:00Z,Seattle Seahawks,New England Patriots,SEA,NE,lowvig,totals,Under,-113.0,44.5
8c94552d022acec4a0458d70c19d3da9,2026-09-04T18:10:08Z,2026-09-10T00:20:00Z,Seattle Seahawks,New England Patriots,SEA,NE,betonlineag,h2h,New England Patriots,158.0,
8c94552d022acec4a0458d70c19d3da9,2026-09-04T18:10:08Z,2026-09-10T00:20:00Z,Seattle Seahawks,New England Patriots,SEA,NE,betonlineag,h2h,Seattle Seahawks,-181.0,
8c94552d022acec4a0458d70c19d3da9,2026-09-04T18:10:08Z,2026-09-10T00:20:00Z,Seattle Seahawks,New England Patriots,SEA,NE,betonlineag,spreads,New England Patriots,-115.0,3.5
8c94552d022acec4a0458d70c19d3da9,2026-09-04T18:10:08Z,2026-09-10T00:20:00Z,Seattle Seahawks,New England Patriots,SEA,NE,betonlineag,spreads,Seattle Seahawks,-105.0,-3.5
8c94552d022acec4a0458d70c19d3da9,2026-09-04T18:10:08Z,2026-09-10T00:20:00Z,Seattle Seahawks,New England Patriots,SEA,NE,betonlineag,totals,Over,-105.0,44.5
8c94552d022acec4a0458d70c19d3da9,2026-09-04T18:10:08Z,2026-09-10T00:20:00Z,Seattle Seahawks,New England Patriots,SEA,NE,betonlineag,totals,Under,-115.0,44.5
8c94552d022acec4a0458d70c19d3da9,2026-09-04T18:10:08Z,2026-09-10T00:20:00Z,Seattle Seahawks,New England Patriots,SEA,NE,betrivers,h2h,New England Patriots,160.0,
8c94552d022acec4a0458d70c19d3da9,2026-09-04T18:10:08Z,2026-09-10T00:20:00Z,Seattle Seahawks,New England Patriots,SEA,NE,betrivers,h2h,Seattle Seahawks,-200.0,
8c94552d022acec4a0458d70c19d3da9,2026-09-04T18:10:08Z,2026-09-10T00:20:00Z,Seattle Seahawks,New England Patriots,SEA,NE,betrivers,spreads,New England Patriots,-113.0,3.5
8c94552d022acec4a0458d70c19d3da9,2026-09-04T18:10:08Z,2026-09-10T00:20:00Z,Seattle Seahawks,New England Patriots,SEA,NE,betrivers,spreads,Seattle Seahawks,-108.0,-3.5
8c94552d022acec4a0458d70c19d3da9,2026-09-04T18:10:08Z,2026-09-10T00:20:00Z,Seattle Seahawks,New England Patriots,SEA,NE,betrivers,totals,Over,-110.0,44.5
8c94552d022acec4a0458d70c19d3da9,2026-09-04T18:10:08Z,2026-09-10T00:20:00Z,Seattle Seahawks,New England Patriots,SEA,NE,betrivers,totals,Under,-110.0,44.5
8c94552d022acec4a0458d70c19d3da9,2026-09-04T18:10:08Z,2026-09-10T00:20:00Z,Seattle Seahawks,New England Patriots,SEA,NE,betmgm,h2h,New England Patriots,160.0,
8c94552d022acec4a0458d70c19d3da9,2026-09-04T18:10:08Z,2026-09-10T00:20:00Z,Seattle Seahawks,New England Patriots,SEA,NE,betmgm,h2h,Seattle Seahawks,-200.0,
8c94552d022acec4a0458d70c19d3da9,2026-09-04T18:10:08Z,2026-09-10T00:20:00Z,Seattle Seahawks,New England Patriots,SEA,NE,betmgm,spreads,New England Patriots,-110.0,3.5
8c94552d022acec4a0458d70c19d3da9,2026-09-04T18:10:08Z,2026-09-10T00:20:00Z,Seattle Seahawks,New England Patriots,SEA,NE,betmgm,spreads,Seattle Seahawks,-108.0,-3.5
8c94552d022acec4a0458d70c19d3da9,2026-09-04T18:10:08Z,2026-09-10T00:20:00Z,Seattle Seahawks,New England Patriots,SEA,NE,betmgm,totals,Over,-108.0,44.5
8c94552d022acec4a0458d70c19d3da9,2026-09-04T18:10:08Z,2026-09-10T00:20:00Z,Seattle Seahawks,New England Patriots,SEA,NE,betmgm,totals,Under,-110.0,44.5
8c94552d022acec4a0458d70c19d3da9,2026-09-04T18:10:08Z,2026-09-10T00:20:00Z,Seattle Seahawks,New England Patriots,SEA,NE,bovada,h2h,New England Patriots,165.0,
8c94552d022acec4a0458d70c19d3da9,2026-09-04T18:10:08Z,2026-09-10T00:20:00Z,Seattle Seahawks,New England Patriots,SEA,NE,bovada,h2h,Seattle Seahawks,-195.0,
8c94552d022acec4a0458d70c19d3da9,2026-09-04T18:10:08Z,2026-09-10T00:20:00Z,Seattle Seahawks,New England Patriots,SEA,NE,bovada,spreads,New England Patriots,-110.0,3.5
8c94552d022acec4a0458d70c19d3da9,2026-09-04T18:10:08Z,2026-09-10T00:20:00Z,Seattle Seahawks,New England Patriots,SEA,NE,bovada,spreads,Seattle Seahawks,-110.0,-3.5
8c94552d022acec4a0458d70c19d3da9,2026-09-04T18:10:08Z,2026-09-10T00:20:00Z,Seattle Seahawks,New England Patriots,SEA,NE,bovada,totals,Over,-115.0,44.0
8c94552d022acec4a0458d70c19d3da9,2026-09-04T18:10:08Z,2026-09-10T00:20:00Z,Seattle Seahawks,New England Patriots,SEA,NE,bovada,totals,Under,-105.0,44.0
8c94552d022acec4a0458d70c19d3da9,2026-09-04T18:10:08Z,2026-09-10T00:20:00Z,Seattle Seahawks,New England Patriots,SEA,NE,mybookieag,h2h,New England Patriots,152.0,
8c94552d022acec4a0458d70c19d3da9,2026-09-04T18:10:08Z,2026-09-10T00:20:00Z,Seattle Seahawks,New England Patriots,SEA,NE,mybookieag,h2h,Seattle Seahawks,-197.0,
8c94552d022acec4a0458d70c19d3da9,2026-09-04T18:10:08Z,2026-09-10T00:20:00Z,Seattle Seahawks,New England Patriots,SEA,NE,mybookieag,spreads,New England Patriots,-110.0,3.5
8c94552d022acec4a0458d70c19d3da9,2026-09-04T18:10:08Z,2026-09-10T00:20:00Z,Seattle Seahawks,New England Patriots,SEA,NE,mybookieag,spreads,Seattle Seahawks,-110.0,-3.5
8c94552d022acec4a0458d70c19d3da9,2026-09-04T18:10:08Z,2026-09-10T00:20:00Z,Seattle Seahawks,New England Patriots,SEA,NE,mybookieag,totals,Over,-110.0,44.0
8c94552d022acec4a0458d70c19d3da9,2026-09-04T18:10:08Z,2026-09-10T00:20:00Z,Seattle Seahawks,New England Patriots,SEA,NE,mybookieag,totals,Under,-110.0,44.0
8c94552d022acec4a0458d70c19d3da9,2026-09-04T18:10:35Z,2026-09-10T00:20:00Z,Seattle Seahawks,New England Patriots,SEA,NE,draftkings,h2h,New England Patriots,154.0,
8c94552d022acec4a0458d70c19d3da9,2026-09-04T18:10:35Z,2026-09-10T00:20:00Z,Seattle Seahawks,New England Patriots,SEA,NE,draftkings,h2h,Seattle Seahawks,-185.0,
8c94552d022acec4a0458d70c19d3da9,2026-09-04T18:10:35Z,2026-09-10T00:20:00Z,Seattle Seahawks,New England Patriots,SEA,NE,draftkings,spreads,New England Patriots,-115.0,3.5
8c94552d022acec4a0458d70c19d3da9,2026-09-04T18:10:35Z,2026-09-10T00:20:00Z,Seattle Seahawks,New England Patriots,SEA,NE,draftkings,spreads,Seattle Seahawks,-105.0,-3.5
8c94552d022acec4a0458d70c19d3da9,2026-09-04T18:10:35Z,2026-09-10T00:20:00Z,Seattle Seahawks,New England Patriots,SEA,NE,draftkings,totals,Over,-105.0,44.5
8c94552d022acec4a0458d70c19d3da9,2026-09-04T18:10:35Z,2026-09-10T00:20:00Z,Seattle Seahawks,New England Patriots,SEA,NE,draftkings,totals,Under,-115.0,44.5
8c94552d022acec4a0458d70c19d3da9,2026-09-04T18:10:35Z,2026-09-10T00:20:00Z,Seattle Seahawks,New England Patriots,SEA,NE,betus,h2h,New England Patriots,155.0,
8c94552d022acec4a0458d70c19d3da9,2026-09-04T18:10:35Z,2026-09-10T00:20:00Z,Seattle Seahawks,New England Patriots,SEA,NE,betus,h2h,Seattle Seahawks,-180.0,
8c94552d022acec4a0458d70c19d3da9,2026-09-04T18:10:35Z,2026-09-10T00:20:00Z,Seattle Seahawks,New England Patriots,SEA,NE,betus,spreads,New England Patriots,-110.0,3.5
8c94552d022acec4a0458d70c19d3da9,2026-09-04T18:10:35Z,2026-09-10T00:20:00Z,Seattle Seahawks,New England Patriots,SEA,NE,betus,spreads,Seattle Seahawks,-110.0,-3.5
8c94552d022acec4a0458d70c19d3da9,2026-09-04T18:10:35Z,2026-09-10T00:20:00Z,Seattle Seahawks,New England Patriots,SEA,NE,betus,totals,Over,-110.0,44.0
8c94552d022acec4a0458d70c19d3da9,2026-09-04T18:10:35Z,2026-09-10T00:20:00Z,Seattle Seahawks,New England Patriots,SEA,NE,betus,totals,Under,-110.0,44.0
8c94552d022acec4a0458d70c19d3da9,2026-09-04T18:10:35Z,2026-09-10T00:20:00Z,Seattle Seahawks,New England Patriots,SEA,NE,fanduel,h2h,New England Patriots,166.0,
8c94552d022acec4a0458d70c19d3da9,2026-09-04T18:10:35Z,2026-09-10T00:20:00Z,Seattle Seahawks,New England Patriots,SEA,NE,fanduel,h2h,Seattle Seahawks,-198.0,
8c94552d022acec4a0458d70c19d3da9,2026-09-04T18:10:35Z,2026-09-10T00:20:00Z,Seattle Seahawks,New England Patriots,SEA,NE,fanduel,spreads,New England Patriots,-108.0,3.5
8c94552d022acec4a0458d70c19d3da9,2026-09-04T18:10:35Z,2026-09-10T00:20:00Z,Seattle Seahawks,New England Patriots,SEA,NE,fanduel,spreads,Seattle Seahawks,-112.0,-3.5
8c94552d022acec4a0458d70c19d3da9,2026-09-04T18:10:35Z,2026-09-10T00:20:00Z,Seattle Seahawks,New England Patriots,SEA,NE,fanduel,totals,Over,-110.0,44.5
8c94552d022acec4a0458d70c19d3da9,2026-09-04T18:10:35Z,2026-09-10T00:20:00Z,Seattle Seahawks,New England Patriots,SEA,NE,fanduel,totals,Under,-110.0,44.5
8c94552d022acec4a0458d70c19d3da9,2026-09-04T18:10:35Z,2026-09-10T00:20:00Z,Seattle Seahawks,New England Patriots,SEA,NE,lowvig,h2h,New England Patriots,158.0,
8c94552d022acec4a0458d70c19d3da9,2026-09-04T18:10:35Z,2026-09-10T00:20:00Z,Seattle Seahawks,New England Patriots,SEA,NE,lowvig,h2h,Seattle Seahawks,-181.0,
8c94552d022acec4a0458d70c19d3da9,2026-09-04T18:10:35Z,2026-09-10T00:20:00Z,Seattle Seahawks,New England Patriots,SEA,NE,lowvig,spreads,New England Patriots,-110.0,3.5
8c94552d022acec4a0458d70c19d3da9,2026-09-04T18:10:35Z,2026-09-10T00:20:00Z,Seattle Seahawks,New England Patriots,SEA,NE,lowvig,spreads,Seattle Seahawks,100.0,-3.5
8c94552d022acec4a0458d70c19d3da9,2026-09-04T18:10:35Z,2026-09-10T00:20:00Z,Seattle Seahawks,New England Patriots,SEA,NE,lowvig,totals,Over,-102.0,44.5
8c94552d022acec4a0458d70c19d3da9,2026-09-04T18:10:35Z,2026-09-10T00:20:00Z,Seattle Seahawks,New England Patriots,SEA,NE,lowvig,totals,Under,-113.0,44.5
8c94552d022acec4a0458d70c19d3da9,2026-09-04T18:10:35Z,2026-09-10T00:20:00Z,Seattle Seahawks,New England Patriots,SEA,NE,betonlineag,h2h,New England Patriots,158.0,
8c94552d022acec4a0458d70c19d3da9,2026-09-04T18:10:35Z,2026-09-10T00:20:00Z,Seattle Seahawks,New England Patriots,SEA,NE,betonlineag,h2h,Seattle Seahawks,-181.0,
8c94552d022acec4a0458d70c19d3da9,2026-09-04T18:10:35Z,2026-09-10T00:20:00Z,Seattle Seahawks,New England Patriots,SEA,NE,betonlineag,spreads,New England Patriots,-115.0,3.5
8c94552d022acec4a0458d70c19d3da9,2026-09-04T18:10:35Z,2026-09-10T00:20:00Z,Seattle Seahawks,New England Patriots,SEA,NE,betonlineag,spreads,Seattle Seahawks,-105.0,-3.5
8c94552d022acec4a0458d70c19d3da9,2026-09-04T18:10:35Z,2026-09-10T00:20:00Z,Seattle Seahawks,New England Patriots,SEA,NE,betonlineag,totals,Over,-105.0,44.5
8c94552d022acec4a0458d70c19d3da9,2026-09-04T18:10:35Z,2026-09-10T00:20:00Z,Seattle Seahawks,New England Patriots,SEA,NE,betonlineag,totals,Under,-115.0,44.5
8c94552d022acec4a0458d70c19d3da9,2026-09-04T18:10:35Z,2026-09-10T00:20:00Z,Seattle Seahawks,New England Patriots,SEA,NE,betrivers,h2h,New England Patriots,160.0,
8c94552d022acec4a0458d70c19d3da9,2026-09-04T18:10:35Z,2026-09-10T00:20:00Z,Seattle Seahawks,New England Patriots,SEA,NE,betrivers,h2h,Seattle Seahawks,-200.0,
8c94552d022acec4a0458d70c19d3da9,2026-09-04T18:10:35Z,2026-09-10T00:20:00Z,Seattle Seahawks,New England Patriots,SEA,NE,betrivers,spreads,New England Patriots,-113.0,3.5
8c94552d022acec4a0458d70c19d3da9,2026-09-04T18:10:35Z,2026-09-10T00:20:00Z,Seattle Seahawks,New England Patriots,SEA,NE,betrivers,spreads,Seattle Seahawks,-108.0,-3.5
8c94552d022acec4a0458d70c19d3da9,2026-09-04T18:10:35Z,2026-09-10T00:20:00Z,Seattle Seahawks,New England Patriots,SEA,NE,betrivers,totals,Over,-110.0,44.5
8c94552d022acec4a0458d70c19d3da9,2026-09-04T18:10:35Z,2026-09-10T00:20:00Z,Seattle Seahawks,New England Patriots,SEA,NE,betrivers,totals,Under,-110.0,44.5
8c94552d022acec4a0458d70c19d3da9,2026-09-04T18:10:35Z,2026-09-10T00:20:00Z,Seattle Seahawks,New England Patriots,SEA,NE,betmgm,h2h,New England Patriots,160.0,
8c94552d022acec4a0458d70c19d3da9,2026-09-04T18:10:35Z,2026-09-10T00:20:00Z,Seattle Seahawks,New England Patriots,SEA,NE,betmgm,h2h,Seattle Seahawks,-200.0,
8c94552d022acec4a0458d70c19d3da9,2026-09-04T18:10:35Z,2026-09-10T00:20:00Z,Seattle Seahawks,New England Patriots,SEA,NE,betmgm,spreads,New England Patriots,-110.0,3.5
8c94552d022acec4a0458d70c19d3da9,2026-09-04T18:10:35Z,2026-09-10T00:20:00Z,Seattle Seahawks,New England Patriots,SEA,NE,betmgm,spreads,Seattle Seahawks,-108.0,-3.5
8c94552d022acec4a0458d70c19d3da9,2026-09-04T18:10:35Z,2026-09-10T00:20:00Z,Seattle Seahawks,New England Patriots,SEA,NE,betmgm,totals,Over,-108.0,44.5
8c94552d022acec4a0458d70c19d3da9,2026-09-04T18:10:35Z,2026-09-10T00:20:00Z,Seattle Seahawks,New England Patriots,SEA,NE,betmgm,totals,Under,-110.0,44.5
8c94552d022acec4a0458d70c19d3da9,2026-09-04T18:10:35Z,2026-09-10T00:20:00Z,Seattle Seahawks,New England Patriots,SEA,NE,bovada,h2h,New England Patriots,165.0,
8c94552d022acec4a0458d70c19d3da9,2026-09-04T18:10:35Z,2026-09-10T00:20:00Z,Seattle Seahawks,New England Patriots,SEA,NE,bovada,h2h,Seattle Seahawks,-195.0,
8c94552d022acec4a0458d70c19d3da9,2026-09-04T18:10:35Z,2026-09-10T00:20:00Z,Seattle Seahawks,New England Patriots,SEA,NE,bovada,spreads,New England Patriots,-110.0,3.5
8c94552d022acec4a0458d70c19d3da9,2026-09-04T18:10:35Z,2026-09-10T00:20:00Z,Seattle Seahawks,New England Patriots,SEA,NE,bovada,spreads,Seattle Seahawks,-110.0,-3.5
8c94552d022acec4a0458d70c19d3da9,2026-09-04T18:10:35Z,2026-09-10T00:20:00Z,Seattle Seahawks,New England Patriots,SEA,NE,bovada,totals,Over,-115.0,44.0
8c94552d022acec4a0458d70c19d3da9,2026-09-04T18:10:35Z,2026-09-10T00:20:00Z,Seattle Seahawks,New England Patriots,SEA,NE,bovada,totals,Under,-105.0,44.0
8c94552d022acec4a0458d70c19d3da9,2026-09-04T18:10:35Z,2026-09-10T00:20:00Z,Seattle Seahawks,New England Patriots,SEA,NE,mybookieag,h2h,New England Patriots,152.0,
8c94552d022acec4a0458d70c19d3da9,2026-09-04T18:10:35Z,2026-09-10T00:20:00Z,Seattle Seahawks,New England Patriots,SEA,NE,mybookieag,h2h,Seattle Seahawks,-197.0,
8c94552d022acec4a0458d70c19d3da9,2026-09-04T18:10:35Z,2026-09-10T00:20:00Z,Seattle Seahawks,New England Patriots,SEA,NE,mybookieag,spreads,New England Patriots,-110.0,3.5
8c94552d022acec4a0458d70c19d3da9,2026-09-04T18:10:35Z,2026-09-10T00:20:00Z,Seattle Seahawks,New England Patriots,SEA,NE,mybookieag,spreads,Seattle Seahawks,-110.0,-3.5
8c94552d022acec4a0458d70c19d3da9,2026-09-04T18:10:35Z,2026-09-10T00:20:00Z,Seattle Seahawks,New England Patriots,SEA,NE,mybookieag,totals,Over,-110.0,44.0
8c94552d022acec4a0458d70c19d3da9,2026-09-04T18:10:35Z,2026-09-10T00:20:00Z,Seattle Seahawks,New England Patriots,SEA,NE,mybookieag,totals,Under,-110.0,44.0
8c94552d022acec4a0458d70c19d3da9,2026-09-04T20:11:22Z,2026-09-10T00:20:00Z,Seattle Seahawks,New England Patriots,SEA,NE,draftkings,h2h,New England Patriots,154.0,
8c94552d022acec4a0458d70c19d3da9,2026-09-04T20:11:22Z,2026-09-10T00:20:00Z,Seattle Seahawks,New England Patriots,SEA,NE,draftkings,h2h,Seattle Seahawks,-185.0,
8c94552d022acec4a0458d70c19d3da9,2026-09-04T20:11:22Z,2026-09-10T00:20:00Z,Seattle Seahawks,New England Patriots,SEA,NE,draftkings,spreads,New England Patriots,-115.0,3.5
8c94552d022acec4a0458d70c19d3da9,2026-09-04T20:11:22Z,2026-09-10T00:20:00Z,Seattle Seahawks,New England Patriots,SEA,NE,draftkings,spreads,Seattle Seahawks,-105.0,-3.5
8c94552d022acec4a0458d70c19d3da9,2026-09-04T20:11:22Z,2026-09-10T00:20:00Z,Seattle Seahawks,New England Patriots,SEA,NE,draftkings,totals,Over,-105.0,44.5
8c94552d022acec4a0458d70c19d3da9,2026-09-04T20:11:22Z,2026-09-10T00:20:00Z,Seattle Seahawks,New England Patriots,SEA,NE,draftkings,totals,Under,-115.0,44.5
8c94552d022acec4a0458d70c19d3da9,2026-09-04T20:11:22Z,2026-09-10T00:20:00Z,Seattle Seahawks,New England Patriots,SEA,NE,betus,h2h,New England Patriots,155.0,
8c94552d022acec4a0458d70c19d3da9,2026-09-04T20:11:22Z,2026-09-10T00:20:00Z,Seattle Seahawks,New England Patriots,SEA,NE,betus,h2h,Seattle Seahawks,-180.0,
8c94552d022acec4a0458d70c19d3da9,2026-09-04T20:11:22Z,2026-09-10T00:20:00Z,Seattle Seahawks,New England Patriots,SEA,NE,betus,spreads,New England Patriots,-110.0,3.5
8c94552d022acec4a0458d70c19d3da9,2026-09-04T20:11:22Z,2026-09-10T00:20:00Z,Seattle Seahawks,New England Patriots,SEA,NE,betus,spreads,Seattle Seahawks,-110.0,-3.5
8c94552d022acec4a0458d70c19d3da9,2026-09-04T20:11:22Z,2026-09-10T00:20:00Z,Seattle Seahawks,New England Patriots,SEA,NE,betus,totals,Over,-110.0,44.0
8c94552d022acec4a0458d70c19d3da9,2026-09-04T20:11:22Z,2026-09-10T00:20:00Z,Seattle Seahawks,New England Patriots,SEA,NE,betus,totals,Under,-110.0,44.0
8c94552d022acec4a0458d70c19d3da9,2026-09-04T20:11:22Z,2026-09-10T00:20:00Z,Seattle Seahawks,New England Patriots,SEA,NE,fanduel,h2h,New England Patriots,166.0,
8c94552d022acec4a0458d70c19d3da9,2026-09-04T20:11:22Z,2026-09-10T00:20:00Z,Seattle Seahawks,New England Patriots,SEA,NE,fanduel,h2h,Seattle Seahawks,-198.0,
8c94552d022acec4a0458d70c19d3da9,2026-09-04T20:11:22Z,2026-09-10T00:20:00Z,Seattle Seahawks,New England Patriots,SEA,NE,fanduel,spreads,New England Patriots,-108.0,3.5
8c94552d022acec4a0458d70c19d3da9,2026-09-04T20:11:22Z,2026-09-10T00:20:00Z,Seattle Seahawks,New England Patriots,SEA,NE,fanduel,spreads,Seattle Seahawks,-112.0,-3.5
8c94552d022acec4a0458d70c19d3da9,2026-09-04T20:11:22Z,2026-09-10T00:20:00Z,Seattle Seahawks,New England Patriots,SEA,NE,fanduel,totals,Over,-110.0,44.5
8c94552d022acec4a0458d70c19d3da9,2026-09-04T20:11:22Z,2026-09-10T00:20:00Z,Seattle Seahawks,New England Patriots,SEA,NE,fanduel,totals,Under,-110.0,44.5
8c94552d022acec4a0458d70c19d3da9,2026-09-04T20:11:22Z,2026-09-10T00:20:00Z,Seattle Seahawks,New England Patriots,SEA,NE,lowvig,h2h,New England Patriots,158.0,
8c94552d022acec4a0458d70c19d3da9,2026-09-04T20:11:22Z,2026-09-10T00:20:00Z,Seattle Seahawks,New England Patriots,SEA,NE,lowvig,h2h,Seattle Seahawks,-181.0,
8c94552d022acec4a0458d70c19d3da9,2026-09-04T20:11:22Z,2026-09-10T00:20:00Z,Seattle Seahawks,New England Patriots,SEA,NE,lowvig,spreads,New England Patriots,-110.0,3.5
8c94552d022acec4a0458d70c19d3da9,2026-09-04T20:11:22Z,2026-09-10T00:20:00Z,Seattle Seahawks,New England Patriots,SEA,NE,lowvig,spreads,Seattle Seahawks,100.0,-3.5
8c94552d022acec4a0458d70c19d3da9,2026-09-04T20:11:22Z,2026-09-10T00:20:00Z,Seattle Seahawks,New England Patriots,SEA,NE,lowvig,totals,Over,-102.0,44.5
8c94552d022acec4a0458d70c19d3da9,2026-09-04T20:11:22Z,2026-09-10T00:20:00Z,Seattle Seahawks,New England Patriots,SEA,NE,lowvig,totals,Under,-113.0,44.5
8c94552d022acec4a0458d70c19d3da9,2026-09-04T20:11:22Z,2026-09-10T00:20:00Z,Seattle Seahawks,New England Patriots,SEA,NE,betonlineag,h2h,New England Patriots,158.0,
8c94552d022acec4a0458d70c19d3da9,2026-09-04T20:11:22Z,2026-09-10T00:20:00Z,Seattle Seahawks,New England Patriots,SEA,NE,betonlineag,h2h,Seattle Seahawks,-181.0,
8c94552d022acec4a0458d70c19d3da9,2026-09-04T20:11:22Z,2026-09-10T00:20:00Z,Seattle Seahawks,New England Patriots,SEA,NE,betonlineag,spreads,New England Patriots,-115.0,3.5
8c94552d022acec4a0458d70c19d3da9,2026-09-04T20:11:22Z,2026-09-10T00:20:00Z,Seattle Seahawks,New England Patriots,SEA,NE,betonlineag,spreads,Seattle Seahawks,-105.0,-3.5
8c94552d022acec4a0458d70c19d3da9,2026-09-04T20:11:22Z,2026-09-10T00:20:00Z,Seattle Seahawks,New England Patriots,SEA,NE,betonlineag,totals,Over,-105.0,44.5
8c94552d022acec4a0458d70c19d3da9,2026-09-04T20:11:22Z,2026-09-10T00:20:00Z,Seattle Seahawks,New England Patriots,SEA,NE,betonlineag,totals,Under,-115.0,44.5
8c94552d022acec4a0458d70c19d3da9,2026-09-04T20:11:22Z,2026-09-10T00:20:00Z,Seattle Seahawks,New England Patriots,SEA,NE,betrivers,h2h,New England Patriots,160.0,
8c94552d022acec4a0458d70c19d3da9,2026-09-04T20:11:22Z,2026-09-10T00:20:00Z,Seattle Seahawks,New England Patriots,SEA,NE,betrivers,h2h,Seattle Seahawks,-200.0,
8c94552d022acec4a0458d70c19d3da9,2026-09-04T20:11:22Z,2026-09-10T00:20:00Z,Seattle Seahawks,New England Patriots,SEA,NE,betrivers,spreads,New England Patriots,-113.0,3.5
8c94552d022acec4a0458d70c19d3da9,2026-09-04T20:11:22Z,2026-09-10T00:20:00Z,Seattle Seahawks,New England Patriots,SEA,NE,betrivers,spreads,Seattle Seahawks,-108.0,-3.5
8c94552d022acec4a0458d70c19d3da9,2026-09-04T20:11:22Z,2026-09-10T00:20:00Z,Seattle Seahawks,New England Patriots,SEA,NE,betrivers,totals,Over,-110.0,44.5
8c94552d022acec4a0458d70c19d3da9,2026-09-04T20:11:22Z,2026-09-10T00:20:00Z,Seattle Seahawks,New England Patriots,SEA,NE,betrivers,totals,Under,-110.0,44.5
8c94552d022acec4a0458d70c19d3da9,2026-09-04T20:11:22Z,2026-09-10T00:20:00Z,Seattle Seahawks,New England Patriots,SEA,NE,betmgm,h2h,New England Patriots,160.0,
8c94552d022acec4a0458d70c19d3da9,2026-09-04T20:11:22Z,2026-09-10T00:20:00Z,Seattle Seahawks,New England Patriots,SEA,NE,betmgm,h2h,Seattle Seahawks,-200.0,
8c94552d022acec4a0458d70c19d3da9,2026-09-04T20:11:22Z,2026-09-10T00:20:00Z,Seattle Seahawks,New England Patriots,SEA,NE,betmgm,spreads,New England Patriots,-110.0,3.5
8c94552d022acec4a0458d70c19d3da9,2026-09-04T20:11:22Z,2026-09-10T00:20:00Z,Seattle Seahawks,New England Patriots,SEA,NE,betmgm,spreads,Seattle Seahawks,-108.0,-3.5
8c94552d022acec4a0458d70c19d3da9,2026-09-04T20:11:22Z,2026-09-10T00:20:00Z,Seattle Seahawks,New England Patriots,SEA,NE,betmgm,totals,Over,-108.0,44.5
8c94552d022acec4a0458d70c19d3da9,2026-09-04T20:11:22Z,2026-09-10T00:20:00Z,Seattle Seahawks,New England Patriots,SEA,NE,betmgm,totals,Under,-110.0,44.5
8c94552d022acec4a0458d70c19d3da9,2026-09-04T20:11:22Z,2026-09-10T00:20:00Z,Seattle Seahawks,New England Patriots,SEA,NE,bovada,h2h,New England Patriots,165.0,
8c94552d022acec4a0458d70c19d3da9,2026-09-04T20:11:22Z,2026-09-10T00:20:00Z,Seattle Seahawks,New England Patriots,SEA,NE,bovada,h2h,Seattle Seahawks,-195.0,
8c94552d022acec4a0458d70c19d3da9,2026-09-04T20:11:22Z,2026-09-10T00:20:00Z,Seattle Seahawks,New England Patriots,SEA,NE,bovada,spreads,New England Patriots,-110.0,3.5
8c94552d022acec4a0458d70c19d3da9,2026-09-04T20:11:22Z,2026-09-10T00:20:00Z,Seattle Seahawks,New England Patriots,SEA,NE,bovada,spreads,Seattle Seahawks,-110.0,-3.5
8c94552d022acec4a0458d70c19d3da9,2026-09-04T20:11:22Z,2026-09-10T00:20:00Z,Seattle Seahawks,New England Patriots,SEA,NE,bovada,totals,Over,-115.0,44.0
8c94552d022acec4a0458d70c19d3da9,2026-09-04T20:11:22Z,2026-09-10T00:20:00Z,Seattle Seahawks,New England Patriots,SEA,NE,bovada,totals,Under,-105.0,44.0
8c94552d022acec4a0458d70c19d3da9,2026-09-04T20:11:22Z,2026-09-10T00:20:00Z,Seattle Seahawks,New England Patriots,SEA,NE,mybookieag,h2h,New England Patriots,152.0,
8c94552d022acec4a0458d70c19d3da9,2026-09-04T20:11:22Z,2026-09-10T00:20:00Z,Seattle Seahawks,New England Patriots,SEA,NE,mybookieag,h2h,Seattle Seahawks,-197.0,
8c94552d022acec4a0458d70c19d3da9,2026-09-04T20:11:22Z,2026-09-10T00:20:00Z,Seattle Seahawks,New England Patriots,SEA,NE,mybookieag,spreads,New England Patriots,-110.0,3.5
8c94552d022acec4a0458d70c19d3da9,2026-09-04T20:11:22Z,2026-09-10T00:20:00Z,Seattle Seahawks,New England Patriots,SEA,NE,mybookieag,spreads,Seattle Seahawks,-110.0,-3.5
8c94552d022acec4a0458d70c19d3da9,2026-09-04T20:11:22Z,2026-09-10T00:20:00Z,Seattle Seahawks,New England Patriots,SEA,NE,mybookieag,totals,Over,-110.0,44.0
8c94552d022acec4a0458d70c19d3da9,2026-09-04T20:11:22Z,2026-09-10T00:20:00Z,Seattle Seahawks,New England Patriots,SEA,NE,mybookieag,totals,Under,-110.0,44.0
8c94552d022acec4a0458d70c19d3da9,2026-09-04T20:18:58Z,2026-09-10T00:20:00Z,Seattle Seahawks,New England Patriots,SEA,NE,draftkings,h2h,New England Patriots,154.0,
8c94552d022acec4a0458d70c19d3da9,2026-09-04T20:18:58Z,2026-09-10T00:20:00Z,Seattle Seahawks,New England Patriots,SEA,NE,draftkings,h2h,Seattle Seahawks,-185.0,
8c94552d022acec4a0458d70c19d3da9,2026-09-04T20:18:58Z,2026-09-10T00:20:00Z,Seattle Seahawks,New England Patriots,SEA,NE,draftkings,spreads,New England Patriots,-115.0,3.5
8c94552d022acec4a0458d70c19d3da9,2026-09-04T20:18:58Z,2026-09-10T00:20:00Z,Seattle Seahawks,New England Patriots,SEA,NE,draftkings,spreads,Seattle Seahawks,-105.0,-3.5
8c94552d022acec4a0458d70c19d3da9,2026-09-04T20:18:58Z,2026-09-10T00:20:00Z,Seattle Seahawks,New England Patriots,SEA,NE,draftkings,totals,Over,-105.0,44.5
8c94552d022acec4a0458d70c19d3da9,2026-09-04T20:18:58Z,2026-09-10T00:20:00Z,Seattle Seahawks,New England Patriots,SEA,NE,draftkings,totals,Under,-115.0,44.5
8c94552d022acec4a0458d70c19d3da9,2026-09-04T20:18:58Z,2026-09-10T00:20:00Z,Seattle Seahawks,New England Patriots,SEA,NE,betus,h2h,New England Patriots,155.0,
8c94552d022acec4a0458d70c19d3da9,2026-09-04T20:18:58Z,2026-09-10T00:20:00Z,Seattle Seahawks,New England Patriots,SEA,NE,betus,h2h,Seattle Seahawks,-180.0,
8c94552d022acec4a0458d70c19d3da9,2026-09-04T20:18:58Z,2026-09-10T00:20:00Z,Seattle Seahawks,New England Patriots,SEA,NE,betus,spreads,New England Patriots,-110.0,3.5
8c94552d022acec4a0458d70c19d3da9,2026-09-04T20:18:58Z,2026-09-10T00:20:00Z,Seattle Seahawks,New England Patriots,SEA,NE,betus,spreads,Seattle Seahawks,-110.0,-3.5
8c94552d022acec4a0458d70c19d3da9,2026-09-04T20:18:58Z,2026-09-10T00:20:00Z,Seattle Seahawks,New England Patriots,SEA,NE,betus,totals,Over,-110.0,44.0
8c94552d022acec4a0458d70c19d3da9,2026-09-04T20:18:58Z,2026-09-10T00:20:00Z,Seattle Seahawks,New England Patriots,SEA,NE,betus,totals,Under,-110.0,44.0
8c94552d022acec4a0458d70c19d3da9,2026-09-04T20:18:58Z,2026-09-10T00:20:00Z,Seattle Seahawks,New England Patriots,SEA,NE,fanduel,h2h,New England Patriots,166.0,
8c94552d022acec4a0458d70c19d3da9,2026-09-04T20:18:58Z,2026-09-10T00:20:00Z,Seattle Seahawks,New England Patriots,SEA,NE,fanduel,h2h,Seattle Seahawks,-198.0,
8c94552d022acec4a0458d70c19d3da9,2026-09-04T20:18:58Z,2026-09-10T00:20:00Z,Seattle Seahawks,New England Patriots,SEA,NE,fanduel,spreads,New England Patriots,-108.0,3.5
8c94552d022acec4a0458d70c19d3da9,2026-09-04T20:18:58Z,2026-09-10T00:20:00Z,Seattle Seahawks,New England Patriots,SEA,NE,fanduel,spreads,Seattle Seahawks,-112.0,-3.5
8c94552d022acec4a0458d70c19d3da9,2026-09-04T20:18:58Z,2026-09-10T00:20:00Z,Seattle Seahawks,New England Patriots,SEA,NE,fanduel,totals,Over,-110.0,44.5
8c94552d022acec4a0458d70c19d3da9,2026-09-04T20:18:58Z,2026-09-10T00:20:00Z,Seattle Seahawks,New England Patriots,SEA,NE,fanduel,totals,Under,-110.0,44.5
8c94552d022acec4a0458d70c19d3da9,2026-09-04T20:18:58Z,2026-09-10T00:20:00Z,Seattle Seahawks,New England Patriots,SEA,NE,lowvig,h2h,New England Patriots,158.0,
8c94552d022acec4a0458d70c19d3da9,2026-09-04T20:18:58Z,2026-09-10T00:20:00Z,Seattle Seahawks,New England Patriots,SEA,NE,lowvig,h2h,Seattle Seahawks,-181.0,
8c94552d022acec4a0458d70c19d3da9,2026-09-04T20:18:58Z,2026-09-10T00:20:00Z,Seattle Seahawks,New England Patriots,SEA,NE,lowvig,spreads,New England Patriots,-110.0,3.5
8c94552d022acec4a0458d70c19d3da9,2026-09-04T20:18:58Z,2026-09-10T00:20:00Z,Seattle Seahawks,New England Patriots,SEA,NE,lowvig,spreads,Seattle Seahawks,100.0,-3.5
8c94552d022acec4a0458d70c19d3da9,2026-09-04T20:18:58Z,2026-09-10T00:20:00Z,Seattle Seahawks,New England Patriots,SEA,NE,lowvig,totals,Over,-102.0,44.5
8c94552d022acec4a0458d70c19d3da9,2026-09-04T20:18:58Z,2026-09-10T00:20:00Z,Seattle Seahawks,New England Patriots,SEA,NE,lowvig,totals,Under,-113.0,44.5
8c94552d022acec4a0458d70c19d3da9,2026-09-04T20:18:58Z,2026-09-10T00:20:00Z,Seattle Seahawks,New England Patriots,SEA,NE,betonlineag,h2h,New England Patriots,158.0,
8c94552d022acec4a0458d70c19d3da9,2026-09-04T20:18:58Z,2026-09-10T00:20:00Z,Seattle Seahawks,New England Patriots,SEA,NE,betonlineag,h2h,Seattle Seahawks,-181.0,
8c94552d022acec4a0458d70c19d3da9,2026-09-04T20:18:58Z,2026-09-10T00:20:00Z,Seattle Seahawks,New England Patriots,SEA,NE,betonlineag,spreads,New England Patriots,-115.0,3.5
8c94552d022acec4a0458d70c19d3da9,2026-09-04T20:18:58Z,2026-09-10T00:20:00Z,Seattle Seahawks,New England Patriots,SEA,NE,betonlineag,spreads,Seattle Seahawks,-105.0,-3.5
8c94552d022acec4a0458d70c19d3da9,2026-09-04T20:18:58Z,2026-09-10T00:20:00Z,Seattle Seahawks,New England Patriots,SEA,NE,betonlineag,totals,Over,-105.0,44.5
8c94552d022acec4a0458d70c19d3da9,2026-09-04T20:18:58Z,2026-09-10T00:20:00Z,Seattle Seahawks,New England Patriots,SEA,NE,betonlineag,totals,Under,-115.0,44.5
8c94552d022acec4a0458d70c19d3da9,2026-09-04T20:18:58Z,2026-09-10T00:20:00Z,Seattle Seahawks,New England Patriots,SEA,NE,betrivers,h2h,New England Patriots,160.0,
8c94552d022acec4a0458d70c19d3da9,2026-09-04T20:18:58Z,2026-09-10T00:20:00Z,Seattle Seahawks,New England Patriots,SEA,NE,betrivers,h2h,Seattle Seahawks,-200.0,
8c94552d022acec4a0458d70c19d3da9,2026-09-04T20:18:58Z,2026-09-10T00:20:00Z,Seattle Seahawks,New England Patriots,SEA,NE,betrivers,spreads,New England Patriots,-113.0,3.5
8c94552d022acec4a0458d70c19d3da9,2026-09-04T20:18:58Z,2026-09-10T00:20:00Z,Seattle Seahawks,New England Patriots,SEA,NE,betrivers,spreads,Seattle Seahawks,-108.0,-3.5
8c94552d022acec4a0458d70c19d3da9,2026-09-04T20:18:58Z,2026-09-10T00:20:00Z,Seattle Seahawks,New England Patriots,SEA,NE,betrivers,totals,Over,-110.0,44.5
8c94552d022acec4a0458d70c19d3da9,2026-09-04T20:18:58Z,2026-09-10T00:20:00Z,Seattle Seahawks,New England Patriots,SEA,NE,betrivers,totals,Under,-110.0,44.5
8c94552d022acec4a0458d70c19d3da9,2026-09-04T20:18:58Z,2026-09-10T00:20:00Z,Seattle Seahawks,New England Patriots,SEA,NE,betmgm,h2h,New England Patriots,160.0,
8c94552d022acec4a0458d70c19d3da9,2026-09-04T20:18:58Z,2026-09-10T00:20:00Z,Seattle Seahawks,New England Patriots,SEA,NE,betmgm,h2h,Seattle Seahawks,-200.0,
8c94552d022acec4a0458d70c19d3da9,2026-09-04T20:18:58Z,2026-09-10T00:20:00Z,Seattle Seahawks,New England Patriots,SEA,NE,betmgm,spreads,New England Patriots,-110.0,3.5
8c94552d022acec4a0458d70c19d3da9,2026-09-04T20:18:58Z,2026-09-10T00:20:00Z,Seattle Seahawks,New England Patriots,SEA,NE,betmgm,spreads,Seattle Seahawks,-108.0,-3.5
8c94552d022acec4a0458d70c19d3da9,2026-09-04T20:18:58Z,2026-09-10T00:20:00Z,Seattle Seahawks,New England Patriots,SEA,NE,betmgm,totals,Over,-108.0,44.5
8c94552d022acec4a0458d70c19d3da9,2026-09-04T20:18:58Z,2026-09-10T00:20:00Z,Seattle Seahawks,New England Patriots,SEA,NE,betmgm,totals,Under,-110.0,44.5
8c94552d022acec4a0458d70c19d3da9,2026-09-04T20:18:58Z,2026-09-10T00:20:00Z,Seattle Seahawks,New England Patriots,SEA,NE,bovada,h2h,New England Patriots,165.0,
8c94552d022acec4a0458d70c19d3da9,2026-09-04T20:18:58Z,2026-09-10T00:20:00Z,Seattle Seahawks,New England Patriots,SEA,NE,bovada,h2h,Seattle Seahawks,-195.0,
8c94552d022acec4a0458d70c19d3da9,2026-09-04T20:18:58Z,2026-09-10T00:20:00Z,Seattle Seahawks,New England Patriots,SEA,NE,bovada,spreads,New England Patriots,-110.0,3.5
8c94552d022acec4a0458d70c19d3da9,2026-09-04T20:18:58Z,2026-09-10T00:20:00Z,Seattle Seahawks,New England Patriots,SEA,NE,bovada,spreads,Seattle Seahawks,-110.0,-3.5
8c94552d022acec4a0458d70c19d3da9,2026-09-04T20:18:58Z,2026-09-10T00:20:00Z,Seattle Seahawks,New England Patriots,SEA,NE,bovada,totals,Over,-115.0,44.0
8c94552d022acec4a0458d70c19d3da9,2026-09-04T20:18:58Z,2026-09-10T00:20:00Z,Seattle Seahawks,New England Patriots,SEA,NE,bovada,totals,Under,-105.0,44.0
8c94552d022acec4a0458d70c19d3da9,2026-09-04T20:18:58Z,2026-09-10T00:20:00Z,Seattle Seahawks,New England Patriots,SEA,NE,mybookieag,h2h,New England Patriots,152.0,
8c94552d022acec4a0458d70c19d3da9,2026-09-04T20:18:58Z,2026-09-10T00:20:00Z,Seattle Seahawks,New England Patriots,SEA,NE,mybookieag,h2h,Seattle Seahawks,-197.0,
8c94552d022acec4a0458d70c19d3da9,2026-09-04T20:18:58Z,2026-09-10T00:20:00Z,Seattle Seahawks,New England Patriots,SEA,NE,mybookieag,spreads,New England Patriots,-110.0,3.5
8c94552d022acec4a0458d70c19d3da9,2026-09-04T20:18:58Z,2026-09-10T00:20:00Z,Seattle Seahawks,New England Patriots,SEA,NE,mybookieag,spreads,Seattle Seahawks,-110.0,-3.5
8c94552d022acec4a0458d70c19d3da9,2026-09-04T20:18:58Z,2026-09-10T00:20:00Z,Seattle Seahawks,New England Patriots,SEA,NE,mybookieag,totals,Over,-110.0,44.0
8c94552d022acec4a0458d70c19d3da9,2026-09-04T20:18:58Z,2026-09-10T00:20:00Z,Seattle Seahawks,New England Patriots,SEA,NE,mybookieag,totals,Under,-110.0,44.0
8c94552d022acec4a0458d70c19d3da9,2026-09-05T15:48:52Z,2026-09-10T00:20:00Z,Seattle Seahawks,New England Patriots,SEA,NE,draftkings,h2h,New England Patriots,150.0,
8c94552d022acec4a0458d70c19d3da9,2026-09-05T15:48:52Z,2026-09-10T00:20:00Z,Seattle Seahawks,New England Patriots,SEA,NE,draftkings,h2h,Seattle Seahawks,-180.0,
8c94552d022acec4a0458d70c19d3da9,2026-09-05T15:48:52Z,2026-09-10T00:20:00Z,Seattle Seahawks,New England Patriots,SEA,NE,draftkings,spreads,New England Patriots,-115.0,3.5
8c94552d022acec4a0458d70c19d3da9,2026-09-05T15:48:52Z,2026-09-10T00:20:00Z,Seattle Seahawks,New England Patriots,SEA,NE,draftkings,spreads,Seattle Seahawks,-105.0,-3.5
8c94552d022acec4a0458d70c19d3da9,2026-09-05T15:48:52Z,2026-09-10T00:20:00Z,Seattle Seahawks,New England Patriots,SEA,NE,draftkings,totals,Over,-105.0,44.5
8c94552d022acec4a0458d70c19d3da9,2026-09-05T15:48:52Z,2026-09-10T00:20:00Z,Seattle Seahawks,New England Patriots,SEA,NE,draftkings,totals,Under,-115.0,44.5
8c94552d022acec4a0458d70c19d3da9,2026-09-05T15:48:52Z,2026-09-10T00:20:00Z,Seattle Seahawks,New England Patriots,SEA,NE,betus,h2h,New England Patriots,155.0,
8c94552d022acec4a0458d70c19d3da9,2026-09-05T15:48:52Z,2026-09-10T00:20:00Z,Seattle Seahawks,New England Patriots,SEA,NE,betus,h2h,Seattle Seahawks,-180.0,
8c94552d022acec4a0458d70c19d3da9,2026-09-05T15:48:52Z,2026-09-10T00:20:00Z,Seattle Seahawks,New England Patriots,SEA,NE,betus,spreads,New England Patriots,-110.0,3.5
8c94552d022acec4a0458d70c19d3da9,2026-09-05T15:48:52Z,2026-09-10T00:20:00Z,Seattle Seahawks,New England Patriots,SEA,NE,betus,spreads,Seattle Seahawks,-110.0,-3.5
8c94552d022acec4a0458d70c19d3da9,2026-09-05T15:48:52Z,2026-09-10T00:20:00Z,Seattle Seahawks,New England Patriots,SEA,NE,betus,totals,Over,-110.0,44.0
8c94552d022acec4a0458d70c19d3da9,2026-09-05T15:48:52Z,2026-09-10T00:20:00Z,Seattle Seahawks,New England Patriots,SEA,NE,betus,totals,Under,-110.0,44.0
8c94552d022acec4a0458d70c19d3da9,2026-09-05T15:48:52Z,2026-09-10T00:20:00Z,Seattle Seahawks,New England Patriots,SEA,NE,fanduel,h2h,New England Patriots,154.0,
8c94552d022acec4a0458d70c19d3da9,2026-09-05T15:48:52Z,2026-09-10T00:20:00Z,Seattle Seahawks,New England Patriots,SEA,NE,fanduel,h2h,Seattle Seahawks,-184.0,
8c94552d022acec4a0458d70c19d3da9,2026-09-05T15:48:52Z,2026-09-10T00:20:00Z,Seattle Seahawks,New England Patriots,SEA,NE,fanduel,spreads,New England Patriots,-114.0,3.5
8c94552d022acec4a0458d70c19d3da9,2026-09-05T15:48:52Z,2026-09-10T00:20:00Z,Seattle Seahawks,New England Patriots,SEA,NE,fanduel,spreads,Seattle Seahawks,-106.0,-3.5
8c94552d022acec4a0458d70c19d3da9,2026-09-05T15:48:52Z,2026-09-10T00:20:00Z,Seattle Seahawks,New England Patriots,SEA,NE,fanduel,totals,Over,-110.0,44.5
8c94552d022acec4a0458d70c19d3da9,2026-09-05T15:48:52Z,2026-09-10T00:20:00Z,Seattle Seahawks,New England Patriots,SEA,NE,fanduel,totals,Under,-110.0,44.5
8c94552d022acec4a0458d70c19d3da9,2026-09-05T15:48:52Z,2026-09-10T00:20:00Z,Seattle Seahawks,New England Patriots,SEA,NE,lowvig,h2h,New England Patriots,158.0,
8c94552d022acec4a0458d70c19d3da9,2026-09-05T15:48:52Z,2026-09-10T00:20:00Z,Seattle Seahawks,New England Patriots,SEA,NE,lowvig,h2h,Seattle Seahawks,-181.0,
8c94552d022acec4a0458d70c19d3da9,2026-09-05T15:48:52Z,2026-09-10T00:20:00Z,Seattle Seahawks,New England Patriots,SEA,NE,lowvig,spreads,New England Patriots,-110.0,3.5
8c94552d022acec4a0458d70c19d3da9,2026-09-05T15:48:52Z,2026-09-10T00:20:00Z,Seattle Seahawks,New England Patriots,SEA,NE,lowvig,spreads,Seattle Seahawks,100.0,-3.5
8c94552d022acec4a0458d70c19d3da9,2026-09-05T15:48:52Z,2026-09-10T00:20:00Z,Seattle Seahawks,New England Patriots,SEA,NE,lowvig,totals,Over,-102.0,44.5
8c94552d022acec4a0458d70c19d3da9,2026-09-05T15:48:52Z,2026-09-10T00:20:00Z,Seattle Seahawks,New England Patriots,SEA,NE,lowvig,totals,Under,-113.0,44.5
8c94552d022acec4a0458d70c19d3da9,2026-09-05T15:48:52Z,2026-09-10T00:20:00Z,Seattle Seahawks,New England Patriots,SEA,NE,betonlineag,h2h,New England Patriots,158.0,
8c94552d022acec4a0458d70c19d3da9,2026-09-05T15:48:52Z,2026-09-10T00:20:00Z,Seattle Seahawks,New England Patriots,SEA,NE,betonlineag,h2h,Seattle Seahawks,-181.0,
8c94552d022acec4a0458d70c19d3da9,2026-09-05T15:48:52Z,2026-09-10T00:20:00Z,Seattle Seahawks,New England Patriots,SEA,NE,betonlineag,spreads,New England Patriots,-115.0,3.5
8c94552d022acec4a0458d70c19d3da9,2026-09-05T15:48:52Z,2026-09-10T00:20:00Z,Seattle Seahawks,New England Patriots,SEA,NE,betonlineag,spreads,Seattle Seahawks,-105.0,-3.5
8c94552d022acec4a0458d70c19d3da9,2026-09-05T15:48:52Z,2026-09-10T00:20:00Z,Seattle Seahawks,New England Patriots,SEA,NE,betonlineag,totals,Over,-105.0,44.5
8c94552d022acec4a0458d70c19d3da9,2026-09-05T15:48:52Z,2026-09-10T00:20:00Z,Seattle Seahawks,New England Patriots,SEA,NE,betonlineag,totals,Under,-115.0,44.5
8c94552d022acec4a0458d70c19d3da9,2026-09-05T15:48:52Z,2026-09-10T00:20:00Z,Seattle Seahawks,New England Patriots,SEA,NE,betrivers,h2h,New England Patriots,160.0,
8c94552d022acec4a0458d70c19d3da9,2026-09-05T15:48:52Z,2026-09-10T00:20:00Z,Seattle Seahawks,New England Patriots,SEA,NE,betrivers,h2h,Seattle Seahawks,-200.0,
8c94552d022acec4a0458d70c19d3da9,2026-09-05T15:48:52Z,2026-09-10T00:20:00Z,Seattle Seahawks,New England Patriots,SEA,NE,betrivers,spreads,New England Patriots,-113.0,3.5
8c94552d022acec4a0458d70c19d3da9,2026-09-05T15:48:52Z,2026-09-10T00:20:00Z,Seattle Seahawks,New England Patriots,SEA,NE,betrivers,spreads,Seattle Seahawks,-108.0,-3.5
8c94552d022acec4a0458d70c19d3da9,2026-09-05T15:48:52Z,2026-09-10T00:20:00Z,Seattle Seahawks,New England Patriots,SEA,NE,betrivers,totals,Over,-110.0,44.5
8c94552d022acec4a0458d70c19d3da9,2026-09-05T15:48:52Z,2026-09-10T00:20:00Z,Seattle Seahawks,New England Patriots,SEA,NE,betrivers,totals,Under,-110.0,44.5
8c94552d022acec4a0458d70c19d3da9,2026-09-05T15:48:52Z,2026-09-10T00:20:00Z,Seattle Seahawks,New England Patriots,SEA,NE,betmgm,h2h,New England Patriots,160.0,
8c94552d022acec4a0458d70c19d3da9,2026-09-05T15:48:52Z,2026-09-10T00:20:00Z,Seattle Seahawks,New England Patriots,SEA,NE,betmgm,h2h,Seattle Seahawks,-200.0,
8c94552d022acec4a0458d70c19d3da9,2026-09-05T15:48:52Z,2026-09-10T00:20:00Z,Seattle Seahawks,New England Patriots,SEA,NE,betmgm,spreads,New England Patriots,-112.0,3.5
8c94552d022acec4a0458d70c19d3da9,2026-09-05T15:48:52Z,2026-09-10T00:20:00Z,Seattle Seahawks,New England Patriots,SEA,NE,betmgm,spreads,Seattle Seahawks,-105.0,-3.5
8c94552d022acec4a0458d70c19d3da9,2026-09-05T15:48:52Z,2026-09-10T00:20:00Z,Seattle Seahawks,New England Patriots,SEA,NE,betmgm,totals,Over,-105.0,44.5
8c94552d022acec4a0458d70c19d3da9,2026-09-05T15:48:52Z,2026-09-10T00:20:00Z,Seattle Seahawks,New England Patriots,SEA,NE,betmgm,totals,Under,-112.0,44.5
8c94552d022acec4a0458d70c19d3da9,2026-09-05T15:48:52Z,2026-09-10T00:20:00Z,Seattle Seahawks,New England Patriots,SEA,NE,bovada,h2h,New England Patriots,165.0,
8c94552d022acec4a0458d70c19d3da9,2026-09-05T15:48:52Z,2026-09-10T00:20:00Z,Seattle Seahawks,New England Patriots,SEA,NE,bovada,h2h,Seattle Seahawks,-195.0,
8c94552d022acec4a0458d70c19d3da9,2026-09-05T15:48:52Z,2026-09-10T00:20:00Z,Seattle Seahawks,New England Patriots,SEA,NE,bovada,spreads,New England Patriots,-110.0,3.5
8c94552d022acec4a0458d70c19d3da9,2026-09-05T15:48:52Z,2026-09-10T00:20:00Z,Seattle Seahawks,New England Patriots,SEA,NE,bovada,spreads,Seattle Seahawks,-110.0,-3.5
8c94552d022acec4a0458d70c19d3da9,2026-09-05T15:48:52Z,2026-09-10T00:20:00Z,Seattle Seahawks,New England Patriots,SEA,NE,bovada,totals,Over,-115.0,44.0
8c94552d022acec4a0458d70c19d3da9,2026-09-05T15:48:52Z,2026-09-10T00:20:00Z,Seattle Seahawks,New England Patriots,SEA,NE,bovada,totals,Under,-105.0,44.0
8c94552d022acec4a0458d70c19d3da9,2026-09-05T15:48:52Z,2026-09-10T00:20:00Z,Seattle Seahawks,New England Patriots,SEA,NE,mybookieag,h2h,New England Patriots,150.0,
8c94552d022acec4a0458d70c19d3da9,2026-09-05T15:48:52Z,2026-09-10T00:20:00Z,Seattle Seahawks,New England Patriots,SEA,NE,mybookieag,h2h,Seattle Seahawks,-194.0,
8c94552d022acec4a0458d70c19d3da9,2026-09-05T15:48:52Z,2026-09-10T00:20:00Z,Seattle Seahawks,New England Patriots,SEA,NE,mybookieag,spreads,New England Patriots,-110.0,3.5
8c94552d022acec4a0458d70c19d3da9,2026-09-05T15:48:52Z,2026-09-10T00:20:00Z,Seattle Seahawks,New England Patriots,SEA,NE,mybookieag,spreads,Seattle Seahawks,-110.0,-3.5
8c94552d022acec4a0458d70c19d3da9,2026-09-05T15:48:52Z,2026-09-10T00:20:00Z,Seattle Seahawks,New England Patriots,SEA,NE,mybookieag,totals,Over,-110.0,44.0
8c94552d022acec4a0458d70c19d3da9,2026-09-05T15:48:52Z,2026-09-10T00:20:00Z,Seattle Seahawks,New England Patriots,SEA,NE,mybookieag,totals,Under,-110.0,44.0
8c94552d022acec4a0458d70c19d3da9,2026-09-06T16:00:35Z,2026-09-10T00:20:00Z,Seattle Seahawks,New England Patriots,SEA,NE,draftkings,h2h,New England Patriots,145.0,
8c94552d022acec4a0458d70c19d3da9,2026-09-06T16:00:35Z,2026-09-10T00:20:00Z,Seattle Seahawks,New England Patriots,SEA,NE,draftkings,h2h,Seattle Seahawks,-175.0,
8c94552d022acec4a0458d70c19d3da9,2026-09-06T16:00:35Z,2026-09-10T00:20:00Z,Seattle Seahawks,New England Patriots,SEA,NE,draftkings,spreads,New England Patriots,-115.0,3.5
8c94552d022acec4a0458d70c19d3da9,2026-09-06T16:00:35Z,2026-09-10T00:20:00Z,Seattle Seahawks,New England Patriots,SEA,NE,draftkings,spreads,Seattle Seahawks,-105.0,-3.5
8c94552d022acec4a0458d70c19d3da9,2026-09-06T16:00:35Z,2026-09-10T00:20:00Z,Seattle Seahawks,New England Patriots,SEA,NE,draftkings,totals,Over,-105.0,44.5
8c94552d022acec4a0458d70c19d3da9,2026-09-06T16:00:35Z,2026-09-10T00:20:00Z,Seattle Seahawks,New England Patriots,SEA,NE,draftkings,totals,Under,-115.0,44.5
8c94552d022acec4a0458d70c19d3da9,2026-09-06T16:00:35Z,2026-09-10T00:20:00Z,Seattle Seahawks,New England Patriots,SEA,NE,betus,h2h,New England Patriots,155.0,
8c94552d022acec4a0458d70c19d3da9,2026-09-06T16:00:35Z,2026-09-10T00:20:00Z,Seattle Seahawks,New England Patriots,SEA,NE,betus,h2h,Seattle Seahawks,-180.0,
8c94552d022acec4a0458d70c19d3da9,2026-09-06T16:00:35Z,2026-09-10T00:20:00Z,Seattle Seahawks,New England Patriots,SEA,NE,betus,spreads,New England Patriots,-120.0,3.5
8c94552d022acec4a0458d70c19d3da9,2026-09-06T16:00:35Z,2026-09-10T00:20:00Z,Seattle Seahawks,New England Patriots,SEA,NE,betus,spreads,Seattle Seahawks,100.0,-3.5
8c94552d022acec4a0458d70c19d3da9,2026-09-06T16:00:35Z,2026-09-10T00:20:00Z,Seattle Seahawks,New England Patriots,SEA,NE,betus,totals,Over,-110.0,44.0
8c94552d022acec4a0458d70c19d3da9,2026-09-06T16:00:35Z,2026-09-10T00:20:00Z,Seattle Seahawks,New England Patriots,SEA,NE,betus,totals,Under,-110.0,44.0
8c94552d022acec4a0458d70c19d3da9,2026-09-06T16:00:35Z,2026-09-10T00:20:00Z,Seattle Seahawks,New England Patriots,SEA,NE,fanduel,h2h,New England Patriots,152.0,
8c94552d022acec4a0458d70c19d3da9,2026-09-06T16:00:35Z,2026-09-10T00:20:00Z,Seattle Seahawks,New England Patriots,SEA,NE,fanduel,h2h,Seattle Seahawks,-180.0,
8c94552d022acec4a0458d70c19d3da9,2026-09-06T16:00:35Z,2026-09-10T00:20:00Z,Seattle Seahawks,New England Patriots,SEA,NE,fanduel,spreads,New England Patriots,-114.0,3.5
8c94552d022acec4a0458d70c19d3da9,2026-09-06T16:00:35Z,2026-09-10T00:20:00Z,Seattle Seahawks,New England Patriots,SEA,NE,fanduel,spreads,Seattle Seahawks,-106.0,-3.5
8c94552d022acec4a0458d70c19d3da9,2026-09-06T16:00:35Z,2026-09-10T00:20:00Z,Seattle Seahawks,New England Patriots,SEA,NE,fanduel,totals,Over,-110.0,44.5
8c94552d022acec4a0458d70c19d3da9,2026-09-06T16:00:35Z,2026-09-10T00:20:00Z,Seattle Seahawks,New England Patriots,SEA,NE,fanduel,totals,Under,-110.0,44.5
8c94552d022acec4a0458d70c19d3da9,2026-09-06T16:00:35Z,2026-09-10T00:20:00Z,Seattle Seahawks,New England Patriots,SEA,NE,lowvig,h2h,New England Patriots,158.0,
8c94552d022acec4a0458d70c19d3da9,2026-09-06T16:00:35Z,2026-09-10T00:20:00Z,Seattle Seahawks,New England Patriots,SEA,NE,lowvig,h2h,Seattle Seahawks,-181.0,
8c94552d022acec4a0458d70c19d3da9,2026-09-06T16:00:35Z,2026-09-10T00:20:00Z,Seattle Seahawks,New England Patriots,SEA,NE,lowvig,spreads,New England Patriots,-116.0,3.5
8c94552d022acec4a0458d70c19d3da9,2026-09-06T16:00:35Z,2026-09-10T00:20:00Z,Seattle Seahawks,New England Patriots,SEA,NE,lowvig,spreads,Seattle Seahawks,105.0,-3.5
8c94552d022acec4a0458d70c19d3da9,2026-09-06T16:00:35Z,2026-09-10T00:20:00Z,Seattle Seahawks,New England Patriots,SEA,NE,lowvig,totals,Over,-102.0,44.5
8c94552d022acec4a0458d70c19d3da9,2026-09-06T16:00:35Z,2026-09-10T00:20:00Z,Seattle Seahawks,New England Patriots,SEA,NE,lowvig,totals,Under,-113.0,44.5
8c94552d022acec4a0458d70c19d3da9,2026-09-06T16:00:35Z,2026-09-10T00:20:00Z,Seattle Seahawks,New England Patriots,SEA,NE,betonlineag,h2h,New England Patriots,158.0,
8c94552d022acec4a0458d70c19d3da9,2026-09-06T16:00:35Z,2026-09-10T00:20:00Z,Seattle Seahawks,New England Patriots,SEA,NE,betonlineag,h2h,Seattle Seahawks,-181.0,
8c94552d022acec4a0458d70c19d3da9,2026-09-06T16:00:35Z,2026-09-10T00:20:00Z,Seattle Seahawks,New England Patriots,SEA,NE,betonlineag,spreads,New England Patriots,-120.0,3.5
8c94552d022acec4a0458d70c19d3da9,2026-09-06T16:00:35Z,2026-09-10T00:20:00Z,Seattle Seahawks,New England Patriots,SEA,NE,betonlineag,spreads,Seattle Seahawks,100.0,-3.5
8c94552d022acec4a0458d70c19d3da9,2026-09-06T16:00:35Z,2026-09-10T00:20:00Z,Seattle Seahawks,New England Patriots,SEA,NE,betonlineag,totals,Over,-105.0,44.5
8c94552d022acec4a0458d70c19d3da9,2026-09-06T16:00:35Z,2026-09-10T00:20:00Z,Seattle Seahawks,New England Patriots,SEA,NE,betonlineag,totals,Under,-115.0,44.5
8c94552d022acec4a0458d70c19d3da9,2026-09-06T16:00:35Z,2026-09-10T00:20:00Z,Seattle Seahawks,New England Patriots,SEA,NE,betrivers,h2h,New England Patriots,160.0,
8c94552d022acec4a0458d70c19d3da9,2026-09-06T16:00:35Z,2026-09-10T00:20:00Z,Seattle Seahawks,New England Patriots,SEA,NE,betrivers,h2h,Seattle Seahawks,-200.0,
8c94552d022acec4a0458d70c19d3da9,2026-09-06T16:00:35Z,2026-09-10T00:20:00Z,Seattle Seahawks,New England Patriots,SEA,NE,betrivers,spreads,New England Patriots,-113.0,3.5
8c94552d022acec4a0458d70c19d3da9,2026-09-06T16:00:35Z,2026-09-10T00:20:00Z,Seattle Seahawks,New England Patriots,SEA,NE,betrivers,spreads,Seattle Seahawks,-108.0,-3.5
8c94552d022acec4a0458d70c19d3da9,2026-09-06T16:00:35Z,2026-09-10T00:20:00Z,Seattle Seahawks,New England Patriots,SEA,NE,betrivers,totals,Over,-110.0,44.5
8c94552d022acec4a0458d70c19d3da9,2026-09-06T16:00:35Z,2026-09-10T00:20:00Z,Seattle Seahawks,New England Patriots,SEA,NE,betrivers,totals,Under,-110.0,44.5
8c94552d022acec4a0458d70c19d3da9,2026-09-06T16:00:35Z,2026-09-10T00:20:00Z,Seattle Seahawks,New England Patriots,SEA,NE,betmgm,h2h,New England Patriots,160.0,
8c94552d022acec4a0458d70c19d3da9,2026-09-06T16:00:35Z,2026-09-10T00:20:00Z,Seattle Seahawks,New England Patriots,SEA,NE,betmgm,h2h,Seattle Seahawks,-190.0,
8c94552d022acec4a0458d70c19d3da9,2026-09-06T16:00:35Z,2026-09-10T00:20:00Z,Seattle Seahawks,New England Patriots,SEA,NE,betmgm,spreads,New England Patriots,-112.0,3.5
8c94552d022acec4a0458d70c19d3da9,2026-09-06T16:00:35Z,2026-09-10T00:20:00Z,Seattle Seahawks,New England Patriots,SEA,NE,betmgm,spreads,Seattle Seahawks,-105.0,-3.5
8c94552d022acec4a0458d70c19d3da9,2026-09-06T16:00:35Z,2026-09-10T00:20:00Z,Seattle Seahawks,New England Patriots,SEA,NE,betmgm,totals,Over,-108.0,44.5
8c94552d022acec4a0458d70c19d3da9,2026-09-06T16:00:35Z,2026-09-10T00:20:00Z,Seattle Seahawks,New England Patriots,SEA,NE,betmgm,totals,Under,-110.0,44.5
8c94552d022acec4a0458d70c19d3da9,2026-09-06T16:00:35Z,2026-09-10T00:20:00Z,Seattle Seahawks,New England Patriots,SEA,NE,bovada,h2h,New England Patriots,160.0,
8c94552d022acec4a0458d70c19d3da9,2026-09-06T16:00:35Z,2026-09-10T00:20:00Z,Seattle Seahawks,New England Patriots,SEA,NE,bovada,h2h,Seattle Seahawks,-185.0,
8c94552d022acec4a0458d70c19d3da9,2026-09-06T16:00:35Z,2026-09-10T00:20:00Z,Seattle Seahawks,New England Patriots,SEA,NE,bovada,spreads,New England Patriots,-110.0,3.5
8c94552d022acec4a0458d70c19d3da9,2026-09-06T16:00:35Z,2026-09-10T00:20:00Z,Seattle Seahawks,New England Patriots,SEA,NE,bovada,spreads,Seattle Seahawks,-110.0,-3.5
8c94552d022acec4a0458d70c19d3da9,2026-09-06T16:00:35Z,2026-09-10T00:20:00Z,Seattle Seahawks,New England Patriots,SEA,NE,bovada,totals,Over,-115.0,44.0
8c94552d022acec4a0458d70c19d3da9,2026-09-06T16:00:35Z,2026-09-10T00:20:00Z,Seattle Seahawks,New England Patriots,SEA,NE,bovada,totals,Under,-105.0,44.0
8c94552d022acec4a0458d70c19d3da9,2026-09-06T16:00:35Z,2026-09-10T00:20:00Z,Seattle Seahawks,New England Patriots,SEA,NE,mybookieag,h2h,New England Patriots,147.0,
8c94552d022acec4a0458d70c19d3da9,2026-09-06T16:00:35Z,2026-09-10T00:20:00Z,Seattle Seahawks,New England Patriots,SEA,NE,mybookieag,h2h,Seattle Seahawks,-190.0,
8c94552d022acec4a0458d70c19d3da9,2026-09-06T16:00:35Z,2026-09-10T00:20:00Z,Seattle Seahawks,New England Patriots,SEA,NE,mybookieag,spreads,New England Patriots,-110.0,3.5
8c94552d022acec4a0458d70c19d3da9,2026-09-06T16:00:35Z,2026-09-10T00:20:00Z,Seattle Seahawks,New England Patriots,SEA,NE,mybookieag,spreads,Seattle Seahawks,-110.0,-3.5
8c94552d022acec4a0458d70c19d3da9,2026-09-06T16:00:35Z,2026-09-10T00:20:00Z,Seattle Seahawks,New England Patriots,SEA,NE,mybookieag,totals,Over,-110.0,44.0
8c94552d022acec4a0458d70c19d3da9,2026-09-06T16:00:35Z,2026-09-10T00:20:00Z,Seattle Seahawks,New England Patriots,SEA,NE,mybookieag,totals,Under,-110.0,44.0
8c94552d022acec4a0458d70c19d3da9,2026-09-07T18:08:19Z,2026-09-10T00:20:00Z,Seattle Seahawks,New England Patriots,SEA,NE,draftkings,h2h,New England Patriots,150.0,
8c94552d022acec4a0458d70c19d3da9,2026-09-07T18:08:19Z,2026-09-10T00:20:00Z,Seattle Seahawks,New England Patriots,SEA,NE,draftkings,h2h,Seattle Seahawks,-180.0,
8c94552d022acec4a0458d70c19d3da9,2026-09-07T18:08:19Z,2026-09-10T00:20:00Z,Seattle Seahawks,New England Patriots,SEA,NE,draftkings,spreads,New England Patriots,-118.0,3.5
8c94552d022acec4a0458d70c19d3da9,2026-09-07T18:08:19Z,2026-09-10T00:20:00Z,Seattle Seahawks,New England Patriots,SEA,NE,draftkings,spreads,Seattle Seahawks,-102.0,-3.5
8c94552d022acec4a0458d70c19d3da9,2026-09-07T18:08:19Z,2026-09-10T00:20:00Z,Seattle Seahawks,New England Patriots,SEA,NE,draftkings,totals,Over,-105.0,44.5
8c94552d022acec4a0458d70c19d3da9,2026-09-07T18:08:19Z,2026-09-10T00:20:00Z,Seattle Seahawks,New England Patriots,SEA,NE,draftkings,totals,Under,-115.0,44.5
8c94552d022acec4a0458d70c19d3da9,2026-09-07T18:08:19Z,2026-09-10T00:20:00Z,Seattle Seahawks,New England Patriots,SEA,NE,betus,h2h,New England Patriots,150.0,
8c94552d022acec4a0458d70c19d3da9,2026-09-07T18:08:19Z,2026-09-10T00:20:00Z,Seattle Seahawks,New England Patriots,SEA,NE,betus,h2h,Seattle Seahawks,-175.0,
8c94552d022acec4a0458d70c19d3da9,2026-09-07T18:08:19Z,2026-09-10T00:20:00Z,Seattle Seahawks,New England Patriots,SEA,NE,betus,spreads,New England Patriots,-120.0,3.5
8c94552d022acec4a0458d70c19d3da9,2026-09-07T18:08:19Z,2026-09-10T00:20:00Z,Seattle Seahawks,New England Patriots,SEA,NE,betus,spreads,Seattle Seahawks,100.0,-3.5
8c94552d022acec4a0458d70c19d3da9,2026-09-07T18:08:19Z,2026-09-10T00:20:00Z,Seattle Seahawks,New England Patriots,SEA,NE,betus,totals,Over,-110.0,44.0
8c94552d022acec4a0458d70c19d3da9,2026-09-07T18:08:19Z,2026-09-10T00:20:00Z,Seattle Seahawks,New England Patriots,SEA,NE,betus,totals,Under,-110.0,44.0
8c94552d022acec4a0458d70c19d3da9,2026-09-07T18:08:19Z,2026-09-10T00:20:00Z,Seattle Seahawks,New England Patriots,SEA,NE,fanduel,h2h,New England Patriots,158.0,
8c94552d022acec4a0458d70c19d3da9,2026-09-07T18:08:19Z,2026-09-10T00:20:00Z,Seattle Seahawks,New England Patriots,SEA,NE,fanduel,h2h,Seattle Seahawks,-188.0,
8c94552d022acec4a0458d70c19d3da9,2026-09-07T18:08:19Z,2026-09-10T00:20:00Z,Seattle Seahawks,New England Patriots,SEA,NE,fanduel,spreads,New England Patriots,-112.0,3.5
8c94552d022acec4a0458d70c19d3da9,2026-09-07T18:08:19Z,2026-09-10T00:20:00Z,Seattle Seahawks,New England Patriots,SEA,NE,fanduel,spreads,Seattle Seahawks,-108.0,-3.5
8c94552d022acec4a0458d70c19d3da9,2026-09-07T18:08:19Z,2026-09-10T00:20:00Z,Seattle Seahawks,New England Patriots,SEA,NE,fanduel,totals,Over,-110.0,44.5
8c94552d022acec4a0458d70c19d3da9,2026-09-07T18:08:19Z,2026-09-10T00:20:00Z,Seattle Seahawks,New England Patriots,SEA,NE,fanduel,totals,Under,-110.0,44.5
8c94552d022acec4a0458d70c19d3da9,2026-09-07T18:08:19Z,2026-09-10T00:20:00Z,Seattle Seahawks,New England Patriots,SEA,NE,lowvig,h2h,New England Patriots,155.0,
8c94552d022acec4a0458d70c19d3da9,2026-09-07T18:08:19Z,2026-09-10T00:20:00Z,Seattle Seahawks,New England Patriots,SEA,NE,lowvig,h2h,Seattle Seahawks,-177.0,
8c94552d022acec4a0458d70c19d3da9,2026-09-07T18:08:19Z,2026-09-10T00:20:00Z,Seattle Seahawks,New England Patriots,SEA,NE,lowvig,spreads,New England Patriots,-114.0,3.5
8c94552d022acec4a0458d70c19d3da9,2026-09-07T18:08:19Z,2026-09-10T00:20:00Z,Seattle Seahawks,New England Patriots,SEA,NE,lowvig,spreads,Seattle Seahawks,103.0,-3.5
8c94552d022acec4a0458d70c19d3da9,2026-09-07T18:08:19Z,2026-09-10T00:20:00Z,Seattle Seahawks,New England Patriots,SEA,NE,lowvig,totals,Over,-107.0,44.5
8c94552d022acec4a0458d70c19d3da9,2026-09-07T18:08:19Z,2026-09-10T00:20:00Z,Seattle Seahawks,New England Patriots,SEA,NE,lowvig,totals,Under,-107.0,44.5
8c94552d022acec4a0458d70c19d3da9,2026-09-07T18:08:19Z,2026-09-10T00:20:00Z,Seattle Seahawks,New England Patriots,SEA,NE,betonlineag,h2h,New England Patriots,155.0,
8c94552d022acec4a0458d70c19d3da9,2026-09-07T18:08:19Z,2026-09-10T00:20:00Z,Seattle Seahawks,New England Patriots,SEA,NE,betonlineag,h2h,Seattle Seahawks,-177.0,
8c94552d022acec4a0458d70c19d3da9,2026-09-07T18:08:19Z,2026-09-10T00:20:00Z,Seattle Seahawks,New England Patriots,SEA,NE,betonlineag,spreads,New England Patriots,-118.0,3.5
8c94552d022acec4a0458d70c19d3da9,2026-09-07T18:08:19Z,2026-09-10T00:20:00Z,Seattle Seahawks,New England Patriots,SEA,NE,betonlineag,spreads,Seattle Seahawks,-102.0,-3.5
8c94552d022acec4a0458d70c19d3da9,2026-09-07T18:08:19Z,2026-09-10T00:20:00Z,Seattle Seahawks,New England Patriots,SEA,NE,betonlineag,totals,Over,-110.0,44.5
8c94552d022acec4a0458d70c19d3da9,2026-09-07T18:08:19Z,2026-09-10T00:20:00Z,Seattle Seahawks,New England Patriots,SEA,NE,betonlineag,totals,Under,-110.0,44.5
8c94552d022acec4a0458d70c19d3da9,2026-09-07T18:08:19Z,2026-09-10T00:20:00Z,Seattle Seahawks,New England Patriots,SEA,NE,betrivers,h2h,New England Patriots,160.0,
8c94552d022acec4a0458d70c19d3da9,2026-09-07T18:08:19Z,2026-09-10T00:20:00Z,Seattle Seahawks,New England Patriots,SEA,NE,betrivers,h2h,Seattle Seahawks,-200.0,
8c94552d022acec4a0458d70c19d3da9,2026-09-07T18:08:19Z,2026-09-10T00:20:00Z,Seattle Seahawks,New England Patriots,SEA,NE,betrivers,spreads,New England Patriots,-113.0,3.5
8c94552d022acec4a0458d70c19d3da9,2026-09-07T18:08:19Z,2026-09-10T00:20:00Z,Seattle Seahawks,New England Patriots,SEA,NE,betrivers,spreads,Seattle Seahawks,-108.0,-3.5
8c94552d022acec4a0458d70c19d3da9,2026-09-07T18:08:19Z,2026-09-10T00:20:00Z,Seattle Seahawks,New England Patriots,SEA,NE,betrivers,totals,Over,-110.0,44.5
8c94552d022acec4a0458d70c19d3da9,2026-09-07T18:08:19Z,2026-09-10T00:20:00Z,Seattle Seahawks,New England Patriots,SEA,NE,betrivers,totals,Under,-110.0,44.5
8c94552d022acec4a0458d70c19d3da9,2026-09-07T18:08:19Z,2026-09-10T00:20:00Z,Seattle Seahawks,New England Patriots,SEA,NE,betmgm,h2h,New England Patriots,155.0,
8c94552d022acec4a0458d70c19d3da9,2026-09-07T18:08:19Z,2026-09-10T00:20:00Z,Seattle Seahawks,New England Patriots,SEA,NE,betmgm,h2h,Seattle Seahawks,-190.0,
8c94552d022acec4a0458d70c19d3da9,2026-09-07T18:08:19Z,2026-09-10T00:20:00Z,Seattle Seahawks,New England Patriots,SEA,NE,betmgm,spreads,New England Patriots,-112.0,3.5
8c94552d022acec4a0458d70c19d3da9,2026-09-07T18:08:19Z,2026-09-10T00:20:00Z,Seattle Seahawks,New England Patriots,SEA,NE,betmgm,spreads,Seattle Seahawks,-105.0,-3.5
8c94552d022acec4a0458d70c19d3da9,2026-09-07T18:08:19Z,2026-09-10T00:20:00Z,Seattle Seahawks,New England Patriots,SEA,NE,betmgm,totals,Over,-105.0,44.5
8c94552d022acec4a0458d70c19d3da9,2026-09-07T18:08:19Z,2026-09-10T00:20:00Z,Seattle Seahawks,New England Patriots,SEA,NE,betmgm,totals,Under,-112.0,44.5
8c94552d022acec4a0458d70c19d3da9,2026-09-07T18:08:19Z,2026-09-10T00:20:00Z,Seattle Seahawks,New England Patriots,SEA,NE,bovada,h2h,New England Patriots,160.0,
8c94552d022acec4a0458d70c19d3da9,2026-09-07T18:08:19Z,2026-09-10T00:20:00Z,Seattle Seahawks,New England Patriots,SEA,NE,bovada,h2h,Seattle Seahawks,-185.0,
8c94552d022acec4a0458d70c19d3da9,2026-09-07T18:08:19Z,2026-09-10T00:20:00Z,Seattle Seahawks,New England Patriots,SEA,NE,bovada,spreads,New England Patriots,-115.0,3.5
8c94552d022acec4a0458d70c19d3da9,2026-09-07T18:08:19Z,2026-09-10T00:20:00Z,Seattle Seahawks,New England Patriots,SEA,NE,bovada,spreads,Seattle Seahawks,-105.0,-3.5
8c94552d022acec4a0458d70c19d3da9,2026-09-07T18:08:19Z,2026-09-10T00:20:00Z,Seattle Seahawks,New England Patriots,SEA,NE,bovada,totals,Over,-115.0,44.0
8c94552d022acec4a0458d70c19d3da9,2026-09-07T18:08:19Z,2026-09-10T00:20:00Z,Seattle Seahawks,New England Patriots,SEA,NE,bovada,totals,Under,-105.0,44.0
8c94552d022acec4a0458d70c19d3da9,2026-09-07T18:08:19Z,2026-09-10T00:20:00Z,Seattle Seahawks,New England Patriots,SEA,NE,mybookieag,h2h,New England Patriots,150.0,
8c94552d022acec4a0458d70c19d3da9,2026-09-07T18:08:19Z,2026-09-10T00:20:00Z,Seattle Seahawks,New England Patriots,SEA,NE,mybookieag,h2h,Seattle Seahawks,-186.0,
8c94552d022acec4a0458d70c19d3da9,2026-09-07T18:08:19Z,2026-09-10T00:20:00Z,Seattle Seahawks,New England Patriots,SEA,NE,mybookieag,spreads,New England Patriots,-110.0,3.5
8c94552d022acec4a0458d70c19d3da9,2026-09-07T18:08:19Z,2026-09-10T00:20:00Z,Seattle Seahawks,New England Patriots,SEA,NE,mybookieag,spreads,Seattle Seahawks,-110.0,-3.5
8c94552d022acec4a0458d70c19d3da9,2026-09-07T18:08:19Z,2026-09-10T00:20:00Z,Seattle Seahawks,New England Patriots,SEA,NE,mybookieag,totals,Over,-110.0,44.0
8c94552d022acec4a0458d70c19d3da9,2026-09-07T18:08:19Z,2026-09-10T00:20:00Z,Seattle Seahawks,New England Patriots,SEA,NE,mybookieag,totals,Under,-110.0,44.0
acc580d74344ea3b31bbcdd057fe6a9c,2026-09-04T18:10:08Z,2026-09-11T00:35:00Z,Los Angeles Rams,San Francisco 49ers,LA,SF,draftkings,h2h,Los Angeles Rams,-198.0,
acc580d74344ea3b31bbcdd057fe6a9c,2026-09-04T18:10:08Z,2026-09-11T00:35:00Z,Los Angeles Rams,San Francisco 49ers,LA,SF,draftkings,h2h,San Francisco 49ers,164.0,
acc580d74344ea3b31bbcdd057fe6a9c,2026-09-04T18:10:08Z,2026-09-11T00:35:00Z,Los Angeles Rams,San Francisco 49ers,LA,SF,draftkings,spreads,Los Angeles Rams,-112.0,-3.5
acc580d74344ea3b31bbcdd057fe6a9c,2026-09-04T18:10:08Z,2026-09-11T00:35:00Z,Los Angeles Rams,San Francisco 49ers,LA,SF,draftkings,spreads,San Francisco 49ers,-108.0,3.5
acc580d74344ea3b31bbcdd057fe6a9c,2026-09-04T18:10:08Z,2026-09-11T00:35:00Z,Los Angeles Rams,San Francisco 49ers,LA,SF,draftkings,totals,Over,-105.0,48.5
acc580d74344ea3b31bbcdd057fe6a9c,2026-09-04T18:10:08Z,2026-09-11T00:35:00Z,Los Angeles Rams,San Francisco 49ers,LA,SF,draftkings,totals,Under,-115.0,48.5
acc580d74344ea3b31bbcdd057fe6a9c,2026-09-04T18:10:08Z,2026-09-11T00:35:00Z,Los Angeles Rams,San Francisco 49ers,LA,SF,betmgm,h2h,Los Angeles Rams,-210.0,
acc580d74344ea3b31bbcdd057fe6a9c,2026-09-04T18:10:08Z,2026-09-11T00:35:00Z,Los Angeles Rams,San Francisco 49ers,LA,SF,betmgm,h2h,San Francisco 49ers,170.0,
acc580d74344ea3b31bbcdd057fe6a9c,2026-09-04T18:10:08Z,2026-09-11T00:35:00Z,Los Angeles Rams,San Francisco 49ers,LA,SF,betmgm,spreads,Los Angeles Rams,-112.0,-3.5
acc580d74344ea3b31bbcdd057fe6a9c,2026-09-04T18:10:08Z,2026-09-11T00:35:00Z,Los Angeles Rams,San Francisco 49ers,LA,SF,betmgm,spreads,San Francisco 49ers,-105.0,3.5
acc580d74344ea3b31bbcdd057fe6a9c,2026-09-04T18:10:08Z,2026-09-11T00:35:00Z,Los Angeles Rams,San Francisco 49ers,LA,SF,betmgm,totals,Over,-108.0,48.5
acc580d74344ea3b31bbcdd057fe6a9c,2026-09-04T18:10:08Z,2026-09-11T00:35:00Z,Los Angeles Rams,San Francisco 49ers,LA,SF,betmgm,totals,Under,-110.0,48.5
acc580d74344ea3b31bbcdd057fe6a9c,2026-09-04T18:10:08Z,2026-09-11T00:35:00Z,Los Angeles Rams,San Francisco 49ers,LA,SF,fanduel,h2h,Los Angeles Rams,-196.0,
acc580d74344ea3b31bbcdd057fe6a9c,2026-09-04T18:10:08Z,2026-09-11T00:35:00Z,Los Angeles Rams,San Francisco 49ers,LA,SF,fanduel,h2h,San Francisco 49ers,164.0,
acc580d74344ea3b31bbcdd057fe6a9c,2026-09-04T18:10:08Z,2026-09-11T00:35:00Z,Los Angeles Rams,San Francisco 49ers,LA,SF,fanduel,spreads,Los Angeles Rams,-115.0,-3.5
acc580d74344ea3b31bbcdd057fe6a9c,2026-09-04T18:10:08Z,2026-09-11T00:35:00Z,Los Angeles Rams,San Francisco 49ers,LA,SF,fanduel,spreads,San Francisco 49ers,-105.0,3.5
acc580d74344ea3b31bbcdd057fe6a9c,2026-09-04T18:10:08Z,2026-09-11T00:35:00Z,Los Angeles Rams,San Francisco 49ers,LA,SF,fanduel,totals,Over,-105.0,48.5
acc580d74344ea3b31bbcdd057fe6a9c,2026-09-04T18:10:08Z,2026-09-11T00:35:00Z,Los Angeles Rams,San Francisco 49ers,LA,SF,fanduel,totals,Under,-115.0,48.5
acc580d74344ea3b31bbcdd057fe6a9c,2026-09-04T18:10:08Z,2026-09-11T00:35:00Z,Los Angeles Rams,San Francisco 49ers,LA,SF,betonlineag,h2h,Los Angeles Rams,-205.0,
acc580d74344ea3b31bbcdd057fe6a9c,2026-09-04T18:10:08Z,2026-09-11T00:35:00Z,Los Angeles Rams,San Francisco 49ers,LA,SF,betonlineag,h2h,San Francisco 49ers,177.0,
acc580d74344ea3b31bbcdd057fe6a9c,2026-09-04T18:10:08Z,2026-09-11T00:35:00Z,Los Angeles Rams,San Francisco 49ers,LA,SF,betonlineag,spreads,Los Angeles Rams,-110.0,-4.0
acc580d74344ea3b31bbcdd057fe6a9c,2026-09-04T18:10:08Z,2026-09-11T00:35:00Z,Los Angeles Rams,San Francisco 49ers,LA,SF,betonlineag,spreads,San Francisco 49ers,-110.0,4.0
acc580d74344ea3b31bbcdd057fe6a9c,2026-09-04T18:10:08Z,2026-09-11T00:35:00Z,Los Angeles Rams,San Francisco 49ers,LA,SF,betonlineag,totals,Over,-115.0,48.0
acc580d74344ea3b31bbcdd057fe6a9c,2026-09-04T18:10:08Z,2026-09-11T00:35:00Z,Los Angeles Rams,San Francisco 49ers,LA,SF,betonlineag,totals,Under,-105.0,48.0
acc580d74344ea3b31bbcdd057fe6a9c,2026-09-04T18:10:08Z,2026-09-11T00:35:00Z,Los Angeles Rams,San Francisco 49ers,LA,SF,lowvig,h2h,Los Angeles Rams,-205.0,
acc580d74344ea3b31bbcdd057fe6a9c,2026-09-04T18:10:08Z,2026-09-11T00:35:00Z,Los Angeles Rams,San Francisco 49ers,LA,SF,lowvig,h2h,San Francisco 49ers,177.0,
acc580d74344ea3b31bbcdd057fe6a9c,2026-09-04T18:10:08Z,2026-09-11T00:35:00Z,Los Angeles Rams,San Francisco 49ers,LA,SF,lowvig,spreads,Los Angeles Rams,-105.0,-4.0
acc580d74344ea3b31bbcdd057fe6a9c,2026-09-04T18:10:08Z,2026-09-11T00:35:00Z,Los Angeles Rams,San Francisco 49ers,LA,SF,lowvig,spreads,San Francisco 49ers,-105.0,4.0
acc580d74344ea3b31bbcdd057fe6a9c,2026-09-04T18:10:08Z,2026-09-11T00:35:00Z,Los Angeles Rams,San Francisco 49ers,LA,SF,lowvig,totals,Over,-113.0,48.0
acc580d74344ea3b31bbcdd057fe6a9c,2026-09-04T18:10:08Z,2026-09-11T00:35:00Z,Los Angeles Rams,San Francisco 49ers,LA,SF,lowvig,totals,Under,-102.0,48.0
acc580d74344ea3b31bbcdd057fe6a9c,2026-09-04T18:10:08Z,2026-09-11T00:35:00Z,Los Angeles Rams,San Francisco 49ers,LA,SF,betrivers,h2h,Los Angeles Rams,-205.0,
acc580d74344ea3b31bbcdd057fe6a9c,2026-09-04T18:10:08Z,2026-09-11T00:35:00Z,Los Angeles Rams,San Francisco 49ers,LA,SF,betrivers,h2h,San Francisco 49ers,160.0,
acc580d74344ea3b31bbcdd057fe6a9c,2026-09-04T18:10:08Z,2026-09-11T00:35:00Z,Los Angeles Rams,San Francisco 49ers,LA,SF,betrivers,spreads,Los Angeles Rams,-113.0,-3.5
acc580d74344ea3b31bbcdd057fe6a9c,2026-09-04T18:10:08Z,2026-09-11T00:35:00Z,Los Angeles Rams,San Francisco 49ers,LA,SF,betrivers,spreads,San Francisco 49ers,-108.0,3.5
acc580d74344ea3b31bbcdd057fe6a9c,2026-09-04T18:10:08Z,2026-09-11T00:35:00Z,Los Angeles Rams,San Francisco 49ers,LA,SF,betrivers,totals,Over,-110.0,48.5
acc580d74344ea3b31bbcdd057fe6a9c,2026-09-04T18:10:08Z,2026-09-11T00:35:00Z,Los Angeles Rams,San Francisco 49ers,LA,SF,betrivers,totals,Under,-110.0,48.5
acc580d74344ea3b31bbcdd057fe6a9c,2026-09-04T18:10:08Z,2026-09-11T00:35:00Z,Los Angeles Rams,San Francisco 49ers,LA,SF,bovada,h2h,Los Angeles Rams,-220.0,
acc580d74344ea3b31bbcdd057fe6a9c,2026-09-04T18:10:08Z,2026-09-11T00:35:00Z,Los Angeles Rams,San Francisco 49ers,LA,SF,bovada,h2h,San Francisco 49ers,180.0,
acc580d74344ea3b31bbcdd057fe6a9c,2026-09-04T18:10:08Z,2026-09-11T00:35:00Z,Los Angeles Rams,San Francisco 49ers,LA,SF,bovada,spreads,Los Angeles Rams,-110.0,-4.0
acc580d74344ea3b31bbcdd057fe6a9c,2026-09-04T18:10:08Z,2026-09-11T00:35:00Z,Los Angeles Rams,San Francisco 49ers,LA,SF,bovada,spreads,San Francisco 49ers,-110.0,4.0
acc580d74344ea3b31bbcdd057fe6a9c,2026-09-04T18:10:08Z,2026-09-11T00:35:00Z,Los Angeles Rams,San Francisco 49ers,LA,SF,bovada,totals,Over,-110.0,48.0
acc580d74344ea3b31bbcdd057fe6a9c,2026-09-04T18:10:08Z,2026-09-11T00:35:00Z,Los Angeles Rams,San Francisco 49ers,LA,SF,bovada,totals,Under,-110.0,48.0
acc580d74344ea3b31bbcdd057fe6a9c,2026-09-04T18:10:08Z,2026-09-11T00:35:00Z,Los Angeles Rams,San Francisco 49ers,LA,SF,betus,h2h,Los Angeles Rams,-205.0,
acc580d74344ea3b31bbcdd057fe6a9c,2026-09-04T18:10:08Z,2026-09-11T00:35:00Z,Los Angeles Rams,San Francisco 49ers,LA,SF,betus,h2h,San Francisco 49ers,175.0,
acc580d74344ea3b31bbcdd057fe6a9c,2026-09-04T18:10:08Z,2026-09-11T00:35:00Z,Los Angeles Rams,San Francisco 49ers,LA,SF,betus,spreads,Los Angeles Rams,-110.0,-4.0
acc580d74344ea3b31bbcdd057fe6a9c,2026-09-04T18:10:08Z,2026-09-11T00:35:00Z,Los Angeles Rams,San Francisco 49ers,LA,SF,betus,spreads,San Francisco 49ers,-110.0,4.0
acc580d74344ea3b31bbcdd057fe6a9c,2026-09-04T18:10:08Z,2026-09-11T00:35:00Z,Los Angeles Rams,San Francisco 49ers,LA,SF,betus,totals,Over,-110.0,48.0
acc580d74344ea3b31bbcdd057fe6a9c,2026-09-04T18:10:08Z,2026-09-11T00:35:00Z,Los Angeles Rams,San Francisco 49ers,LA,SF,betus,totals,Under,-110.0,48.0
acc580d74344ea3b31bbcdd057fe6a9c,2026-09-04T18:10:08Z,2026-09-11T00:35:00Z,Los Angeles Rams,San Francisco 49ers,LA,SF,mybookieag,h2h,Los Angeles Rams,-212.0,
acc580d74344ea3b31bbcdd057fe6a9c,2026-09-04T18:10:08Z,2026-09-11T00:35:00Z,Los Angeles Rams,San Francisco 49ers,LA,SF,mybookieag,h2h,San Francisco 49ers,163.0,
acc580d74344ea3b31bbcdd057fe6a9c,2026-09-04T18:10:08Z,2026-09-11T00:35:00Z,Los Angeles Rams,San Francisco 49ers,LA,SF,mybookieag,spreads,Los Angeles Rams,-110.0,-4.0
acc580d74344ea3b31bbcdd057fe6a9c,2026-09-04T18:10:08Z,2026-09-11T00:35:00Z,Los Angeles Rams,San Francisco 49ers,LA,SF,mybookieag,spreads,San Francisco 49ers,-110.0,4.0
acc580d74344ea3b31bbcdd057fe6a9c,2026-09-04T18:10:08Z,2026-09-11T00:35:00Z,Los Angeles Rams,San Francisco 49ers,LA,SF,mybookieag,totals,Over,-110.0,48.0
acc580d74344ea3b31bbcdd057fe6a9c,2026-09-04T18:10:08Z,2026-09-11T00:35:00Z,Los Angeles Rams,San Francisco 49ers,LA,SF,mybookieag,totals,Under,-110.0,48.0
acc580d74344ea3b31bbcdd057fe6a9c,2026-09-04T18:10:35Z,2026-09-11T00:35:00Z,Los Angeles Rams,San Francisco 49ers,LA,SF,draftkings,h2h,Los Angeles Rams,-198.0,
acc580d74344ea3b31bbcdd057fe6a9c,2026-09-04T18:10:35Z,2026-09-11T00:35:00Z,Los Angeles Rams,San Francisco 49ers,LA,SF,draftkings,h2h,San Francisco 49ers,164.0,
acc580d74344ea3b31bbcdd057fe6a9c,2026-09-04T18:10:35Z,2026-09-11T00:35:00Z,Los Angeles Rams,San Francisco 49ers,LA,SF,draftkings,spreads,Los Angeles Rams,-112.0,-3.5
acc580d74344ea3b31bbcdd057fe6a9c,2026-09-04T18:10:35Z,2026-09-11T00:35:00Z,Los Angeles Rams,San Francisco 49ers,LA,SF,draftkings,spreads,San Francisco 49ers,-108.0,3.5
acc580d74344ea3b31bbcdd057fe6a9c,2026-09-04T18:10:35Z,2026-09-11T00:35:00Z,Los Angeles Rams,San Francisco 49ers,LA,SF,draftkings,totals,Over,-105.0,48.5
acc580d74344ea3b31bbcdd057fe6a9c,2026-09-04T18:10:35Z,2026-09-11T00:35:00Z,Los Angeles Rams,San Francisco 49ers,LA,SF,draftkings,totals,Under,-115.0,48.5
acc580d74344ea3b31bbcdd057fe6a9c,2026-09-04T18:10:35Z,2026-09-11T00:35:00Z,Los Angeles Rams,San Francisco 49ers,LA,SF,betmgm,h2h,Los Angeles Rams,-210.0,
acc580d74344ea3b31bbcdd057fe6a9c,2026-09-04T18:10:35Z,2026-09-11T00:35:00Z,Los Angeles Rams,San Francisco 49ers,LA,SF,betmgm,h2h,San Francisco 49ers,170.0,
acc580d74344ea3b31bbcdd057fe6a9c,2026-09-04T18:10:35Z,2026-09-11T00:35:00Z,Los Angeles Rams,San Francisco 49ers,LA,SF,betmgm,spreads,Los Angeles Rams,-112.0,-3.5
acc580d74344ea3b31bbcdd057fe6a9c,2026-09-04T18:10:35Z,2026-09-11T00:35:00Z,Los Angeles Rams,San Francisco 49ers,LA,SF,betmgm,spreads,San Francisco 49ers,-105.0,3.5
acc580d74344ea3b31bbcdd057fe6a9c,2026-09-04T18:10:35Z,2026-09-11T00:35:00Z,Los Angeles Rams,San Francisco 49ers,LA,SF,betmgm,totals,Over,-108.0,48.5
acc580d74344ea3b31bbcdd057fe6a9c,2026-09-04T18:10:35Z,2026-09-11T00:35:00Z,Los Angeles Rams,San Francisco 49ers,LA,SF,betmgm,totals,Under,-110.0,48.5
acc580d74344ea3b31bbcdd057fe6a9c,2026-09-04T18:10:35Z,2026-09-11T00:35:00Z,Los Angeles Rams,San Francisco 49ers,LA,SF,fanduel,h2h,Los Angeles Rams,-196.0,
acc580d74344ea3b31bbcdd057fe6a9c,2026-09-04T18:10:35Z,2026-09-11T00:35:00Z,Los Angeles Rams,San Francisco 49ers,LA,SF,fanduel,h2h,San Francisco 49ers,164.0,
acc580d74344ea3b31bbcdd057fe6a9c,2026-09-04T18:10:35Z,2026-09-11T00:35:00Z,Los Angeles Rams,San Francisco 49ers,LA,SF,fanduel,spreads,Los Angeles Rams,-115.0,-3.5
acc580d74344ea3b31bbcdd057fe6a9c,2026-09-04T18:10:35Z,2026-09-11T00:35:00Z,Los Angeles Rams,San Francisco 49ers,LA,SF,fanduel,spreads,San Francisco 49ers,-105.0,3.5
acc580d74344ea3b31bbcdd057fe6a9c,2026-09-04T18:10:35Z,2026-09-11T00:35:00Z,Los Angeles Rams,San Francisco 49ers,LA,SF,fanduel,totals,Over,-105.0,48.5
acc580d74344ea3b31bbcdd057fe6a9c,2026-09-04T18:10:35Z,2026-09-11T00:35:00Z,Los Angeles Rams,San Francisco 49ers,LA,SF,fanduel,totals,Under,-115.0,48.5
acc580d74344ea3b31bbcdd057fe6a9c,2026-09-04T18:10:35Z,2026-09-11T00:35:00Z,Los Angeles Rams,San Francisco 49ers,LA,SF,betonlineag,h2h,Los Angeles Rams,-205.0,
acc580d74344ea3b31bbcdd057fe6a9c,2026-09-04T18:10:35Z,2026-09-11T00:35:00Z,Los Angeles Rams,San Francisco 49ers,LA,SF,betonlineag,h2h,San Francisco 49ers,177.0,
acc580d74344ea3b31bbcdd057fe6a9c,2026-09-04T18:10:35Z,2026-09-11T00:35:00Z,Los Angeles Rams,San Francisco 49ers,LA,SF,betonlineag,spreads,Los Angeles Rams,-110.0,-4.0
acc580d74344ea3b31bbcdd057fe6a9c,2026-09-04T18:10:35Z,2026-09-11T00:35:00Z,Los Angeles Rams,San Francisco 49ers,LA,SF,betonlineag,spreads,San Francisco 49ers,-110.0,4.0
acc580d74344ea3b31bbcdd057fe6a9c,2026-09-04T18:10:35Z,2026-09-11T00:35:00Z,Los Angeles Rams,San Francisco 49ers,LA,SF,betonlineag,totals,Over,-115.0,48.0
acc580d74344ea3b31bbcdd057fe6a9c,2026-09-04T18:10:35Z,2026-09-11T00:35:00Z,Los Angeles Rams,San Francisco 49ers,LA,SF,betonlineag,totals,Under,-105.0,48.0
acc580d74344ea3b31bbcdd057fe6a9c,2026-09-04T18:10:35Z,2026-09-11T00:35:00Z,Los Angeles Rams,San Francisco 49ers,LA,SF,lowvig,h2h,Los Angeles Rams,-205.0,
acc580d74344ea3b31bbcdd057fe6a9c,2026-09-04T18:10:35Z,2026-09-11T00:35:00Z,Los Angeles Rams,San Francisco 49ers,LA,SF,lowvig,h2h,San Francisco 49ers,177.0,
acc580d74344ea3b31bbcdd057fe6a9c,2026-09-04T18:10:35Z,2026-09-11T00:35:00Z,Los Angeles Rams,San Francisco 49ers,LA,SF,lowvig,spreads,Los Angeles Rams,-105.0,-4.0
acc580d74344ea3b31bbcdd057fe6a9c,2026-09-04T18:10:35Z,2026-09-11T00:35:00Z,Los Angeles Rams,San Francisco 49ers,LA,SF,lowvig,spreads,San Francisco 49ers,-105.0,4.0
acc580d74344ea3b31bbcdd057fe6a9c,2026-09-04T18:10:35Z,2026-09-11T00:35:00Z,Los Angeles Rams,San Francisco 49ers,LA,SF,lowvig,totals,Over,-113.0,48.0
acc580d74344ea3b31bbcdd057fe6a9c,2026-09-04T18:10:35Z,2026-09-11T00:35:00Z,Los Angeles Rams,San Francisco 49ers,LA,SF,lowvig,totals,Under,-102.0,48.0
acc580d74344ea3b31bbcdd057fe6a9c,2026-09-04T18:10:35Z,2026-09-11T00:35:00Z,Los Angeles Rams,San Francisco 49ers,LA,SF,betrivers,h2h,Los Angeles Rams,-205.0,
acc580d74344ea3b31bbcdd057fe6a9c,2026-09-04T18:10:35Z,2026-09-11T00:35:00Z,Los Angeles Rams,San Francisco 49ers,LA,SF,betrivers,h2h,San Francisco 49ers,160.0,
acc580d74344ea3b31bbcdd057fe6a9c,2026-09-04T18:10:35Z,2026-09-11T00:35:00Z,Los Angeles Rams,San Francisco 49ers,LA,SF,betrivers,spreads,Los Angeles Rams,-113.0,-3.5
acc580d74344ea3b31bbcdd057fe6a9c,2026-09-04T18:10:35Z,2026-09-11T00:35:00Z,Los Angeles Rams,San Francisco 49ers,LA,SF,betrivers,spreads,San Francisco 49ers,-108.0,3.5
acc580d74344ea3b31bbcdd057fe6a9c,2026-09-04T18:10:35Z,2026-09-11T00:35:00Z,Los Angeles Rams,San Francisco 49ers,LA,SF,betrivers,totals,Over,-110.0,48.5
acc580d74344ea3b31bbcdd057fe6a9c,2026-09-04T18:10:35Z,2026-09-11T00:35:00Z,Los Angeles Rams,San Francisco 49ers,LA,SF,betrivers,totals,Under,-110.0,48.5
acc580d74344ea3b31bbcdd057fe6a9c,2026-09-04T18:10:35Z,2026-09-11T00:35:00Z,Los Angeles Rams,San Francisco 49ers,LA,SF,bovada,h2h,Los Angeles Rams,-220.0,
acc580d74344ea3b31bbcdd057fe6a9c,2026-09-04T18:10:35Z,2026-09-11T00:35:00Z,Los Angeles Rams,San Francisco 49ers,LA,SF,bovada,h2h,San Francisco 49ers,180.0,
acc580d74344ea3b31bbcdd057fe6a9c,2026-09-04T18:10:35Z,2026-09-11T00:35:00Z,Los Angeles Rams,San Francisco 49ers,LA,SF,bovada,spreads,Los Angeles Rams,-110.0,-4.0
acc580d74344ea3b31bbcdd057fe6a9c,2026-09-04T18:10:35Z,2026-09-11T00:35:00Z,Los Angeles Rams,San Francisco 49ers,LA,SF,bovada,spreads,San Francisco 49ers,-110.0,4.0
acc580d74344ea3b31bbcdd057fe6a9c,2026-09-04T18:10:35Z,2026-09-11T00:35:00Z,Los Angeles Rams,San Francisco 49ers,LA,SF,bovada,totals,Over,-110.0,48.0
acc580d74344ea3b31bbcdd057fe6a9c,2026-09-04T18:10:35Z,2026-09-11T00:35:00Z,Los Angeles Rams,San Francisco 49ers,LA,SF,bovada,totals,Under,-110.0,48.0
acc580d74344ea3b31bbcdd057fe6a9c,2026-09-04T18:10:35Z,2026-09-11T00:35:00Z,Los Angeles Rams,San Francisco 49ers,LA,SF,betus,h2h,Los Angeles Rams,-205.0,
acc580d74344ea3b31bbcdd057fe6a9c,2026-09-04T18:10:35Z,2026-09-11T00:35:00Z,Los Angeles Rams,San Francisco 49ers,LA,SF,betus,h2h,San Francisco 49ers,175.0,
acc580d74344ea3b31bbcdd057fe6a9c,2026-09-04T18:10:35Z,2026-09-11T00:35:00Z,Los Angeles Rams,San Francisco 49ers,LA,SF,betus,spreads,Los Angeles Rams,-110.0,-4.0
acc580d74344ea3b31bbcdd057fe6a9c,2026-09-04T18:10:35Z,2026-09-11T00:35:00Z,Los Angeles Rams,San Francisco 49ers,LA,SF,betus,spreads,San Francisco 49ers,-110.0,4.0
acc580d74344ea3b31bbcdd057fe6a9c,2026-09-04T18:10:35Z,2026-09-11T00:35:00Z,Los Angeles Rams,San Francisco 49ers,LA,SF,betus,totals,Over,-110.0,48.0
acc580d74344ea3b31bbcdd057fe6a9c,2026-09-04T18:10:35Z,2026-09-11T00:35:00Z,Los Angeles Rams,San Francisco 49ers,LA,SF,betus,totals,Under,-110.0,48.0
acc580d74344ea3b31bbcdd057fe6a9c,2026-09-04T18:10:35Z,2026-09-11T00:35:00Z,Los Angeles Rams,San Francisco 49ers,LA,SF,mybookieag,h2h,Los Angeles Rams,-212.0,
acc580d74344ea3b31bbcdd057fe6a9c,2026-09-04T18:10:35Z,2026-09-11T00:35:00Z,Los Angeles Rams,San Francisco 49ers,LA,SF,mybookieag,h2h,San Francisco 49ers,163.0,
acc580d74344ea3b31bbcdd057fe6a9c,2026-09-04T18:10:35Z,2026-09-11T00:35:00Z,Los Angeles Rams,San Francisco 49ers,LA,SF,mybookieag,spreads,Los Angeles Rams,-110.0,-4.0
acc580d74344ea3b31bbcdd057fe6a9c,2026-09-04T18:10:35Z,2026-09-11T00:35:00Z,Los Angeles Rams,San Francisco 49ers,LA,SF,mybookieag,spreads,San Francisco 49ers,-110.0,4.0
acc580d74344ea3b31bbcdd057fe6a9c,2026-09-04T18:10:35Z,2026-09-11T00:35:00Z,Los Angeles Rams,San Francisco 49ers,LA,SF,mybookieag,totals,Over,-110.0,48.0
acc580d74344ea3b31bbcdd057fe6a9c,2026-09-04T18:10:35Z,2026-09-11T00:35:00Z,Los Angeles Rams,San Francisco 49ers,LA,SF,mybookieag,totals,Under,-110.0,48.0
acc580d74344ea3b31bbcdd057fe6a9c,2026-09-04T20:11:22Z,2026-09-11T00:35:00Z,Los Angeles Rams,San Francisco 49ers,LA,SF,draftkings,h2h,Los Angeles Rams,-198.0,
acc580d74344ea3b31bbcdd057fe6a9c,2026-09-04T20:11:22Z,2026-09-11T00:35:00Z,Los Angeles Rams,San Francisco 49ers,LA,SF,draftkings,h2h,San Francisco 49ers,164.0,
acc580d74344ea3b31bbcdd057fe6a9c,2026-09-04T20:11:22Z,2026-09-11T00:35:00Z,Los Angeles Rams,San Francisco 49ers,LA,SF,draftkings,spreads,Los Angeles Rams,-112.0,-3.5
acc580d74344ea3b31bbcdd057fe6a9c,2026-09-04T20:11:22Z,2026-09-11T00:35:00Z,Los Angeles Rams,San Francisco 49ers,LA,SF,draftkings,spreads,San Francisco 49ers,-108.0,3.5
acc580d74344ea3b31bbcdd057fe6a9c,2026-09-04T20:11:22Z,2026-09-11T00:35:00Z,Los Angeles Rams,San Francisco 49ers,LA,SF,draftkings,totals,Over,-105.0,48.5
acc580d74344ea3b31bbcdd057fe6a9c,2026-09-04T20:11:22Z,2026-09-11T00:35:00Z,Los Angeles Rams,San Francisco 49ers,LA,SF,draftkings,totals,Under,-115.0,48.5
acc580d74344ea3b31bbcdd057fe6a9c,2026-09-04T20:11:22Z,2026-09-11T00:35:00Z,Los Angeles Rams,San Francisco 49ers,LA,SF,betmgm,h2h,Los Angeles Rams,-210.0,
acc580d74344ea3b31bbcdd057fe6a9c,2026-09-04T20:11:22Z,2026-09-11T00:35:00Z,Los Angeles Rams,San Francisco 49ers,LA,SF,betmgm,h2h,San Francisco 49ers,170.0,
acc580d74344ea3b31bbcdd057fe6a9c,2026-09-04T20:11:22Z,2026-09-11T00:35:00Z,Los Angeles Rams,San Francisco 49ers,LA,SF,betmgm,spreads,Los Angeles Rams,-112.0,-3.5
acc580d74344ea3b31bbcdd057fe6a9c,2026-09-04T20:11:22Z,2026-09-11T00:35:00Z,Los Angeles Rams,San Francisco 49ers,LA,SF,betmgm,spreads,San Francisco 49ers,-105.0,3.5
acc580d74344ea3b31bbcdd057fe6a9c,2026-09-04T20:11:22Z,2026-09-11T00:35:00Z,Los Angeles Rams,San Francisco 49ers,LA,SF,betmgm,totals,Over,-108.0,48.5
acc580d74344ea3b31bbcdd057fe6a9c,2026-09-04T20:11:22Z,2026-09-11T00:35:00Z,Los Angeles Rams,San Francisco 49ers,LA,SF,betmgm,totals,Under,-110.0,48.5
acc580d74344ea3b31bbcdd057fe6a9c,2026-09-04T20:11:22Z,2026-09-11T00:35:00Z,Los Angeles Rams,San Francisco 49ers,LA,SF,fanduel,h2h,Los Angeles Rams,-196.0,
acc580d74344ea3b31bbcdd057fe6a9c,2026-09-04T20:11:22Z,2026-09-11T00:35:00Z,Los Angeles Rams,San Francisco 49ers,LA,SF,fanduel,h2h,San Francisco 49ers,164.0,
acc580d74344ea3b31bbcdd057fe6a9c,2026-09-04T20:11:22Z,2026-09-11T00:35:00Z,Los Angeles Rams,San Francisco 49ers,LA,SF,fanduel,spreads,Los Angeles Rams,-115.0,-3.5
acc580d74344ea3b31bbcdd057fe6a9c,2026-09-04T20:11:22Z,2026-09-11T00:35:00Z,Los Angeles Rams,San Francisco 49ers,LA,SF,fanduel,spreads,San Francisco 49ers,-105.0,3.5
acc580d74344ea3b31bbcdd057fe6a9c,2026-09-04T20:11:22Z,2026-09-11T00:35:00Z,Los Angeles Rams,San Francisco 49ers,LA,SF,fanduel,totals,Over,-105.0,48.5
acc580d74344ea3b31bbcdd057fe6a9c,2026-09-04T20:11:22Z,2026-09-11T00:35:00Z,Los Angeles Rams,San Francisco 49ers,LA,SF,fanduel,totals,Under,-115.0,48.5
acc580d74344ea3b31bbcdd057fe6a9c,2026-09-04T20:11:22Z,2026-09-11T00:35:00Z,Los Angeles Rams,San Francisco 49ers,LA,SF,betonlineag,h2h,Los Angeles Rams,-205.0,
acc580d74344ea3b31bbcdd057fe6a9c,2026-09-04T20:11:22Z,2026-09-11T00:35:00Z,Los Angeles Rams,San Francisco 49ers,LA,SF,betonlineag,h2h,San Francisco 49ers,177.0,
acc580d74344ea3b31bbcdd057fe6a9c,2026-09-04T20:11:22Z,2026-09-11T00:35:00Z,Los Angeles Rams,San Francisco 49ers,LA,SF,betonlineag,spreads,Los Angeles Rams,-110.0,-4.0
acc580d74344ea3b31bbcdd057fe6a9c,2026-09-04T20:11:22Z,2026-09-11T00:35:00Z,Los Angeles Rams,San Francisco 49ers,LA,SF,betonlineag,spreads,San Francisco 49ers,-110.0,4.0
acc580d74344ea3b31bbcdd057fe6a9c,2026-09-04T20:11:22Z,2026-09-11T00:35:00Z,Los Angeles Rams,San Francisco 49ers,LA,SF,betonlineag,totals,Over,-115.0,48.0
acc580d74344ea3b31bbcdd057fe6a9c,2026-09-04T20:11:22Z,2026-09-11T00:35:00Z,Los Angeles Rams,San Francisco 49ers,LA,SF,betonlineag,totals,Under,-105.0,48.0
acc580d74344ea3b31bbcdd057fe6a9c,2026-09-04T20:11:22Z,2026-09-11T00:35:00Z,Los Angeles Rams,San Francisco 49ers,LA,SF,lowvig,h2h,Los Angeles Rams,-205.0,
acc580d74344ea3b31bbcdd057fe6a9c,2026-09-04T20:11:22Z,2026-09-11T00:35:00Z,Los Angeles Rams,San Francisco 49ers,LA,SF,lowvig,h2h,San Francisco 49ers,177.0,
acc580d74344ea3b31bbcdd057fe6a9c,2026-09-04T20:11:22Z,2026-09-11T00:35:00Z,Los Angeles Rams,San Francisco 49ers,LA,SF,lowvig,spreads,Los Angeles Rams,-105.0,-4.0
acc580d74344ea3b31bbcdd057fe6a9c,2026-09-04T20:11:22Z,2026-09-11T00:35:00Z,Los Angeles Rams,San Francisco 49ers,LA,SF,lowvig,spreads,San Francisco 49ers,-105.0,4.0
acc580d74344ea3b31bbcdd057fe6a9c,2026-09-04T20:11:22Z,2026-09-11T00:35:00Z,Los Angeles Rams,San Francisco 49ers,LA,SF,lowvig,totals,Over,-113.0,48.0
acc580d74344ea3b31bbcdd057fe6a9c,2026-09-04T20:11:22Z,2026-09-11T00:35:00Z,Los Angeles Rams,San Francisco 49ers,LA,SF,lowvig,totals,Under,-102.0,48.0
acc580d74344ea3b31bbcdd057fe6a9c,2026-09-04T20:11:22Z,2026-09-11T00:35:00Z,Los Angeles Rams,San Francisco 49ers,LA,SF,betrivers,h2h,Los Angeles Rams,-205.0,
acc580d74344ea3b31bbcdd057fe6a9c,2026-09-04T20:11:22Z,2026-09-11T00:35:00Z,Los Angeles Rams,San Francisco 49ers,LA,SF,betrivers,h2h,San Francisco 49ers,160.0,
acc580d74344ea3b31bbcdd057fe6a9c,2026-09-04T20:11:22Z,2026-09-11T00:35:00Z,Los Angeles Rams,San Francisco 49ers,LA,SF,betrivers,spreads,Los Angeles Rams,-113.0,-3.5
acc580d74344ea3b31bbcdd057fe6a9c,2026-09-04T20:11:22Z,2026-09-11T00:35:00Z,Los Angeles Rams,San Francisco 49ers,LA,SF,betrivers,spreads,San Francisco 49ers,-108.0,3.5
acc580d74344ea3b31bbcdd057fe6a9c,2026-09-04T20:11:22Z,2026-09-11T00:35:00Z,Los Angeles Rams,San Francisco 49ers,LA,SF,betrivers,totals,Over,-110.0,48.5
acc580d74344ea3b31bbcdd057fe6a9c,2026-09-04T20:11:22Z,2026-09-11T00:35:00Z,Los Angeles Rams,San Francisco 49ers,LA,SF,betrivers,totals,Under,-110.0,48.5
acc580d74344ea3b31bbcdd057fe6a9c,2026-09-04T20:11:22Z,2026-09-11T00:35:00Z,Los Angeles Rams,San Francisco 49ers,LA,SF,bovada,h2h,Los Angeles Rams,-220.0,
acc580d74344ea3b31bbcdd057fe6a9c,2026-09-04T20:11:22Z,2026-09-11T00:35:00Z,Los Angeles Rams,San Francisco 49ers,LA,SF,bovada,h2h,San Francisco 49ers,180.0,
acc580d74344ea3b31bbcdd057fe6a9c,2026-09-04T20:11:22Z,2026-09-11T00:35:00Z,Los Angeles Rams,San Francisco 49ers,LA,SF,bovada,spreads,Los Angeles Rams,-110.0,-4.0
acc580d74344ea3b31bbcdd057fe6a9c,2026-09-04T20:11:22Z,2026-09-11T00:35:00Z,Los Angeles Rams,San Francisco 49ers,LA,SF,bovada,spreads,San Francisco 49ers,-110.0,4.0
acc580d74344ea3b31bbcdd057fe6a9c,2026-09-04T20:11:22Z,2026-09-11T00:35:00Z,Los Angeles Rams,San Francisco 49ers,LA,SF,bovada,totals,Over,-110.0,48.0
acc580d74344ea3b31bbcdd057fe6a9c,2026-09-04T20:11:22Z,2026-09-11T00:35:00Z,Los Angeles Rams,San Francisco 49ers,LA,SF,bovada,totals,Under,-110.0,48.0
acc580d74344ea3b31bbcdd057fe6a9c,2026-09-04T20:11:22Z,2026-09-11T00:35:00Z,Los Angeles Rams,San Francisco 49ers,LA,SF,betus,h2h,Los Angeles Rams,-200.0,
acc580d74344ea3b31bbcdd057fe6a9c,2026-09-04T20:11:22Z,2026-09-11T00:35:00Z,Los Angeles Rams,San Francisco 49ers,LA,SF,betus,h2h,San Francisco 49ers,170.0,
acc580d74344ea3b31bbcdd057fe6a9c,2026-09-04T20:11:22Z,2026-09-11T00:35:00Z,Los Angeles Rams,San Francisco 49ers,LA,SF,betus,spreads,Los Angeles Rams,-110.0,-4.0
acc580d74344ea3b31bbcdd057fe6a9c,2026-09-04T20:11:22Z,2026-09-11T00:35:00Z,Los Angeles Rams,San Francisco 49ers,LA,SF,betus,spreads,San Francisco 49ers,-110.0,4.0
acc580d74344ea3b31bbcdd057fe6a9c,2026-09-04T20:11:22Z,2026-09-11T00:35:00Z,Los Angeles Rams,San Francisco 49ers,LA,SF,betus,totals,Over,-110.0,48.0
acc580d74344ea3b31bbcdd057fe6a9c,2026-09-04T20:11:22Z,2026-09-11T00:35:00Z,Los Angeles Rams,San Francisco 49ers,LA,SF,betus,totals,Under,-110.0,48.0
acc580d74344ea3b31bbcdd057fe6a9c,2026-09-04T20:11:22Z,2026-09-11T00:35:00Z,Los Angeles Rams,San Francisco 49ers,LA,SF,mybookieag,h2h,Los Angeles Rams,-212.0,
acc580d74344ea3b31bbcdd057fe6a9c,2026-09-04T20:11:22Z,2026-09-11T00:35:00Z,Los Angeles Rams,San Francisco 49ers,LA,SF,mybookieag,h2h,San Francisco 49ers,163.0,
acc580d74344ea3b31bbcdd057fe6a9c,2026-09-04T20:11:22Z,2026-09-11T00:35:00Z,Los Angeles Rams,San Francisco 49ers,LA,SF,mybookieag,spreads,Los Angeles Rams,-110.0,-4.0
acc580d74344ea3b31bbcdd057fe6a9c,2026-09-04T20:11:22Z,2026-09-11T00:35:00Z,Los Angeles Rams,San Francisco 49ers,LA,SF,mybookieag,spreads,San Francisco 49ers,-110.0,4.0
acc580d74344ea3b31bbcdd057fe6a9c,2026-09-04T20:11:22Z,2026-09-11T00:35:00Z,Los Angeles Rams,San Francisco 49ers,LA,SF,mybookieag,totals,Over,-110.0,48.0
acc580d74344ea3b31bbcdd057fe6a9c,2026-09-04T20:11:22Z,2026-09-11T00:35:00Z,Los Angeles Rams,San Francisco 49ers,LA,SF,mybookieag,totals,Under,-110.0,48.0
acc580d74344ea3b31bbcdd057fe6a9c,2026-09-04T20:18:58Z,2026-09-11T00:35:00Z,Los Angeles Rams,San Francisco 49ers,LA,SF,draftkings,h2h,Los Angeles Rams,-198.0,
acc580d74344ea3b31bbcdd057fe6a9c,2026-09-04T20:18:58Z,2026-09-11T00:35:00Z,Los Angeles Rams,San Francisco 49ers,LA,SF,draftkings,h2h,San Francisco 49ers,164.0,
acc580d74344ea3b31bbcdd057fe6a9c,2026-09-04T20:18:58Z,2026-09-11T00:35:00Z,Los Angeles Rams,San Francisco 49ers,LA,SF,draftkings,spreads,Los Angeles Rams,-112.0,-3.5
acc580d74344ea3b31bbcdd057fe6a9c,2026-09-04T20:18:58Z,2026-09-11T00:35:00Z,Los Angeles Rams,San Francisco 49ers,LA,SF,draftkings,spreads,San Francisco 49ers,-108.0,3.5
acc580d74344ea3b31bbcdd057fe6a9c,2026-09-04T20:18:58Z,2026-09-11T00:35:00Z,Los Angeles Rams,San Francisco 49ers,LA,SF,draftkings,totals,Over,-105.0,48.5
acc580d74344ea3b31bbcdd057fe6a9c,2026-09-04T20:18:58Z,2026-09-11T00:35:00Z,Los Angeles Rams,San Francisco 49ers,LA,SF,draftkings,totals,Under,-115.0,48.5
acc580d74344ea3b31bbcdd057fe6a9c,2026-09-04T20:18:58Z,2026-09-11T00:35:00Z,Los Angeles Rams,San Francisco 49ers,LA,SF,betmgm,h2h,Los Angeles Rams,-210.0,
acc580d74344ea3b31bbcdd057fe6a9c,2026-09-04T20:18:58Z,2026-09-11T00:35:00Z,Los Angeles Rams,San Francisco 49ers,LA,SF,betmgm,h2h,San Francisco 49ers,170.0,
acc580d74344ea3b31bbcdd057fe6a9c,2026-09-04T20:18:58Z,2026-09-11T00:35:00Z,Los Angeles Rams,San Francisco 49ers,LA,SF,betmgm,spreads,Los Angeles Rams,-112.0,-3.5
acc580d74344ea3b31bbcdd057fe6a9c,2026-09-04T20:18:58Z,2026-09-11T00:35:00Z,Los Angeles Rams,San Francisco 49ers,LA,SF,betmgm,spreads,San Francisco 49ers,-105.0,3.5
acc580d74344ea3b31bbcdd057fe6a9c,2026-09-04T20:18:58Z,2026-09-11T00:35:00Z,Los Angeles Rams,San Francisco 49ers,LA,SF,betmgm,totals,Over,-108.0,48.5
acc580d74344ea3b31bbcdd057fe6a9c,2026-09-04T20:18:58Z,2026-09-11T00:35:00Z,Los Angeles Rams,San Francisco 49ers,LA,SF,betmgm,totals,Under,-110.0,48.5
acc580d74344ea3b31bbcdd057fe6a9c,2026-09-04T20:18:58Z,2026-09-11T00:35:00Z,Los Angeles Rams,San Francisco 49ers,LA,SF,fanduel,h2h,Los Angeles Rams,-196.0,
acc580d74344ea3b31bbcdd057fe6a9c,2026-09-04T20:18:58Z,2026-09-11T00:35:00Z,Los Angeles Rams,San Francisco 49ers,LA,SF,fanduel,h2h,San Francisco 49ers,164.0,
acc580d74344ea3b31bbcdd057fe6a9c,2026-09-04T20:18:58Z,2026-09-11T00:35:00Z,Los Angeles Rams,San Francisco 49ers,LA,SF,fanduel,spreads,Los Angeles Rams,-115.0,-3.5
acc580d74344ea3b31bbcdd057fe6a9c,2026-09-04T20:18:58Z,2026-09-11T00:35:00Z,Los Angeles Rams,San Francisco 49ers,LA,SF,fanduel,spreads,San Francisco 49ers,-105.0,3.5
acc580d74344ea3b31bbcdd057fe6a9c,2026-09-04T20:18:58Z,2026-09-11T00:35:00Z,Los Angeles Rams,San Francisco 49ers,LA,SF,fanduel,totals,Over,-105.0,48.5
acc580d74344ea3b31bbcdd057fe6a9c,2026-09-04T20:18:58Z,2026-09-11T00:35:00Z,Los Angeles Rams,San Francisco 49ers,LA,SF,fanduel,totals,Under,-115.0,48.5
acc580d74344ea3b31bbcdd057fe6a9c,2026-09-04T20:18:58Z,2026-09-11T00:35:00Z,Los Angeles Rams,San Francisco 49ers,LA,SF,betonlineag,h2h,Los Angeles Rams,-205.0,
acc580d74344ea3b31bbcdd057fe6a9c,2026-09-04T20:18:58Z,2026-09-11T00:35:00Z,Los Angeles Rams,San Francisco 49ers,LA,SF,betonlineag,h2h,San Francisco 49ers,177.0,
acc580d74344ea3b31bbcdd057fe6a9c,2026-09-04T20:18:58Z,2026-09-11T00:35:00Z,Los Angeles Rams,San Francisco 49ers,LA,SF,betonlineag,spreads,Los Angeles Rams,-110.0,-4.0
acc580d74344ea3b31bbcdd057fe6a9c,2026-09-04T20:18:58Z,2026-09-11T00:35:00Z,Los Angeles Rams,San Francisco 49ers,LA,SF,betonlineag,spreads,San Francisco 49ers,-110.0,4.0
acc580d74344ea3b31bbcdd057fe6a9c,2026-09-04T20:18:58Z,2026-09-11T00:35:00Z,Los Angeles Rams,San Francisco 49ers,LA,SF,betonlineag,totals,Over,-115.0,48.0
acc580d74344ea3b31bbcdd057fe6a9c,2026-09-04T20:18:58Z,2026-09-11T00:35:00Z,Los Angeles Rams,San Francisco 49ers,LA,SF,betonlineag,totals,Under,-105.0,48.0
acc580d74344ea3b31bbcdd057fe6a9c,2026-09-04T20:18:58Z,2026-09-11T00:35:00Z,Los Angeles Rams,San Francisco 49ers,LA,SF,lowvig,h2h,Los Angeles Rams,-205.0,
acc580d74344ea3b31bbcdd057fe6a9c,2026-09-04T20:18:58Z,2026-09-11T00:35:00Z,Los Angeles Rams,San Francisco 49ers,LA,SF,lowvig,h2h,San Francisco 49ers,177.0,
acc580d74344ea3b31bbcdd057fe6a9c,2026-09-04T20:18:58Z,2026-09-11T00:35:00Z,Los Angeles Rams,San Francisco 49ers,LA,SF,lowvig,spreads,Los Angeles Rams,-105.0,-4.0
acc580d74344ea3b31bbcdd057fe6a9c,2026-09-04T20:18:58Z,2026-09-11T00:35:00Z,Los Angeles Rams,San Francisco 49ers,LA,SF,lowvig,spreads,San Francisco 49ers,-105.0,4.0
acc580d74344ea3b31bbcdd057fe6a9c,2026-09-04T20:18:58Z,2026-09-11T00:35:00Z,Los Angeles Rams,San Francisco 49ers,LA,SF,lowvig,totals,Over,-113.0,48.0
acc580d74344ea3b31bbcdd057fe6a9c,2026-09-04T20:18:58Z,2026-09-11T00:35:00Z,Los Angeles Rams,San Francisco 49ers,LA,SF,lowvig,totals,Under,-102.0,48.0
acc580d74344ea3b31bbcdd057fe6a9c,2026-09-04T20:18:58Z,2026-09-11T00:35:00Z,Los Angeles Rams,San Francisco 49ers,LA,SF,betrivers,h2h,Los Angeles Rams,-205.0,
acc580d74344ea3b31bbcdd057fe6a9c,2026-09-04T20:18:58Z,2026-09-11T00:35:00Z,Los Angeles Rams,San Francisco 49ers,LA,SF,betrivers,h2h,San Francisco 49ers,160.0,
acc580d74344ea3b31bbcdd057fe6a9c,2026-09-04T20:18:58Z,2026-09-11T00:35:00Z,Los Angeles Rams,San Francisco 49ers,LA,SF,betrivers,spreads,Los Angeles Rams,-113.0,-3.5
acc580d74344ea3b31bbcdd057fe6a9c,2026-09-04T20:18:58Z,2026-09-11T00:35:00Z,Los Angeles Rams,San Francisco 49ers,LA,SF,betrivers,spreads,San Francisco 49ers,-108.0,3.5
acc580d74344ea3b31bbcdd057fe6a9c,2026-09-04T20:18:58Z,2026-09-11T00:35:00Z,Los Angeles Rams,San Francisco 49ers,LA,SF,betrivers,totals,Over,-110.0,48.5
acc580d74344ea3b31bbcdd057fe6a9c,2026-09-04T20:18:58Z,2026-09-11T00:35:00Z,Los Angeles Rams,San Francisco 49ers,LA,SF,betrivers,totals,Under,-110.0,48.5
acc580d74344ea3b31bbcdd057fe6a9c,2026-09-04T20:18:58Z,2026-09-11T00:35:00Z,Los Angeles Rams,San Francisco 49ers,LA,SF,bovada,h2h,Los Angeles Rams,-220.0,
acc580d74344ea3b31bbcdd057fe6a9c,2026-09-04T20:18:58Z,2026-09-11T00:35:00Z,Los Angeles Rams,San Francisco 49ers,LA,SF,bovada,h2h,San Francisco 49ers,180.0,
acc580d74344ea3b31bbcdd057fe6a9c,2026-09-04T20:18:58Z,2026-09-11T00:35:00Z,Los Angeles Rams,San Francisco 49ers,LA,SF,bovada,spreads,Los Angeles Rams,-110.0,-4.0
acc580d74344ea3b31bbcdd057fe6a9c,2026-09-04T20:18:58Z,2026-09-11T00:35:00Z,Los Angeles Rams,San Francisco 49ers,LA,SF,bovada,spreads,San Francisco 49ers,-110.0,4.0
acc580d74344ea3b31bbcdd057fe6a9c,2026-09-04T20:18:58Z,2026-09-11T00:35:00Z,Los Angeles Rams,San Francisco 49ers,LA,SF,bovada,totals,Over,-110.0,48.0
acc580d74344ea3b31bbcdd057fe6a9c,2026-09-04T20:18:58Z,2026-09-11T00:35:00Z,Los Angeles Rams,San Francisco 49ers,LA,SF,bovada,totals,Under,-110.0,48.0
acc580d74344ea3b31bbcdd057fe6a9c,2026-09-04T20:18:58Z,2026-09-11T00:35:00Z,Los Angeles Rams,San Francisco 49ers,LA,SF,betus,h2h,Los Angeles Rams,-200.0,
acc580d74344ea3b31bbcdd057fe6a9c,2026-09-04T20:18:58Z,2026-09-11T00:35:00Z,Los Angeles Rams,San Francisco 49ers,LA,SF,betus,h2h,San Francisco 49ers,170.0,
acc580d74344ea3b31bbcdd057fe6a9c,2026-09-04T20:18:58Z,2026-09-11T00:35:00Z,Los Angeles Rams,San Francisco 49ers,LA,SF,betus,spreads,Los Angeles Rams,-110.0,-4.0
acc580d74344ea3b31bbcdd057fe6a9c,2026-09-04T20:18:58Z,2026-09-11T00:35:00Z,Los Angeles Rams,San Francisco 49ers,LA,SF,betus,spreads,San Francisco 49ers,-110.0,4.0
acc580d74344ea3b31bbcdd057fe6a9c,2026-09-04T20:18:58Z,2026-09-11T00:35:00Z,Los Angeles Rams,San Francisco 49ers,LA,SF,betus,totals,Over,-110.0,48.0
acc580d74344ea3b31bbcdd057fe6a9c,2026-09-04T20:18:58Z,2026-09-11T00:35:00Z,Los Angeles Rams,San Francisco 49ers,LA,SF,betus,totals,Under,-110.0,48.0
acc580d74344ea3b31bbcdd057fe6a9c,2026-09-04T20:18:58Z,2026-09-11T00:35:00Z,Los Angeles Rams,San Francisco 49ers,LA,SF,mybookieag,h2h,Los Angeles Rams,-212.0,
acc580d74344ea3b31bbcdd057fe6a9c,2026-09-04T20:18:58Z,2026-09-11T00:35:00Z,Los Angeles Rams,San Francisco 49ers,LA,SF,mybookieag,h2h,San Francisco 49ers,163.0,
acc580d74344ea3b31bbcdd057fe6a9c,2026-09-04T20:18:58Z,2026-09-11T00:35:00Z,Los Angeles Rams,San Francisco 49ers,LA,SF,mybookieag,spreads,Los Angeles Rams,-110.0,-4.0
acc580d74344ea3b31bbcdd057fe6a9c,2026-09-04T20:18:58Z,2026-09-11T00:35:00Z,Los Angeles Rams,San Francisco 49ers,LA,SF,mybookieag,spreads,San Francisco 49ers,-110.0,4.0
acc580d74344ea3b31bbcdd057fe6a9c,2026-09-04T20:18:58Z,2026-09-11T00:35:00Z,Los Angeles Rams,San Francisco 49ers,LA,SF,mybookieag,totals,Over,-110.0,48.0
acc580d74344ea3b31bbcdd057fe6a9c,2026-09-04T20:18:58Z,2026-09-11T00:35:00Z,Los Angeles Rams,San Francisco 49ers,LA,SF,mybookieag,totals,Under,-110.0,48.0
acc580d74344ea3b31bbcdd057fe6a9c,2026-09-05T15:48:52Z,2026-09-11T00:35:00Z,Los Angeles Rams,San Francisco 49ers,LA,SF,draftkings,h2h,Los Angeles Rams,-192.0,
acc580d74344ea3b31bbcdd057fe6a9c,2026-09-05T15:48:52Z,2026-09-11T00:35:00Z,Los Angeles Rams,San Francisco 49ers,LA,SF,draftkings,h2h,San Francisco 49ers,160.0,
acc580d74344ea3b31bbcdd057fe6a9c,2026-09-05T15:48:52Z,2026-09-11T00:35:00Z,Los Angeles Rams,San Francisco 49ers,LA,SF,draftkings,spreads,Los Angeles Rams,-112.0,-3.5
acc580d74344ea3b31bbcdd057fe6a9c,2026-09-05T15:48:52Z,2026-09-11T00:35:00Z,Los Angeles Rams,San Francisco 49ers,LA,SF,draftkings,spreads,San Francisco 49ers,-108.0,3.5
acc580d74344ea3b31bbcdd057fe6a9c,2026-09-05T15:48:52Z,2026-09-11T00:35:00Z,Los Angeles Rams,San Francisco 49ers,LA,SF,draftkings,totals,Over,-105.0,48.5
acc580d74344ea3b31bbcdd057fe6a9c,2026-09-05T15:48:52Z,2026-09-11T00:35:00Z,Los Angeles Rams,San Francisco 49ers,LA,SF,draftkings,totals,Under,-115.0,48.5
acc580d74344ea3b31bbcdd057fe6a9c,2026-09-05T15:48:52Z,2026-09-11T00:35:00Z,Los Angeles Rams,San Francisco 49ers,LA,SF,betmgm,h2h,Los Angeles Rams,-200.0,
acc580d74344ea3b31bbcdd057fe6a9c,2026-09-05T15:48:52Z,2026-09-11T00:35:00Z,Los Angeles Rams,San Francisco 49ers,LA,SF,betmgm,h2h,San Francisco 49ers,160.0,
acc580d74344ea3b31bbcdd057fe6a9c,2026-09-05T15:48:52Z,2026-09-11T00:35:00Z,Los Angeles Rams,San Francisco 49ers,LA,SF,betmgm,spreads,Los Angeles Rams,-110.0,-3.5
acc580d74344ea3b31bbcdd057fe6a9c,2026-09-05T15:48:52Z,2026-09-11T00:35:00Z,Los Angeles Rams,San Francisco 49ers,LA,SF,betmgm,spreads,San Francisco 49ers,-108.0,3.5
acc580d74344ea3b31bbcdd057fe6a9c,2026-09-05T15:48:52Z,2026-09-11T00:35:00Z,Los Angeles Rams,San Francisco 49ers,LA,SF,betmgm,totals,Over,-108.0,48.5
acc580d74344ea3b31bbcdd057fe6a9c,2026-09-05T15:48:52Z,2026-09-11T00:35:00Z,Los Angeles Rams,San Francisco 49ers,LA,SF,betmgm,totals,Under,-110.0,48.5
acc580d74344ea3b31bbcdd057fe6a9c,2026-09-05T15:48:52Z,2026-09-11T00:35:00Z,Los Angeles Rams,San Francisco 49ers,LA,SF,fanduel,h2h,Los Angeles Rams,-196.0,
acc580d74344ea3b31bbcdd057fe6a9c,2026-09-05T15:48:52Z,2026-09-11T00:35:00Z,Los Angeles Rams,San Francisco 49ers,LA,SF,fanduel,h2h,San Francisco 49ers,164.0,
acc580d74344ea3b31bbcdd057fe6a9c,2026-09-05T15:48:52Z,2026-09-11T00:35:00Z,Los Angeles Rams,San Francisco 49ers,LA,SF,fanduel,spreads,Los Angeles Rams,-115.0,-3.5
acc580d74344ea3b31bbcdd057fe6a9c,2026-09-05T15:48:52Z,2026-09-11T00:35:00Z,Los Angeles Rams,San Francisco 49ers,LA,SF,fanduel,spreads,San Francisco 49ers,-105.0,3.5
acc580d74344ea3b31bbcdd057fe6a9c,2026-09-05T15:48:52Z,2026-09-11T00:35:00Z,Los Angeles Rams,San Francisco 49ers,LA,SF,fanduel,totals,Over,-105.0,48.5
acc580d74344ea3b31bbcdd057fe6a9c,2026-09-05T15:48:52Z,2026-09-11T00:35:00Z,Los Angeles Rams,San Francisco 49ers,LA,SF,fanduel,totals,Under,-115.0,48.5
acc580d74344ea3b31bbcdd057fe6a9c,2026-09-05T15:48:52Z,2026-09-11T00:35:00Z,Los Angeles Rams,San Francisco 49ers,LA,SF,betonlineag,h2h,Los Angeles Rams,-190.0,
acc580d74344ea3b31bbcdd057fe6a9c,2026-09-05T15:48:52Z,2026-09-11T00:35:00Z,Los Angeles Rams,San Francisco 49ers,LA,SF,betonlineag,h2h,San Francisco 49ers,165.0,
acc580d74344ea3b31bbcdd057fe6a9c,2026-09-05T15:48:52Z,2026-09-11T00:35:00Z,Los Angeles Rams,San Francisco 49ers,LA,SF,betonlineag,spreads,Los Angeles Rams,-110.0,-3.5
acc580d74344ea3b31bbcdd057fe6a9c,2026-09-05T15:48:52Z,2026-09-11T00:35:00Z,Los Angeles Rams,San Francisco 49ers,LA,SF,betonlineag,spreads,San Francisco 49ers,-110.0,3.5
acc580d74344ea3b31bbcdd057fe6a9c,2026-09-05T15:48:52Z,2026-09-11T00:35:00Z,Los Angeles Rams,San Francisco 49ers,LA,SF,betonlineag,totals,Over,-115.0,48.0
acc580d74344ea3b31bbcdd057fe6a9c,2026-09-05T15:48:52Z,2026-09-11T00:35:00Z,Los Angeles Rams,San Francisco 49ers,LA,SF,betonlineag,totals,Under,-105.0,48.0
acc580d74344ea3b31bbcdd057fe6a9c,2026-09-05T15:48:52Z,2026-09-11T00:35:00Z,Los Angeles Rams,San Francisco 49ers,LA,SF,lowvig,h2h,Los Angeles Rams,-190.0,
acc580d74344ea3b31bbcdd057fe6a9c,2026-09-05T15:48:52Z,2026-09-11T00:35:00Z,Los Angeles Rams,San Francisco 49ers,LA,SF,lowvig,h2h,San Francisco 49ers,165.0,
acc580d74344ea3b31bbcdd057fe6a9c,2026-09-05T15:48:52Z,2026-09-11T00:35:00Z,Los Angeles Rams,San Francisco 49ers,LA,SF,lowvig,spreads,Los Angeles Rams,-105.0,-3.5
acc580d74344ea3b31bbcdd057fe6a9c,2026-09-05T15:48:52Z,2026-09-11T00:35:00Z,Los Angeles Rams,San Francisco 49ers,LA,SF,lowvig,spreads,San Francisco 49ers,-105.0,3.5
acc580d74344ea3b31bbcdd057fe6a9c,2026-09-05T15:48:52Z,2026-09-11T00:35:00Z,Los Angeles Rams,San Francisco 49ers,LA,SF,lowvig,totals,Over,-113.0,48.0
acc580d74344ea3b31bbcdd057fe6a9c,2026-09-05T15:48:52Z,2026-09-11T00:35:00Z,Los Angeles Rams,San Francisco 49ers,LA,SF,lowvig,totals,Under,-102.0,48.0
acc580d74344ea3b31bbcdd057fe6a9c,2026-09-05T15:48:52Z,2026-09-11T00:35:00Z,Los Angeles Rams,San Francisco 49ers,LA,SF,betrivers,h2h,Los Angeles Rams,-205.0,
acc580d74344ea3b31bbcdd057fe6a9c,2026-09-05T15:48:52Z,2026-09-11T00:35:00Z,Los Angeles Rams,San Francisco 49ers,LA,SF,betrivers,h2h,San Francisco 49ers,160.0,
acc580d74344ea3b31bbcdd057fe6a9c,2026-09-05T15:48:52Z,2026-09-11T00:35:00Z,Los Angeles Rams,San Francisco 49ers,LA,SF,betrivers,spreads,Los Angeles Rams,-113.0,-3.5
acc580d74344ea3b31bbcdd057fe6a9c,2026-09-05T15:48:52Z,2026-09-11T00:35:00Z,Los Angeles Rams,San Francisco 49ers,LA,SF,betrivers,spreads,San Francisco 49ers,-108.0,3.5
acc580d74344ea3b31bbcdd057fe6a9c,2026-09-05T15:48:52Z,2026-09-11T00:35:00Z,Los Angeles Rams,San Francisco 49ers,LA,SF,betrivers,totals,Over,-110.0,48.5
acc580d74344ea3b31bbcdd057fe6a9c,2026-09-05T15:48:52Z,2026-09-11T00:35:00Z,Los Angeles Rams,San Francisco 49ers,LA,SF,betrivers,totals,Under,-110.0,48.5
acc580d74344ea3b31bbcdd057fe6a9c,2026-09-05T15:48:52Z,2026-09-11T00:35:00Z,Los Angeles Rams,San Francisco 49ers,LA,SF,bovada,h2h,Los Angeles Rams,-200.0,
acc580d74344ea3b31bbcdd057fe6a9c,2026-09-05T15:48:52Z,2026-09-11T00:35:00Z,Los Angeles Rams,San Francisco 49ers,LA,SF,bovada,h2h,San Francisco 49ers,170.0,
acc580d74344ea3b31bbcdd057fe6a9c,2026-09-05T15:48:52Z,2026-09-11T00:35:00Z,Los Angeles Rams,San Francisco 49ers,LA,SF,bovada,spreads,Los Angeles Rams,-110.0,-3.5
acc580d74344ea3b31bbcdd057fe6a9c,2026-09-05T15:48:52Z,2026-09-11T00:35:00Z,Los Angeles Rams,San Francisco 49ers,LA,SF,bovada,spreads,San Francisco 49ers,-110.0,3.5
acc580d74344ea3b31bbcdd057fe6a9c,2026-09-05T15:48:52Z,2026-09-11T00:35:00Z,Los Angeles Rams,San Francisco 49ers,LA,SF,bovada,totals,Over,-110.0,48.0
acc580d74344ea3b31bbcdd057fe6a9c,2026-09-05T15:48:52Z,2026-09-11T00:35:00Z,Los Angeles Rams,San Francisco 49ers,LA,SF,bovada,totals,Under,-110.0,48.0
acc580d74344ea3b31bbcdd057fe6a9c,2026-09-05T15:48:52Z,2026-09-11T00:35:00Z,Los Angeles Rams,San Francisco 49ers,LA,SF,betus,h2h,Los Angeles Rams,-200.0,
acc580d74344ea3b31bbcdd057fe6a9c,2026-09-05T15:48:52Z,2026-09-11T00:35:00Z,Los Angeles Rams,San Francisco 49ers,LA,SF,betus,h2h,San Francisco 49ers,170.0,
acc580d74344ea3b31bbcdd057fe6a9c,2026-09-05T15:48:52Z,2026-09-11T00:35:00Z,Los Angeles Rams,San Francisco 49ers,LA,SF,betus,spreads,Los Angeles Rams,-110.0,-3.5
acc580d74344ea3b31bbcdd057fe6a9c,2026-09-05T15:48:52Z,2026-09-11T00:35:00Z,Los Angeles Rams,San Francisco 49ers,LA,SF,betus,spreads,San Francisco 49ers,-110.0,3.5
acc580d74344ea3b31bbcdd057fe6a9c,2026-09-05T15:48:52Z,2026-09-11T00:35:00Z,Los Angeles Rams,San Francisco 49ers,LA,SF,betus,totals,Over,-110.0,48.0
acc580d74344ea3b31bbcdd057fe6a9c,2026-09-05T15:48:52Z,2026-09-11T00:35:00Z,Los Angeles Rams,San Francisco 49ers,LA,SF,betus,totals,Under,-110.0,48.0
acc580d74344ea3b31bbcdd057fe6a9c,2026-09-05T15:48:52Z,2026-09-11T00:35:00Z,Los Angeles Rams,San Francisco 49ers,LA,SF,mybookieag,h2h,Los Angeles Rams,-208.0,
acc580d74344ea3b31bbcdd057fe6a9c,2026-09-05T15:48:52Z,2026-09-11T00:35:00Z,Los Angeles Rams,San Francisco 49ers,LA,SF,mybookieag,h2h,San Francisco 49ers,160.0,
acc580d74344ea3b31bbcdd057fe6a9c,2026-09-05T15:48:52Z,2026-09-11T00:35:00Z,Los Angeles Rams,San Francisco 49ers,LA,SF,mybookieag,spreads,Los Angeles Rams,-110.0,-4.0
acc580d74344ea3b31bbcdd057fe6a9c,2026-09-05T15:48:52Z,2026-09-11T00:35:00Z,Los Angeles Rams,San Francisco 49ers,LA,SF,mybookieag,spreads,San Francisco 49ers,-110.0,4.0
acc580d74344ea3b31bbcdd057fe6a9c,2026-09-05T15:48:52Z,2026-09-11T00:35:00Z,Los Angeles Rams,San Francisco 49ers,LA,SF,mybookieag,totals,Over,-110.0,48.0
acc580d74344ea3b31bbcdd057fe6a9c,2026-09-05T15:48:52Z,2026-09-11T00:35:00Z,Los Angeles Rams,San Francisco 49ers,LA,SF,mybookieag,totals,Under,-110.0,48.0
acc580d74344ea3b31bbcdd057fe6a9c,2026-09-06T16:00:35Z,2026-09-11T00:35:00Z,Los Angeles Rams,San Francisco 49ers,LA,SF,draftkings,h2h,Los Angeles Rams,-192.0,
acc580d74344ea3b31bbcdd057fe6a9c,2026-09-06T16:00:35Z,2026-09-11T00:35:00Z,Los Angeles Rams,San Francisco 49ers,LA,SF,draftkings,h2h,San Francisco 49ers,160.0,
acc580d74344ea3b31bbcdd057fe6a9c,2026-09-06T16:00:35Z,2026-09-11T00:35:00Z,Los Angeles Rams,San Francisco 49ers,LA,SF,draftkings,spreads,Los Angeles Rams,-108.0,-3.5
acc580d74344ea3b31bbcdd057fe6a9c,2026-09-06T16:00:35Z,2026-09-11T00:35:00Z,Los Angeles Rams,San Francisco 49ers,LA,SF,draftkings,spreads,San Francisco 49ers,-112.0,3.5
acc580d74344ea3b31bbcdd057fe6a9c,2026-09-06T16:00:35Z,2026-09-11T00:35:00Z,Los Angeles Rams,San Francisco 49ers,LA,SF,draftkings,totals,Over,-105.0,48.5
acc580d74344ea3b31bbcdd057fe6a9c,2026-09-06T16:00:35Z,2026-09-11T00:35:00Z,Los Angeles Rams,San Francisco 49ers,LA,SF,draftkings,totals,Under,-115.0,48.5
acc580d74344ea3b31bbcdd057fe6a9c,2026-09-06T16:00:35Z,2026-09-11T00:35:00Z,Los Angeles Rams,San Francisco 49ers,LA,SF,betmgm,h2h,Los Angeles Rams,-200.0,
acc580d74344ea3b31bbcdd057fe6a9c,2026-09-06T16:00:35Z,2026-09-11T00:35:00Z,Los Angeles Rams,San Francisco 49ers,LA,SF,betmgm,h2h,San Francisco 49ers,160.0,
acc580d74344ea3b31bbcdd057fe6a9c,2026-09-06T16:00:35Z,2026-09-11T00:35:00Z,Los Angeles Rams,San Francisco 49ers,LA,SF,betmgm,spreads,Los Angeles Rams,-110.0,-3.5
acc580d74344ea3b31bbcdd057fe6a9c,2026-09-06T16:00:35Z,2026-09-11T00:35:00Z,Los Angeles Rams,San Francisco 49ers,LA,SF,betmgm,spreads,San Francisco 49ers,-108.0,3.5
acc580d74344ea3b31bbcdd057fe6a9c,2026-09-06T16:00:35Z,2026-09-11T00:35:00Z,Los Angeles Rams,San Francisco 49ers,LA,SF,betmgm,totals,Over,-108.0,48.5
acc580d74344ea3b31bbcdd057fe6a9c,2026-09-06T16:00:35Z,2026-09-11T00:35:00Z,Los Angeles Rams,San Francisco 49ers,LA,SF,betmgm,totals,Under,-110.0,48.5
acc580d74344ea3b31bbcdd057fe6a9c,2026-09-06T16:00:35Z,2026-09-11T00:35:00Z,Los Angeles Rams,San Francisco 49ers,LA,SF,fanduel,h2h,Los Angeles Rams,-196.0,
acc580d74344ea3b31bbcdd057fe6a9c,2026-09-06T16:00:35Z,2026-09-11T00:35:00Z,Los Angeles Rams,San Francisco 49ers,LA,SF,fanduel,h2h,San Francisco 49ers,164.0,
acc580d74344ea3b31bbcdd057fe6a9c,2026-09-06T16:00:35Z,2026-09-11T00:35:00Z,Los Angeles Rams,San Francisco 49ers,LA,SF,fanduel,spreads,Los Angeles Rams,-115.0,-3.5
acc580d74344ea3b31bbcdd057fe6a9c,2026-09-06T16:00:35Z,2026-09-11T00:35:00Z,Los Angeles Rams,San Francisco 49ers,LA,SF,fanduel,spreads,San Francisco 49ers,-105.0,3.5
acc580d74344ea3b31bbcdd057fe6a9c,2026-09-06T16:00:35Z,2026-09-11T00:35:00Z,Los Angeles Rams,San Francisco 49ers,LA,SF,fanduel,totals,Over,-105.0,48.5
acc580d74344ea3b31bbcdd057fe6a9c,2026-09-06T16:00:35Z,2026-09-11T00:35:00Z,Los Angeles Rams,San Francisco 49ers,LA,SF,fanduel,totals,Under,-115.0,48.5
acc580d74344ea3b31bbcdd057fe6a9c,2026-09-06T16:00:35Z,2026-09-11T00:35:00Z,Los Angeles Rams,San Francisco 49ers,LA,SF,betonlineag,h2h,Los Angeles Rams,-190.0,
acc580d74344ea3b31bbcdd057fe6a9c,2026-09-06T16:00:35Z,2026-09-11T00:35:00Z,Los Angeles Rams,San Francisco 49ers,LA,SF,betonlineag,h2h,San Francisco 49ers,165.0,
acc580d74344ea3b31bbcdd057fe6a9c,2026-09-06T16:00:35Z,2026-09-11T00:35:00Z,Los Angeles Rams,San Francisco 49ers,LA,SF,betonlineag,spreads,Los Angeles Rams,-110.0,-3.5
acc580d74344ea3b31bbcdd057fe6a9c,2026-09-06T16:00:35Z,2026-09-11T00:35:00Z,Los Angeles Rams,San Francisco 49ers,LA,SF,betonlineag,spreads,San Francisco 49ers,-110.0,3.5
acc580d74344ea3b31bbcdd057fe6a9c,2026-09-06T16:00:35Z,2026-09-11T00:35:00Z,Los Angeles Rams,San Francisco 49ers,LA,SF,betonlineag,totals,Over,-115.0,48.0
acc580d74344ea3b31bbcdd057fe6a9c,2026-09-06T16:00:35Z,2026-09-11T00:35:00Z,Los Angeles Rams,San Francisco 49ers,LA,SF,betonlineag,totals,Under,-105.0,48.0
acc580d74344ea3b31bbcdd057fe6a9c,2026-09-06T16:00:35Z,2026-09-11T00:35:00Z,Los Angeles Rams,San Francisco 49ers,LA,SF,lowvig,h2h,Los Angeles Rams,-190.0,
acc580d74344ea3b31bbcdd057fe6a9c,2026-09-06T16:00:35Z,2026-09-11T00:35:00Z,Los Angeles Rams,San Francisco 49ers,LA,SF,lowvig,h2h,San Francisco 49ers,165.0,
acc580d74344ea3b31bbcdd057fe6a9c,2026-09-06T16:00:35Z,2026-09-11T00:35:00Z,Los Angeles Rams,San Francisco 49ers,LA,SF,lowvig,spreads,Los Angeles Rams,-105.0,-3.5
acc580d74344ea3b31bbcdd057fe6a9c,2026-09-06T16:00:35Z,2026-09-11T00:35:00Z,Los Angeles Rams,San Francisco 49ers,LA,SF,lowvig,spreads,San Francisco 49ers,-105.0,3.5
acc580d74344ea3b31bbcdd057fe6a9c,2026-09-06T16:00:35Z,2026-09-11T00:35:00Z,Los Angeles Rams,San Francisco 49ers,LA,SF,lowvig,totals,Over,-113.0,48.0
acc580d74344ea3b31bbcdd057fe6a9c,2026-09-06T16:00:35Z,2026-09-11T00:35:00Z,Los Angeles Rams,San Francisco 49ers,LA,SF,lowvig,totals,Under,-102.0,48.0
acc580d74344ea3b31bbcdd057fe6a9c,2026-09-06T16:00:35Z,2026-09-11T00:35:00Z,Los Angeles Rams,San Francisco 49ers,LA,SF,betrivers,h2h,Los Angeles Rams,-205.0,
acc580d74344ea3b31bbcdd057fe6a9c,2026-09-06T16:00:35Z,2026-09-11T00:35:00Z,Los Angeles Rams,San Francisco 49ers,LA,SF,betrivers,h2h,San Francisco 49ers,160.0,
acc580d74344ea3b31bbcdd057fe6a9c,2026-09-06T16:00:35Z,2026-09-11T00:35:00Z,Los Angeles Rams,San Francisco 49ers,LA,SF,betrivers,spreads,Los Angeles Rams,-113.0,-3.5
acc580d74344ea3b31bbcdd057fe6a9c,2026-09-06T16:00:35Z,2026-09-11T00:35:00Z,Los Angeles Rams,San Francisco 49ers,LA,SF,betrivers,spreads,San Francisco 49ers,-108.0,3.5
acc580d74344ea3b31bbcdd057fe6a9c,2026-09-06T16:00:35Z,2026-09-11T00:35:00Z,Los Angeles Rams,San Francisco 49ers,LA,SF,betrivers,totals,Over,-110.0,48.5
acc580d74344ea3b31bbcdd057fe6a9c,2026-09-06T16:00:35Z,2026-09-11T00:35:00Z,Los Angeles Rams,San Francisco 49ers,LA,SF,betrivers,totals,Under,-110.0,48.5
acc580d74344ea3b31bbcdd057fe6a9c,2026-09-06T16:00:35Z,2026-09-11T00:35:00Z,Los Angeles Rams,San Francisco 49ers,LA,SF,bovada,h2h,Los Angeles Rams,-195.0,
acc580d74344ea3b31bbcdd057fe6a9c,2026-09-06T16:00:35Z,2026-09-11T00:35:00Z,Los Angeles Rams,San Francisco 49ers,LA,SF,bovada,h2h,San Francisco 49ers,165.0,
acc580d74344ea3b31bbcdd057fe6a9c,2026-09-06T16:00:35Z,2026-09-11T00:35:00Z,Los Angeles Rams,San Francisco 49ers,LA,SF,bovada,spreads,Los Angeles Rams,-105.0,-3.5
acc580d74344ea3b31bbcdd057fe6a9c,2026-09-06T16:00:35Z,2026-09-11T00:35:00Z,Los Angeles Rams,San Francisco 49ers,LA,SF,bovada,spreads,San Francisco 49ers,-115.0,3.5
acc580d74344ea3b31bbcdd057fe6a9c,2026-09-06T16:00:35Z,2026-09-11T00:35:00Z,Los Angeles Rams,San Francisco 49ers,LA,SF,bovada,totals,Over,-110.0,48.0
acc580d74344ea3b31bbcdd057fe6a9c,2026-09-06T16:00:35Z,2026-09-11T00:35:00Z,Los Angeles Rams,San Francisco 49ers,LA,SF,bovada,totals,Under,-110.0,48.0
acc580d74344ea3b31bbcdd057fe6a9c,2026-09-06T16:00:35Z,2026-09-11T00:35:00Z,Los Angeles Rams,San Francisco 49ers,LA,SF,betus,h2h,Los Angeles Rams,-195.0,
acc580d74344ea3b31bbcdd057fe6a9c,2026-09-06T16:00:35Z,2026-09-11T00:35:00Z,Los Angeles Rams,San Francisco 49ers,LA,SF,betus,h2h,San Francisco 49ers,167.0,
acc580d74344ea3b31bbcdd057fe6a9c,2026-09-06T16:00:35Z,2026-09-11T00:35:00Z,Los Angeles Rams,San Francisco 49ers,LA,SF,betus,spreads,Los Angeles Rams,-110.0,-3.5
acc580d74344ea3b31bbcdd057fe6a9c,2026-09-06T16:00:35Z,2026-09-11T00:35:00Z,Los Angeles Rams,San Francisco 49ers,LA,SF,betus,spreads,San Francisco 49ers,-110.0,3.5
acc580d74344ea3b31bbcdd057fe6a9c,2026-09-06T16:00:35Z,2026-09-11T00:35:00Z,Los Angeles Rams,San Francisco 49ers,LA,SF,betus,totals,Over,-110.0,48.0
acc580d74344ea3b31bbcdd057fe6a9c,2026-09-06T16:00:35Z,2026-09-11T00:35:00Z,Los Angeles Rams,San Francisco 49ers,LA,SF,betus,totals,Under,-110.0,48.0
acc580d74344ea3b31bbcdd057fe6a9c,2026-09-06T16:00:35Z,2026-09-11T00:35:00Z,Los Angeles Rams,San Francisco 49ers,LA,SF,mybookieag,h2h,Los Angeles Rams,-197.0,
acc580d74344ea3b31bbcdd057fe6a9c,2026-09-06T16:00:35Z,2026-09-11T00:35:00Z,Los Angeles Rams,San Francisco 49ers,LA,SF,mybookieag,h2h,San Francisco 49ers,152.0,
acc580d74344ea3b31bbcdd057fe6a9c,2026-09-06T16:00:35Z,2026-09-11T00:35:00Z,Los Angeles Rams,San Francisco 49ers,LA,SF,mybookieag,spreads,Los Angeles Rams,-110.0,-3.5
acc580d74344ea3b31bbcdd057fe6a9c,2026-09-06T16:00:35Z,2026-09-11T00:35:00Z,Los Angeles Rams,San Francisco 49ers,LA,SF,mybookieag,spreads,San Francisco 49ers,-110.0,3.5
acc580d74344ea3b31bbcdd057fe6a9c,2026-09-06T16:00:35Z,2026-09-11T00:35:00Z,Los Angeles Rams,San Francisco 49ers,LA,SF,mybookieag,totals,Over,-110.0,48.0
acc580d74344ea3b31bbcdd057fe6a9c,2026-09-06T16:00:35Z,2026-09-11T00:35:00Z,Los Angeles Rams,San Francisco 49ers,LA,SF,mybookieag,totals,Under,-110.0,48.0
acc580d74344ea3b31bbcdd057fe6a9c,2026-09-07T18:08:19Z,2026-09-11T00:35:00Z,Los Angeles Rams,San Francisco 49ers,LA,SF,draftkings,h2h,Los Angeles Rams,-185.0,
acc580d74344ea3b31bbcdd057fe6a9c,2026-09-07T18:08:19Z,2026-09-11T00:35:00Z,Los Angeles Rams,San Francisco 49ers,LA,SF,draftkings,h2h,San Francisco 49ers,154.0,
acc580d74344ea3b31bbcdd057fe6a9c,2026-09-07T18:08:19Z,2026-09-11T00:35:00Z,Los Angeles Rams,San Francisco 49ers,LA,SF,draftkings,spreads,Los Angeles Rams,-108.0,-3.5
acc580d74344ea3b31bbcdd057fe6a9c,2026-09-07T18:08:19Z,2026-09-11T00:35:00Z,Los Angeles Rams,San Francisco 49ers,LA,SF,draftkings,spreads,San Francisco 49ers,-112.0,3.5
acc580d74344ea3b31bbcdd057fe6a9c,2026-09-07T18:08:19Z,2026-09-11T00:35:00Z,Los Angeles Rams,San Francisco 49ers,LA,SF,draftkings,totals,Over,-105.0,48.5
acc580d74344ea3b31bbcdd057fe6a9c,2026-09-07T18:08:19Z,2026-09-11T00:35:00Z,Los Angeles Rams,San Francisco 49ers,LA,SF,draftkings,totals,Under,-115.0,48.5
acc580d74344ea3b31bbcdd057fe6a9c,2026-09-07T18:08:19Z,2026-09-11T00:35:00Z,Los Angeles Rams,San Francisco 49ers,LA,SF,betmgm,h2h,Los Angeles Rams,-190.0,
acc580d74344ea3b31bbcdd057fe6a9c,2026-09-07T18:08:19Z,2026-09-11T00:35:00Z,Los Angeles Rams,San Francisco 49ers,LA,SF,betmgm,h2h,San Francisco 49ers,160.0,
acc580d74344ea3b31bbcdd057fe6a9c,2026-09-07T18:08:19Z,2026-09-11T00:35:00Z,Los Angeles Rams,San Francisco 49ers,LA,SF,betmgm,spreads,Los Angeles Rams,-110.0,-3.5
acc580d74344ea3b31bbcdd057fe6a9c,2026-09-07T18:08:19Z,2026-09-11T00:35:00Z,Los Angeles Rams,San Francisco 49ers,LA,SF,betmgm,spreads,San Francisco 49ers,-108.0,3.5
acc580d74344ea3b31bbcdd057fe6a9c,2026-09-07T18:08:19Z,2026-09-11T00:35:00Z,Los Angeles Rams,San Francisco 49ers,LA,SF,betmgm,totals,Over,-108.0,48.5
acc580d74344ea3b31bbcdd057fe6a9c,2026-09-07T18:08:19Z,2026-09-11T00:35:00Z,Los Angeles Rams,San Francisco 49ers,LA,SF,betmgm,totals,Under,-110.0,48.5
acc580d74344ea3b31bbcdd057fe6a9c,2026-09-07T18:08:19Z,2026-09-11T00:35:00Z,Los Angeles Rams,San Francisco 49ers,LA,SF,fanduel,h2h,Los Angeles Rams,-196.0,
acc580d74344ea3b31bbcdd057fe6a9c,2026-09-07T18:08:19Z,2026-09-11T00:35:00Z,Los Angeles Rams,San Francisco 49ers,LA,SF,fanduel,h2h,San Francisco 49ers,164.0,
acc580d74344ea3b31bbcdd057fe6a9c,2026-09-07T18:08:19Z,2026-09-11T00:35:00Z,Los Angeles Rams,San Francisco 49ers,LA,SF,fanduel,spreads,Los Angeles Rams,-114.0,-3.5
acc580d74344ea3b31bbcdd057fe6a9c,2026-09-07T18:08:19Z,2026-09-11T00:35:00Z,Los Angeles Rams,San Francisco 49ers,LA,SF,fanduel,spreads,San Francisco 49ers,-106.0,3.5
acc580d74344ea3b31bbcdd057fe6a9c,2026-09-07T18:08:19Z,2026-09-11T00:35:00Z,Los Angeles Rams,San Francisco 49ers,LA,SF,fanduel,totals,Over,-105.0,48.5
acc580d74344ea3b31bbcdd057fe6a9c,2026-09-07T18:08:19Z,2026-09-11T00:35:00Z,Los Angeles Rams,San Francisco 49ers,LA,SF,fanduel,totals,Under,-115.0,48.5
acc580d74344ea3b31bbcdd057fe6a9c,2026-09-07T18:08:19Z,2026-09-11T00:35:00Z,Los Angeles Rams,San Francisco 49ers,LA,SF,betonlineag,h2h,Los Angeles Rams,-185.0,
acc580d74344ea3b31bbcdd057fe6a9c,2026-09-07T18:08:19Z,2026-09-11T00:35:00Z,Los Angeles Rams,San Francisco 49ers,LA,SF,betonlineag,h2h,San Francisco 49ers,161.0,
acc580d74344ea3b31bbcdd057fe6a9c,2026-09-07T18:08:19Z,2026-09-11T00:35:00Z,Los Angeles Rams,San Francisco 49ers,LA,SF,betonlineag,spreads,Los Angeles Rams,-110.0,-3.5
acc580d74344ea3b31bbcdd057fe6a9c,2026-09-07T18:08:19Z,2026-09-11T00:35:00Z,Los Angeles Rams,San Francisco 49ers,LA,SF,betonlineag,spreads,San Francisco 49ers,-110.0,3.5
acc580d74344ea3b31bbcdd057fe6a9c,2026-09-07T18:08:19Z,2026-09-11T00:35:00Z,Los Angeles Rams,San Francisco 49ers,LA,SF,betonlineag,totals,Over,-115.0,48.0
acc580d74344ea3b31bbcdd057fe6a9c,2026-09-07T18:08:19Z,2026-09-11T00:35:00Z,Los Angeles Rams,San Francisco 49ers,LA,SF,betonlineag,totals,Under,-105.0,48.0
acc580d74344ea3b31bbcdd057fe6a9c,2026-09-07T18:08:19Z,2026-09-11T00:35:00Z,Los Angeles Rams,San Francisco 49ers,LA,SF,lowvig,h2h,Los Angeles Rams,-185.0,
acc580d74344ea3b31bbcdd057fe6a9c,2026-09-07T18:08:19Z,2026-09-11T00:35:00Z,Los Angeles Rams,San Francisco 49ers,LA,SF,lowvig,h2h,San Francisco 49ers,161.0,
acc580d74344ea3b31bbcdd057fe6a9c,2026-09-07T18:08:19Z,2026-09-11T00:35:00Z,Los Angeles Rams,San Francisco 49ers,LA,SF,lowvig,spreads,Los Angeles Rams,-105.0,-3.5
acc580d74344ea3b31bbcdd057fe6a9c,2026-09-07T18:08:19Z,2026-09-11T00:35:00Z,Los Angeles Rams,San Francisco 49ers,LA,SF,lowvig,spreads,San Francisco 49ers,-105.0,3.5
acc580d74344ea3b31bbcdd057fe6a9c,2026-09-07T18:08:19Z,2026-09-11T00:35:00Z,Los Angeles Rams,San Francisco 49ers,LA,SF,lowvig,totals,Over,-113.0,48.0
acc580d74344ea3b31bbcdd057fe6a9c,2026-09-07T18:08:19Z,2026-09-11T00:35:00Z,Los Angeles Rams,San Francisco 49ers,LA,SF,lowvig,totals,Under,-102.0,48.0
acc580d74344ea3b31bbcdd057fe6a9c,2026-09-07T18:08:19Z,2026-09-11T00:35:00Z,Los Angeles Rams,San Francisco 49ers,LA,SF,betrivers,h2h,Los Angeles Rams,-205.0,
acc580d74344ea3b31bbcdd057fe6a9c,2026-09-07T18:08:19Z,2026-09-11T00:35:00Z,Los Angeles Rams,San Francisco 49ers,LA,SF,betrivers,h2h,San Francisco 49ers,160.0,
acc580d74344ea3b31bbcdd057fe6a9c,2026-09-07T18:08:19Z,2026-09-11T00:35:00Z,Los Angeles Rams,San Francisco 49ers,LA,SF,betrivers,spreads,Los Angeles Rams,-113.0,-3.5
acc580d74344ea3b31bbcdd057fe6a9c,2026-09-07T18:08:19Z,2026-09-11T00:35:00Z,Los Angeles Rams,San Francisco 49ers,LA,SF,betrivers,spreads,San Francisco 49ers,-108.0,3.5
acc580d74344ea3b31bbcdd057fe6a9c,2026-09-07T18:08:19Z,2026-09-11T00:35:00Z,Los Angeles Rams,San Francisco 49ers,LA,SF,betrivers,totals,Over,-110.0,48.5
acc580d74344ea3b31bbcdd057fe6a9c,2026-09-07T18:08:19Z,2026-09-11T00:35:00Z,Los Angeles Rams,San Francisco 49ers,LA,SF,betrivers,totals,Under,-110.0,48.5
acc580d74344ea3b31bbcdd057fe6a9c,2026-09-07T18:08:19Z,2026-09-11T00:35:00Z,Los Angeles Rams,San Francisco 49ers,LA,SF,bovada,h2h,Los Angeles Rams,-200.0,
acc580d74344ea3b31bbcdd057fe6a9c,2026-09-07T18:08:19Z,2026-09-11T00:35:00Z,Los Angeles Rams,San Francisco 49ers,LA,SF,bovada,h2h,San Francisco 49ers,170.0,
acc580d74344ea3b31bbcdd057fe6a9c,2026-09-07T18:08:19Z,2026-09-11T00:35:00Z,Los Angeles Rams,San Francisco 49ers,LA,SF,bovada,spreads,Los Angeles Rams,-115.0,-3.5
acc580d74344ea3b31bbcdd057fe6a9c,2026-09-07T18:08:19Z,2026-09-11T00:35:00Z,Los Angeles Rams,San Francisco 49ers,LA,SF,bovada,spreads,San Francisco 49ers,-105.0,3.5
acc580d74344ea3b31bbcdd057fe6a9c,2026-09-07T18:08:19Z,2026-09-11T00:35:00Z,Los Angeles Rams,San Francisco 49ers,LA,SF,bovada,totals,Over,-115.0,48.0
acc580d74344ea3b31bbcdd057fe6a9c,2026-09-07T18:08:19Z,2026-09-11T00:35:00Z,Los Angeles Rams,San Francisco 49ers,LA,SF,bovada,totals,Under,-105.0,48.0
acc580d74344ea3b31bbcdd057fe6a9c,2026-09-07T18:08:19Z,2026-09-11T00:35:00Z,Los Angeles Rams,San Francisco 49ers,LA,SF,betus,h2h,Los Angeles Rams,-195.0,
acc580d74344ea3b31bbcdd057fe6a9c,2026-09-07T18:08:19Z,2026-09-11T00:35:00Z,Los Angeles Rams,San Francisco 49ers,LA,SF,betus,h2h,San Francisco 49ers,167.0,
acc580d74344ea3b31bbcdd057fe6a9c,2026-09-07T18:08:19Z,2026-09-11T00:35:00Z,Los Angeles Rams,San Francisco 49ers,LA,SF,betus,spreads,Los Angeles Rams,-110.0,-3.5
acc580d74344ea3b31bbcdd057fe6a9c,2026-09-07T18:08:19Z,2026-09-11T00:35:00Z,Los Angeles Rams,San Francisco 49ers,LA,SF,betus,spreads,San Francisco 49ers,-110.0,3.5
acc580d74344ea3b31bbcdd057fe6a9c,2026-09-07T18:08:19Z,2026-09-11T00:35:00Z,Los Angeles Rams,San Francisco 49ers,LA,SF,betus,totals,Over,-110.0,48.0
acc580d74344ea3b31bbcdd057fe6a9c,2026-09-07T18:08:19Z,2026-09-11T00:35:00Z,Los Angeles Rams,San Francisco 49ers,LA,SF,betus,totals,Under,-110.0,48.0
acc580d74344ea3b31bbcdd057fe6a9c,2026-09-07T18:08:19Z,2026-09-11T00:35:00Z,Los Angeles Rams,San Francisco 49ers,LA,SF,mybookieag,h2h,Los Angeles Rams,-197.0,
acc580d74344ea3b31bbcdd057fe6a9c,2026-09-07T18:08:19Z,2026-09-11T00:35:00Z,Los Angeles Rams,San Francisco 49ers,LA,SF,mybookieag,h2h,San Francisco 49ers,152.0,
acc580d74344ea3b31bbcdd057fe6a9c,2026-09-07T18:08:19Z,2026-09-11T00:35:00Z,Los Angeles Rams,San Francisco 49ers,LA,SF,mybookieag,spreads,Los Angeles Rams,-110.0,-3.5
acc580d74344ea3b31bbcdd057fe6a9c,2026-09-07T18:08:19Z,2026-09-11T00:35:00Z,Los Angeles Rams,San Francisco 49ers,LA,SF,mybookieag,spreads,San Francisco 49ers,-110.0,3.5
acc580d74344ea3b31bbcdd057fe6a9c,2026-09-07T18:08:19Z,2026-09-11T00:35:00Z,Los Angeles Rams,San Francisco 49ers,LA,SF,mybookieag,totals,Over,-110.0,48.0
acc580d74344ea3b31bbcdd057fe6a9c,2026-09-07T18:08:19Z,2026-09-11T00:35:00Z,Los Angeles Rams,San Francisco 49ers,LA,SF,mybookieag,totals,Under,-110.0,48.0
acc580d74344ea3b31bbcdd057fe6a9c,2026-09-10T16:55:13Z,2026-09-11T00:35:00Z,Los Angeles Rams,San Francisco 49ers,LA,SF,draftkings,h2h,Los Angeles Rams,-192.0,
acc580d74344ea3b31bbcdd057fe6a9c,2026-09-10T16:55:13Z,2026-09-11T00:35:00Z,Los Angeles Rams,San Francisco 49ers,LA,SF,draftkings,h2h,San Francisco 49ers,160.0,
acc580d74344ea3b31bbcdd057fe6a9c,2026-09-10T16:55:13Z,2026-09-11T00:35:00Z,Los Angeles Rams,San Francisco 49ers,LA,SF,draftkings,spreads,Los Angeles Rams,-112.0,-3.5
acc580d74344ea3b31bbcdd057fe6a9c,2026-09-10T16:55:13Z,2026-09-11T00:35:00Z,Los Angeles Rams,San Francisco 49ers,LA,SF,draftkings,spreads,San Francisco 49ers,-108.0,3.5
acc580d74344ea3b31bbcdd057fe6a9c,2026-09-10T16:55:13Z,2026-09-11T00:35:00Z,Los Angeles Rams,San Francisco 49ers,LA,SF,draftkings,totals,Over,-105.0,48.5
acc580d74344ea3b31bbcdd057fe6a9c,2026-09-10T16:55:13Z,2026-09-11T00:35:00Z,Los Angeles Rams,San Francisco 49ers,LA,SF,draftkings,totals,Under,-115.0,48.5
acc580d74344ea3b31bbcdd057fe6a9c,2026-09-10T16:55:13Z,2026-09-11T00:35:00Z,Los Angeles Rams,San Francisco 49ers,LA,SF,betmgm,h2h,Los Angeles Rams,-200.0,
acc580d74344ea3b31bbcdd057fe6a9c,2026-09-10T16:55:13Z,2026-09-11T00:35:00Z,Los Angeles Rams,San Francisco 49ers,LA,SF,betmgm,h2h,San Francisco 49ers,165.0,
acc580d74344ea3b31bbcdd057fe6a9c,2026-09-10T16:55:13Z,2026-09-11T00:35:00Z,Los Angeles Rams,San Francisco 49ers,LA,SF,betmgm,spreads,Los Angeles Rams,-105.0,-3.5
acc580d74344ea3b31bbcdd057fe6a9c,2026-09-10T16:55:13Z,2026-09-11T00:35:00Z,Los Angeles Rams,San Francisco 49ers,LA,SF,betmgm,spreads,San Francisco 49ers,-105.0,3.5
acc580d74344ea3b31bbcdd057fe6a9c,2026-09-10T16:55:13Z,2026-09-11T00:35:00Z,Los Angeles Rams,San Francisco 49ers,LA,SF,betmgm,totals,Over,-110.0,48.5
acc580d74344ea3b31bbcdd057fe6a9c,2026-09-10T16:55:13Z,2026-09-11T00:35:00Z,Los Angeles Rams,San Francisco 49ers,LA,SF,betmgm,totals,Under,-118.0,48.5
acc580d74344ea3b31bbcdd057fe6a9c,2026-09-10T16:55:13Z,2026-09-11T00:35:00Z,Los Angeles Rams,San Francisco 49ers,LA,SF,fanduel,h2h,Los Angeles Rams,-198.0,
acc580d74344ea3b31bbcdd057fe6a9c,2026-09-10T16:55:13Z,2026-09-11T00:35:00Z,Los Angeles Rams,San Francisco 49ers,LA,SF,fanduel,h2h,San Francisco 49ers,166.0,
acc580d74344ea3b31bbcdd057fe6a9c,2026-09-10T16:55:13Z,2026-09-11T00:35:00Z,Los Angeles Rams,San Francisco 49ers,LA,SF,fanduel,spreads,Los Angeles Rams,-112.0,-3.5
acc580d74344ea3b31bbcdd057fe6a9c,2026-09-10T16:55:13Z,2026-09-11T00:35:00Z,Los Angeles Rams,San Francisco 49ers,LA,SF,fanduel,spreads,San Francisco 49ers,-108.0,3.5
acc580d74344ea3b31bbcdd057fe6a9c,2026-09-10T16:55:13Z,2026-09-11T00:35:00Z,Los Angeles Rams,San Francisco 49ers,LA,SF,fanduel,totals,Over,-105.0,48.5
acc580d74344ea3b31bbcdd057fe6a9c,2026-09-10T16:55:13Z,2026-09-11T00:35:00Z,Los Angeles Rams,San Francisco 49ers,LA,SF,fanduel,totals,Under,-115.0,48.5
acc580d74344ea3b31bbcdd057fe6a9c,2026-09-10T16:55:13Z,2026-09-11T00:35:00Z,Los Angeles Rams,San Francisco 49ers,LA,SF,betonlineag,h2h,Los Angeles Rams,-195.0,
acc580d74344ea3b31bbcdd057fe6a9c,2026-09-10T16:55:13Z,2026-09-11T00:35:00Z,Los Angeles Rams,San Francisco 49ers,LA,SF,betonlineag,h2h,San Francisco 49ers,170.0,
acc580d74344ea3b31bbcdd057fe6a9c,2026-09-10T16:55:13Z,2026-09-11T00:35:00Z,Los Angeles Rams,San Francisco 49ers,LA,SF,betonlineag,spreads,Los Angeles Rams,-112.0,-3.5
acc580d74344ea3b31bbcdd057fe6a9c,2026-09-10T16:55:13Z,2026-09-11T00:35:00Z,Los Angeles Rams,San Francisco 49ers,LA,SF,betonlineag,spreads,San Francisco 49ers,-108.0,3.5
acc580d74344ea3b31bbcdd057fe6a9c,2026-09-10T16:55:13Z,2026-09-11T00:35:00Z,Los Angeles Rams,San Francisco 49ers,LA,SF,betonlineag,totals,Over,-115.0,48.0
acc580d74344ea3b31bbcdd057fe6a9c,2026-09-10T16:55:13Z,2026-09-11T00:35:00Z,Los Angeles Rams,San Francisco 49ers,LA,SF,betonlineag,totals,Under,-105.0,48.0
acc580d74344ea3b31bbcdd057fe6a9c,2026-09-10T16:55:13Z,2026-09-11T00:35:00Z,Los Angeles Rams,San Francisco 49ers,LA,SF,lowvig,h2h,Los Angeles Rams,-195.0,
acc580d74344ea3b31bbcdd057fe6a9c,2026-09-10T16:55:13Z,2026-09-11T00:35:00Z,Los Angeles Rams,San Francisco 49ers,LA,SF,lowvig,h2h,San Francisco 49ers,170.0,
acc580d74344ea3b31bbcdd057fe6a9c,2026-09-10T16:55:13Z,2026-09-11T00:35:00Z,Los Angeles Rams,San Francisco 49ers,LA,SF,lowvig,spreads,Los Angeles Rams,-107.0,-3.5
acc580d74344ea3b31bbcdd057fe6a9c,2026-09-10T16:55:13Z,2026-09-11T00:35:00Z,Los Angeles Rams,San Francisco 49ers,LA,SF,lowvig,spreads,San Francisco 49ers,-103.0,3.5
acc580d74344ea3b31bbcdd057fe6a9c,2026-09-10T16:55:13Z,2026-09-11T00:35:00Z,Los Angeles Rams,San Francisco 49ers,LA,SF,lowvig,totals,Over,-110.0,48.0
acc580d74344ea3b31bbcdd057fe6a9c,2026-09-10T16:55:13Z,2026-09-11T00:35:00Z,Los Angeles Rams,San Francisco 49ers,LA,SF,lowvig,totals,Under,-104.0,48.0
acc580d74344ea3b31bbcdd057fe6a9c,2026-09-10T16:55:13Z,2026-09-11T00:35:00Z,Los Angeles Rams,San Francisco 49ers,LA,SF,betrivers,h2h,Los Angeles Rams,-210.0,
acc580d74344ea3b31bbcdd057fe6a9c,2026-09-10T16:55:13Z,2026-09-11T00:35:00Z,Los Angeles Rams,San Francisco 49ers,LA,SF,betrivers,h2h,San Francisco 49ers,170.0,
acc580d74344ea3b31bbcdd057fe6a9c,2026-09-10T16:55:13Z,2026-09-11T00:35:00Z,Los Angeles Rams,San Francisco 49ers,LA,SF,betrivers,spreads,Los Angeles Rams,-108.0,-4.0
acc580d74344ea3b31bbcdd057fe6a9c,2026-09-10T16:55:13Z,2026-09-11T00:35:00Z,Los Angeles Rams,San Francisco 49ers,LA,SF,betrivers,spreads,San Francisco 49ers,-113.0,4.0
acc580d74344ea3b31bbcdd057fe6a9c,2026-09-10T16:55:13Z,2026-09-11T00:35:00Z,Los Angeles Rams,San Francisco 49ers,LA,SF,betrivers,totals,Over,-112.0,48.0
acc580d74344ea3b31bbcdd057fe6a9c,2026-09-10T16:55:13Z,2026-09-11T00:35:00Z,Los Angeles Rams,San Francisco 49ers,LA,SF,betrivers,totals,Under,-109.0,48.0
acc580d74344ea3b31bbcdd057fe6a9c,2026-09-10T16:55:13Z,2026-09-11T00:35:00Z,Los Angeles Rams,San Francisco 49ers,LA,SF,bovada,h2h,Los Angeles Rams,-200.0,
acc580d74344ea3b31bbcdd057fe6a9c,2026-09-10T16:55:13Z,2026-09-11T00:35:00Z,Los Angeles Rams,San Francisco 49ers,LA,SF,bovada,h2h,San Francisco 49ers,170.0,
acc580d74344ea3b31bbcdd057fe6a9c,2026-09-10T16:55:13Z,2026-09-11T00:35:00Z,Los Angeles Rams,San Francisco 49ers,LA,SF,bovada,spreads,Los Angeles Rams,-115.0,-3.5
acc580d74344ea3b31bbcdd057fe6a9c,2026-09-10T16:55:13Z,2026-09-11T00:35:00Z,Los Angeles Rams,San Francisco 49ers,LA,SF,bovada,spreads,San Francisco 49ers,-105.0,3.5
acc580d74344ea3b31bbcdd057fe6a9c,2026-09-10T16:55:13Z,2026-09-11T00:35:00Z,Los Angeles Rams,San Francisco 49ers,LA,SF,bovada,totals,Over,-115.0,48.0
acc580d74344ea3b31bbcdd057fe6a9c,2026-09-10T16:55:13Z,2026-09-11T00:35:00Z,Los Angeles Rams,San Francisco 49ers,LA,SF,bovada,totals,Under,-105.0,48.0
acc580d74344ea3b31bbcdd057fe6a9c,2026-09-10T16:55:13Z,2026-09-11T00:35:00Z,Los Angeles Rams,San Francisco 49ers,LA,SF,betus,h2h,Los Angeles Rams,-195.0,
acc580d74344ea3b31bbcdd057fe6a9c,2026-09-10T16:55:13Z,2026-09-11T00:35:00Z,Los Angeles Rams,San Francisco 49ers,LA,SF,betus,h2h,San Francisco 49ers,167.0,
acc580d74344ea3b31bbcdd057fe6a9c,2026-09-10T16:55:13Z,2026-09-11T00:35:00Z,Los Angeles Rams,San Francisco 49ers,LA,SF,betus,spreads,Los Angeles Rams,-110.0,-3.5
acc580d74344ea3b31bbcdd057fe6a9c,2026-09-10T16:55:13Z,2026-09-11T00:35:00Z,Los Angeles Rams,San Francisco 49ers,LA,SF,betus,spreads,San Francisco 49ers,-110.0,3.5
acc580d74344ea3b31bbcdd057fe6a9c,2026-09-10T16:55:13Z,2026-09-11T00:35:00Z,Los Angeles Rams,San Francisco 49ers,LA,SF,betus,totals,Over,-115.0,48.0
acc580d74344ea3b31bbcdd057fe6a9c,2026-09-10T16:55:13Z,2026-09-11T00:35:00Z,Los Angeles Rams,San Francisco 49ers,LA,SF,betus,totals,Under,-105.0,48.0
acc580d74344ea3b31bbcdd057fe6a9c,2026-09-10T16:55:13Z,2026-09-11T00:35:00Z,Los Angeles Rams,San Francisco 49ers,LA,SF,mybookieag,h2h,Los Angeles Rams,-204.0,
acc580d74344ea3b31bbcdd057fe6a9c,2026-09-10T16:55:13Z,2026-09-11T00:35:00Z,Los Angeles Rams,San Francisco 49ers,LA,SF,mybookieag,h2h,San Francisco 49ers,163.0,
acc580d74344ea3b31bbcdd057fe6a9c,2026-09-10T16:55:13Z,2026-09-11T00:35:00Z,Los Angeles Rams,San Francisco 49ers,LA,SF,mybookieag,spreads,Los Angeles Rams,-110.0,-3.5
acc580d74344ea3b31bbcdd057fe6a9c,2026-09-10T16:55:13Z,2026-09-11T00:35:00Z,Los Angeles Rams,San Francisco 49ers,LA,SF,mybookieag,spreads,San Francisco 49ers,-110.0,3.5
acc580d74344ea3b31bbcdd057fe6a9c,2026-09-10T16:55:13Z,2026-09-11T00:35:00Z,Los Angeles Rams,San Francisco 49ers,LA,SF,mybookieag,totals,Over,-110.0,48.0
acc580d74344ea3b31bbcdd057fe6a9c,2026-09-10T16:55:13Z,2026-09-11T00:35:00Z,Los Angeles Rams,San Francisco 49ers,LA,SF,mybookieag,totals,Under,-110.0,48.0
95c01d1bb797d6df14824b106c5a9130,2026-09-04T18:10:08Z,2026-09-13T17:00:00Z,Pittsburgh Steelers,Atlanta Falcons,PIT,ATL,draftkings,h2h,Atlanta Falcons,154.0,
95c01d1bb797d6df14824b106c5a9130,2026-09-04T18:10:08Z,2026-09-13T17:00:00Z,Pittsburgh Steelers,Atlanta Falcons,PIT,ATL,draftkings,h2h,Pittsburgh Steelers,-185.0,
95c01d1bb797d6df14824b106c5a9130,2026-09-04T18:10:08Z,2026-09-13T17:00:00Z,Pittsburgh Steelers,Atlanta Falcons,PIT,ATL,draftkings,spreads,Atlanta Falcons,-118.0,3.5
95c01d1bb797d6df14824b106c5a9130,2026-09-04T18:10:08Z,2026-09-13T17:00:00Z,Pittsburgh Steelers,Atlanta Falcons,PIT,ATL,draftkings,spreads,Pittsburgh Steelers,-102.0,-3.5
95c01d1bb797d6df14824b106c5a9130,2026-09-04T18:10:08Z,2026-09-13T17:00:00Z,Pittsburgh Steelers,Atlanta Falcons,PIT,ATL,draftkings,totals,Over,-115.0,41.5
95c01d1bb797d6df14824b106c5a9130,2026-09-04T18:10:08Z,2026-09-13T17:00:00Z,Pittsburgh Steelers,Atlanta Falcons,PIT,ATL,draftkings,totals,Under,-105.0,41.5
95c01d1bb797d6df14824b106c5a9130,2026-09-04T18:10:08Z,2026-09-13T17:00:00Z,Pittsburgh Steelers,Atlanta Falcons,PIT,ATL,betrivers,h2h,Atlanta Falcons,140.0,
95c01d1bb797d6df14824b106c5a9130,2026-09-04T18:10:08Z,2026-09-13T17:00:00Z,Pittsburgh Steelers,Atlanta Falcons,PIT,ATL,betrivers,h2h,Pittsburgh Steelers,-177.0,
95c01d1bb797d6df14824b106c5a9130,2026-09-04T18:10:08Z,2026-09-13T17:00:00Z,Pittsburgh Steelers,Atlanta Falcons,PIT,ATL,betrivers,spreads,Atlanta Falcons,-106.0,3.0
95c01d1bb797d6df14824b106c5a9130,2026-09-04T18:10:08Z,2026-09-13T17:00:00Z,Pittsburgh Steelers,Atlanta Falcons,PIT,ATL,betrivers,spreads,Pittsburgh Steelers,-115.0,-3.0
95c01d1bb797d6df14824b106c5a9130,2026-09-04T18:10:08Z,2026-09-13T17:00:00Z,Pittsburgh Steelers,Atlanta Falcons,PIT,ATL,betrivers,totals,Over,-113.0,42.0
95c01d1bb797d6df14824b106c5a9130,2026-09-04T18:10:08Z,2026-09-13T17:00:00Z,Pittsburgh Steelers,Atlanta Falcons,PIT,ATL,betrivers,totals,Under,-108.0,42.0
95c01d1bb797d6df14824b106c5a9130,2026-09-04T18:10:08Z,2026-09-13T17:00:00Z,Pittsburgh Steelers,Atlanta Falcons,PIT,ATL,betonlineag,h2h,Atlanta Falcons,157.0,
95c01d1bb797d6df14824b106c5a9130,2026-09-04T18:10:08Z,2026-09-13T17:00:00Z,Pittsburgh Steelers,Atlanta Falcons,PIT,ATL,betonlineag,h2h,Pittsburgh Steelers,-180.0,
95c01d1bb797d6df14824b106c5a9130,2026-09-04T18:10:08Z,2026-09-13T17:00:00Z,Pittsburgh Steelers,Atlanta Falcons,PIT,ATL,betonlineag,spreads,Atlanta Falcons,105.0,3.0
95c01d1bb797d6df14824b106c5a9130,2026-09-04T18:10:08Z,2026-09-13T17:00:00Z,Pittsburgh Steelers,Atlanta Falcons,PIT,ATL,betonlineag,spreads,Pittsburgh Steelers,-125.0,-3.0
95c01d1bb797d6df14824b106c5a9130,2026-09-04T18:10:08Z,2026-09-13T17:00:00Z,Pittsburgh Steelers,Atlanta Falcons,PIT,ATL,betonlineag,totals,Over,-110.0,41.5
95c01d1bb797d6df14824b106c5a9130,2026-09-04T18:10:08Z,2026-09-13T17:00:00Z,Pittsburgh Steelers,Atlanta Falcons,PIT,ATL,betonlineag,totals,Under,-110.0,41.5
95c01d1bb797d6df14824b106c5a9130,2026-09-04T18:10:08Z,2026-09-13T17:00:00Z,Pittsburgh Steelers,Atlanta Falcons,PIT,ATL,fanduel,h2h,Atlanta Falcons,146.0,
95c01d1bb797d6df14824b106c5a9130,2026-09-04T18:10:08Z,2026-09-13T17:00:00Z,Pittsburgh Steelers,Atlanta Falcons,PIT,ATL,fanduel,h2h,Pittsburgh Steelers,-174.0,
95c01d1bb797d6df14824b106c5a9130,2026-09-04T18:10:08Z,2026-09-13T17:00:00Z,Pittsburgh Steelers,Atlanta Falcons,PIT,ATL,fanduel,spreads,Atlanta Falcons,-102.0,3.0
95c01d1bb797d6df14824b106c5a9130,2026-09-04T18:10:08Z,2026-09-13T17:00:00Z,Pittsburgh Steelers,Atlanta Falcons,PIT,ATL,fanduel,spreads,Pittsburgh Steelers,-120.0,-3.0
95c01d1bb797d6df14824b106c5a9130,2026-09-04T18:10:08Z,2026-09-13T17:00:00Z,Pittsburgh Steelers,Atlanta Falcons,PIT,ATL,fanduel,totals,Over,-115.0,41.5
95c01d1bb797d6df14824b106c5a9130,2026-09-04T18:10:08Z,2026-09-13T17:00:00Z,Pittsburgh Steelers,Atlanta Falcons,PIT,ATL,fanduel,totals,Under,-105.0,41.5
95c01d1bb797d6df14824b106c5a9130,2026-09-04T18:10:08Z,2026-09-13T17:00:00Z,Pittsburgh Steelers,Atlanta Falcons,PIT,ATL,lowvig,h2h,Atlanta Falcons,157.0,
95c01d1bb797d6df14824b106c5a9130,2026-09-04T18:10:08Z,2026-09-13T17:00:00Z,Pittsburgh Steelers,Atlanta Falcons,PIT,ATL,lowvig,h2h,Pittsburgh Steelers,-180.0,
95c01d1bb797d6df14824b106c5a9130,2026-09-04T18:10:08Z,2026-09-13T17:00:00Z,Pittsburgh Steelers,Atlanta Falcons,PIT,ATL,lowvig,spreads,Atlanta Falcons,110.0,3.0
95c01d1bb797d6df14824b106c5a9130,2026-09-04T18:10:08Z,2026-09-13T17:00:00Z,Pittsburgh Steelers,Atlanta Falcons,PIT,ATL,lowvig,spreads,Pittsburgh Steelers,-121.0,-3.0
95c01d1bb797d6df14824b106c5a9130,2026-09-04T18:10:08Z,2026-09-13T17:00:00Z,Pittsburgh Steelers,Atlanta Falcons,PIT,ATL,lowvig,totals,Over,-107.0,41.5
95c01d1bb797d6df14824b106c5a9130,2026-09-04T18:10:08Z,2026-09-13T17:00:00Z,Pittsburgh Steelers,Atlanta Falcons,PIT,ATL,lowvig,totals,Under,-107.0,41.5
95c01d1bb797d6df14824b106c5a9130,2026-09-04T18:10:08Z,2026-09-13T17:00:00Z,Pittsburgh Steelers,Atlanta Falcons,PIT,ATL,betus,h2h,Atlanta Falcons,155.0,
95c01d1bb797d6df14824b106c5a9130,2026-09-04T18:10:08Z,2026-09-13T17:00:00Z,Pittsburgh Steelers,Atlanta Falcons,PIT,ATL,betus,h2h,Pittsburgh Steelers,-180.0,
95c01d1bb797d6df14824b106c5a9130,2026-09-04T18:10:08Z,2026-09-13T17:00:00Z,Pittsburgh Steelers,Atlanta Falcons,PIT,ATL,betus,spreads,Atlanta Falcons,105.0,3.0
95c01d1bb797d6df14824b106c5a9130,2026-09-04T18:10:08Z,2026-09-13T17:00:00Z,Pittsburgh Steelers,Atlanta Falcons,PIT,ATL,betus,spreads,Pittsburgh Steelers,-125.0,-3.0
95c01d1bb797d6df14824b106c5a9130,2026-09-04T18:10:08Z,2026-09-13T17:00:00Z,Pittsburgh Steelers,Atlanta Falcons,PIT,ATL,betus,totals,Over,-110.0,42.0
95c01d1bb797d6df14824b106c5a9130,2026-09-04T18:10:08Z,2026-09-13T17:00:00Z,Pittsburgh Steelers,Atlanta Falcons,PIT,ATL,betus,totals,Under,-110.0,42.0
95c01d1bb797d6df14824b106c5a9130,2026-09-04T18:10:08Z,2026-09-13T17:00:00Z,Pittsburgh Steelers,Atlanta Falcons,PIT,ATL,betmgm,h2h,Atlanta Falcons,145.0,
95c01d1bb797d6df14824b106c5a9130,2026-09-04T18:10:08Z,2026-09-13T17:00:00Z,Pittsburgh Steelers,Atlanta Falcons,PIT,ATL,betmgm,h2h,Pittsburgh Steelers,-175.0,
95c01d1bb797d6df14824b106c5a9130,2026-09-04T18:10:08Z,2026-09-13T17:00:00Z,Pittsburgh Steelers,Atlanta Falcons,PIT,ATL,betmgm,spreads,Atlanta Falcons,-105.0,3.0
95c01d1bb797d6df14824b106c5a9130,2026-09-04T18:10:08Z,2026-09-13T17:00:00Z,Pittsburgh Steelers,Atlanta Falcons,PIT,ATL,betmgm,spreads,Pittsburgh Steelers,-112.0,-3.0
95c01d1bb797d6df14824b106c5a9130,2026-09-04T18:10:08Z,2026-09-13T17:00:00Z,Pittsburgh Steelers,Atlanta Falcons,PIT,ATL,betmgm,totals,Over,-108.0,42.0
95c01d1bb797d6df14824b106c5a9130,2026-09-04T18:10:08Z,2026-09-13T17:00:00Z,Pittsburgh Steelers,Atlanta Falcons,PIT,ATL,betmgm,totals,Under,-110.0,42.0
95c01d1bb797d6df14824b106c5a9130,2026-09-04T18:10:08Z,2026-09-13T17:00:00Z,Pittsburgh Steelers,Atlanta Falcons,PIT,ATL,bovada,h2h,Atlanta Falcons,155.0,
95c01d1bb797d6df14824b106c5a9130,2026-09-04T18:10:08Z,2026-09-13T17:00:00Z,Pittsburgh Steelers,Atlanta Falcons,PIT,ATL,bovada,h2h,Pittsburgh Steelers,-180.0,
95c01d1bb797d6df14824b106c5a9130,2026-09-04T18:10:08Z,2026-09-13T17:00:00Z,Pittsburgh Steelers,Atlanta Falcons,PIT,ATL,bovada,spreads,Atlanta Falcons,-120.0,3.5
95c01d1bb797d6df14824b106c5a9130,2026-09-04T18:10:08Z,2026-09-13T17:00:00Z,Pittsburgh Steelers,Atlanta Falcons,PIT,ATL,bovada,spreads,Pittsburgh Steelers,100.0,-3.5
95c01d1bb797d6df14824b106c5a9130,2026-09-04T18:10:08Z,2026-09-13T17:00:00Z,Pittsburgh Steelers,Atlanta Falcons,PIT,ATL,bovada,totals,Over,-105.0,42.5
95c01d1bb797d6df14824b106c5a9130,2026-09-04T18:10:08Z,2026-09-13T17:00:00Z,Pittsburgh Steelers,Atlanta Falcons,PIT,ATL,bovada,totals,Under,-115.0,42.5
95c01d1bb797d6df14824b106c5a9130,2026-09-04T18:10:08Z,2026-09-13T17:00:00Z,Pittsburgh Steelers,Atlanta Falcons,PIT,ATL,mybookieag,h2h,Atlanta Falcons,144.0,
95c01d1bb797d6df14824b106c5a9130,2026-09-04T18:10:08Z,2026-09-13T17:00:00Z,Pittsburgh Steelers,Atlanta Falcons,PIT,ATL,mybookieag,h2h,Pittsburgh Steelers,-185.0,
95c01d1bb797d6df14824b106c5a9130,2026-09-04T18:10:08Z,2026-09-13T17:00:00Z,Pittsburgh Steelers,Atlanta Falcons,PIT,ATL,mybookieag,spreads,Atlanta Falcons,100.0,3.0
95c01d1bb797d6df14824b106c5a9130,2026-09-04T18:10:08Z,2026-09-13T17:00:00Z,Pittsburgh Steelers,Atlanta Falcons,PIT,ATL,mybookieag,spreads,Pittsburgh Steelers,-120.0,-3.0
95c01d1bb797d6df14824b106c5a9130,2026-09-04T18:10:08Z,2026-09-13T17:00:00Z,Pittsburgh Steelers,Atlanta Falcons,PIT,ATL,mybookieag,totals,Over,-110.0,42.0
95c01d1bb797d6df14824b106c5a9130,2026-09-04T18:10:08Z,2026-09-13T17:00:00Z,Pittsburgh Steelers,Atlanta Falcons,PIT,ATL,mybookieag,totals,Under,-110.0,42.0
b6cfdcbafa61ce220ba87dc2d9b80c77,2026-09-04T18:10:08Z,2026-09-13T17:00:00Z,Indianapolis Colts,Baltimore Ravens,IND,BAL,draftkings,h2h,Baltimore Ravens,-175.0,
b6cfdcbafa61ce220ba87dc2d9b80c77,2026-09-04T18:10:08Z,2026-09-13T17:00:00Z,Indianapolis Colts,Baltimore Ravens,IND,BAL,draftkings,h2h,Indianapolis Colts,145.0,
b6cfdcbafa61ce220ba87dc2d9b80c77,2026-09-04T18:10:08Z,2026-09-13T17:00:00Z,Indianapolis Colts,Baltimore Ravens,IND,BAL,draftkings,spreads,Baltimore Ravens,-108.0,-3.5
b6cfdcbafa61ce220ba87dc2d9b80c77,2026-09-04T18:10:08Z,2026-09-13T17:00:00Z,Indianapolis Colts,Baltimore Ravens,IND,BAL,draftkings,spreads,Indianapolis Colts,-112.0,3.5
b6cfdcbafa61ce220ba87dc2d9b80c77,2026-09-04T18:10:08Z,2026-09-13T17:00:00Z,Indianapolis Colts,Baltimore Ravens,IND,BAL,draftkings,totals,Over,-105.0,48.5
b6cfdcbafa61ce220ba87dc2d9b80c77,2026-09-04T18:10:08Z,2026-09-13T17:00:00Z,Indianapolis Colts,Baltimore Ravens,IND,BAL,draftkings,totals,Under,-115.0,48.5
b6cfdcbafa61ce220ba87dc2d9b80c77,2026-09-04T18:10:08Z,2026-09-13T17:00:00Z,Indianapolis Colts,Baltimore Ravens,IND,BAL,betus,h2h,Baltimore Ravens,-170.0,
b6cfdcbafa61ce220ba87dc2d9b80c77,2026-09-04T18:10:08Z,2026-09-13T17:00:00Z,Indianapolis Colts,Baltimore Ravens,IND,BAL,betus,h2h,Indianapolis Colts,146.0,
b6cfdcbafa61ce220ba87dc2d9b80c77,2026-09-04T18:10:08Z,2026-09-13T17:00:00Z,Indianapolis Colts,Baltimore Ravens,IND,BAL,betus,spreads,Baltimore Ravens,100.0,-3.5
b6cfdcbafa61ce220ba87dc2d9b80c77,2026-09-04T18:10:08Z,2026-09-13T17:00:00Z,Indianapolis Colts,Baltimore Ravens,IND,BAL,betus,spreads,Indianapolis Colts,-120.0,3.5
b6cfdcbafa61ce220ba87dc2d9b80c77,2026-09-04T18:10:08Z,2026-09-13T17:00:00Z,Indianapolis Colts,Baltimore Ravens,IND,BAL,betus,totals,Over,-110.0,48.0
b6cfdcbafa61ce220ba87dc2d9b80c77,2026-09-04T18:10:08Z,2026-09-13T17:00:00Z,Indianapolis Colts,Baltimore Ravens,IND,BAL,betus,totals,Under,-110.0,48.0
b6cfdcbafa61ce220ba87dc2d9b80c77,2026-09-04T18:10:08Z,2026-09-13T17:00:00Z,Indianapolis Colts,Baltimore Ravens,IND,BAL,lowvig,h2h,Baltimore Ravens,-171.0,
b6cfdcbafa61ce220ba87dc2d9b80c77,2026-09-04T18:10:08Z,2026-09-13T17:00:00Z,Indianapolis Colts,Baltimore Ravens,IND,BAL,lowvig,h2h,Indianapolis Colts,150.0,
b6cfdcbafa61ce220ba87dc2d9b80c77,2026-09-04T18:10:08Z,2026-09-13T17:00:00Z,Indianapolis Colts,Baltimore Ravens,IND,BAL,lowvig,spreads,Baltimore Ravens,100.0,-3.5
b6cfdcbafa61ce220ba87dc2d9b80c77,2026-09-04T18:10:08Z,2026-09-13T17:00:00Z,Indianapolis Colts,Baltimore Ravens,IND,BAL,lowvig,spreads,Indianapolis Colts,-110.0,3.5
b6cfdcbafa61ce220ba87dc2d9b80c77,2026-09-04T18:10:08Z,2026-09-13T17:00:00Z,Indianapolis Colts,Baltimore Ravens,IND,BAL,lowvig,totals,Over,-102.0,48.0
b6cfdcbafa61ce220ba87dc2d9b80c77,2026-09-04T18:10:08Z,2026-09-13T17:00:00Z,Indianapolis Colts,Baltimore Ravens,IND,BAL,lowvig,totals,Under,-113.0,48.0
b6cfdcbafa61ce220ba87dc2d9b80c77,2026-09-04T18:10:08Z,2026-09-13T17:00:00Z,Indianapolis Colts,Baltimore Ravens,IND,BAL,betrivers,h2h,Baltimore Ravens,-190.0,
b6cfdcbafa61ce220ba87dc2d9b80c77,2026-09-04T18:10:08Z,2026-09-13T17:00:00Z,Indianapolis Colts,Baltimore Ravens,IND,BAL,betrivers,h2h,Indianapolis Colts,155.0,
b6cfdcbafa61ce220ba87dc2d9b80c77,2026-09-04T18:10:08Z,2026-09-13T17:00:00Z,Indianapolis Colts,Baltimore Ravens,IND,BAL,betrivers,spreads,Baltimore Ravens,-112.0,-3.5
b6cfdcbafa61ce220ba87dc2d9b80c77,2026-09-04T18:10:08Z,2026-09-13T17:00:00Z,Indianapolis Colts,Baltimore Ravens,IND,BAL,betrivers,spreads,Indianapolis Colts,-109.0,3.5
b6cfdcbafa61ce220ba87dc2d9b80c77,2026-09-04T18:10:08Z,2026-09-13T17:00:00Z,Indianapolis Colts,Baltimore Ravens,IND,BAL,betrivers,totals,Over,-110.0,48.0
b6cfdcbafa61ce220ba87dc2d9b80c77,2026-09-04T18:10:08Z,2026-09-13T17:00:00Z,Indianapolis Colts,Baltimore Ravens,IND,BAL,betrivers,totals,Under,-110.0,48.0
b6cfdcbafa61ce220ba87dc2d9b80c77,2026-09-04T18:10:08Z,2026-09-13T17:00:00Z,Indianapolis Colts,Baltimore Ravens,IND,BAL,betonlineag,h2h,Baltimore Ravens,-171.0,
b6cfdcbafa61ce220ba87dc2d9b80c77,2026-09-04T18:10:08Z,2026-09-13T17:00:00Z,Indianapolis Colts,Baltimore Ravens,IND,BAL,betonlineag,h2h,Indianapolis Colts,150.0,
b6cfdcbafa61ce220ba87dc2d9b80c77,2026-09-04T18:10:08Z,2026-09-13T17:00:00Z,Indianapolis Colts,Baltimore Ravens,IND,BAL,betonlineag,spreads,Baltimore Ravens,100.0,-3.5
b6cfdcbafa61ce220ba87dc2d9b80c77,2026-09-04T18:10:08Z,2026-09-13T17:00:00Z,Indianapolis Colts,Baltimore Ravens,IND,BAL,betonlineag,spreads,Indianapolis Colts,-120.0,3.5
b6cfdcbafa61ce220ba87dc2d9b80c77,2026-09-04T18:10:08Z,2026-09-13T17:00:00Z,Indianapolis Colts,Baltimore Ravens,IND,BAL,betonlineag,totals,Over,-105.0,48.0
b6cfdcbafa61ce220ba87dc2d9b80c77,2026-09-04T18:10:08Z,2026-09-13T17:00:00Z,Indianapolis Colts,Baltimore Ravens,IND,BAL,betonlineag,totals,Under,-115.0,48.0
b6cfdcbafa61ce220ba87dc2d9b80c77,2026-09-04T18:10:08Z,2026-09-13T17:00:00Z,Indianapolis Colts,Baltimore Ravens,IND,BAL,fanduel,h2h,Baltimore Ravens,-178.0,
b6cfdcbafa61ce220ba87dc2d9b80c77,2026-09-04T18:10:08Z,2026-09-13T17:00:00Z,Indianapolis Colts,Baltimore Ravens,IND,BAL,fanduel,h2h,Indianapolis Colts,150.0,
b6cfdcbafa61ce220ba87dc2d9b80c77,2026-09-04T18:10:08Z,2026-09-13T17:00:00Z,Indianapolis Colts,Baltimore Ravens,IND,BAL,fanduel,spreads,Baltimore Ravens,-105.0,-3.5
b6cfdcbafa61ce220ba87dc2d9b80c77,2026-09-04T18:10:08Z,2026-09-13T17:00:00Z,Indianapolis Colts,Baltimore Ravens,IND,BAL,fanduel,spreads,Indianapolis Colts,-115.0,3.5
b6cfdcbafa61ce220ba87dc2d9b80c77,2026-09-04T18:10:08Z,2026-09-13T17:00:00Z,Indianapolis Colts,Baltimore Ravens,IND,BAL,fanduel,totals,Over,-112.0,47.5
b6cfdcbafa61ce220ba87dc2d9b80c77,2026-09-04T18:10:08Z,2026-09-13T17:00:00Z,Indianapolis Colts,Baltimore Ravens,IND,BAL,fanduel,totals,Under,-108.0,47.5
b6cfdcbafa61ce220ba87dc2d9b80c77,2026-09-04T18:10:08Z,2026-09-13T17:00:00Z,Indianapolis Colts,Baltimore Ravens,IND,BAL,betmgm,h2h,Baltimore Ravens,-175.0,
b6cfdcbafa61ce220ba87dc2d9b80c77,2026-09-04T18:10:08Z,2026-09-13T17:00:00Z,Indianapolis Colts,Baltimore Ravens,IND,BAL,betmgm,h2h,Indianapolis Colts,145.0,
b6cfdcbafa61ce220ba87dc2d9b80c77,2026-09-04T18:10:08Z,2026-09-13T17:00:00Z,Indianapolis Colts,Baltimore Ravens,IND,BAL,betmgm,spreads,Baltimore Ravens,-105.0,-3.5
b6cfdcbafa61ce220ba87dc2d9b80c77,2026-09-04T18:10:08Z,2026-09-13T17:00:00Z,Indianapolis Colts,Baltimore Ravens,IND,BAL,betmgm,spreads,Indianapolis Colts,-112.0,3.5
b6cfdcbafa61ce220ba87dc2d9b80c77,2026-09-04T18:10:08Z,2026-09-13T17:00:00Z,Indianapolis Colts,Baltimore Ravens,IND,BAL,betmgm,totals,Over,-105.0,48.0
b6cfdcbafa61ce220ba87dc2d9b80c77,2026-09-04T18:10:08Z,2026-09-13T17:00:00Z,Indianapolis Colts,Baltimore Ravens,IND,BAL,betmgm,totals,Under,-112.0,48.0
b6cfdcbafa61ce220ba87dc2d9b80c77,2026-09-04T18:10:08Z,2026-09-13T17:00:00Z,Indianapolis Colts,Baltimore Ravens,IND,BAL,bovada,h2h,Baltimore Ravens,-180.0,
b6cfdcbafa61ce220ba87dc2d9b80c77,2026-09-04T18:10:08Z,2026-09-13T17:00:00Z,Indianapolis Colts,Baltimore Ravens,IND,BAL,bovada,h2h,Indianapolis Colts,155.0,
b6cfdcbafa61ce220ba87dc2d9b80c77,2026-09-04T18:10:08Z,2026-09-13T17:00:00Z,Indianapolis Colts,Baltimore Ravens,IND,BAL,bovada,spreads,Baltimore Ravens,100.0,-3.5
b6cfdcbafa61ce220ba87dc2d9b80c77,2026-09-04T18:10:08Z,2026-09-13T17:00:00Z,Indianapolis Colts,Baltimore Ravens,IND,BAL,bovada,spreads,Indianapolis Colts,-120.0,3.5
b6cfdcbafa61ce220ba87dc2d9b80c77,2026-09-04T18:10:08Z,2026-09-13T17:00:00Z,Indianapolis Colts,Baltimore Ravens,IND,BAL,bovada,totals,Over,-110.0,47.5
b6cfdcbafa61ce220ba87dc2d9b80c77,2026-09-04T18:10:08Z,2026-09-13T17:00:00Z,Indianapolis Colts,Baltimore Ravens,IND,BAL,bovada,totals,Under,-110.0,47.5
b6cfdcbafa61ce220ba87dc2d9b80c77,2026-09-04T18:10:08Z,2026-09-13T17:00:00Z,Indianapolis Colts,Baltimore Ravens,IND,BAL,mybookieag,h2h,Baltimore Ravens,-188.0,
b6cfdcbafa61ce220ba87dc2d9b80c77,2026-09-04T18:10:08Z,2026-09-13T17:00:00Z,Indianapolis Colts,Baltimore Ravens,IND,BAL,mybookieag,h2h,Indianapolis Colts,146.0,
b6cfdcbafa61ce220ba87dc2d9b80c77,2026-09-04T18:10:08Z,2026-09-13T17:00:00Z,Indianapolis Colts,Baltimore Ravens,IND,BAL,mybookieag,spreads,Baltimore Ravens,-110.0,-3.5
b6cfdcbafa61ce220ba87dc2d9b80c77,2026-09-04T18:10:08Z,2026-09-13T17:00:00Z,Indianapolis Colts,Baltimore Ravens,IND,BAL,mybookieag,spreads,Indianapolis Colts,-110.0,3.5
b6cfdcbafa61ce220ba87dc2d9b80c77,2026-09-04T18:10:08Z,2026-09-13T17:00:00Z,Indianapolis Colts,Baltimore Ravens,IND,BAL,mybookieag,totals,Over,-110.0,48.0
b6cfdcbafa61ce220ba87dc2d9b80c77,2026-09-04T18:10:08Z,2026-09-13T17:00:00Z,Indianapolis Colts,Baltimore Ravens,IND,BAL,mybookieag,totals,Under,-110.0,48.0
7e09efed7e12c659b82740b67ce2f9a1,2026-09-04T18:10:08Z,2026-09-13T17:00:00Z,Houston Texans,Buffalo Bills,HOU,BUF,draftkings,h2h,Buffalo Bills,-118.0,
7e09efed7e12c659b82740b67ce2f9a1,2026-09-04T18:10:08Z,2026-09-13T17:00:00Z,Houston Texans,Buffalo Bills,HOU,BUF,draftkings,h2h,Houston Texans,-102.0,
7e09efed7e12c659b82740b67ce2f9a1,2026-09-04T18:10:08Z,2026-09-13T17:00:00Z,Houston Texans,Buffalo Bills,HOU,BUF,draftkings,spreads,Buffalo Bills,-105.0,-1.5
7e09efed7e12c659b82740b67ce2f9a1,2026-09-04T18:10:08Z,2026-09-13T17:00:00Z,Houston Texans,Buffalo Bills,HOU,BUF,draftkings,spreads,Houston Texans,-115.0,1.5
7e09efed7e12c659b82740b67ce2f9a1,2026-09-04T18:10:08Z,2026-09-13T17:00:00Z,Houston Texans,Buffalo Bills,HOU,BUF,draftkings,totals,Over,-110.0,44.5
7e09efed7e12c659b82740b67ce2f9a1,2026-09-04T18:10:08Z,2026-09-13T17:00:00Z,Houston Texans,Buffalo Bills,HOU,BUF,draftkings,totals,Under,-110.0,44.5
7e09efed7e12c659b82740b67ce2f9a1,2026-09-04T18:10:08Z,2026-09-13T17:00:00Z,Houston Texans,Buffalo Bills,HOU,BUF,betus,spreads,Buffalo Bills,-110.0,0.0
7e09efed7e12c659b82740b67ce2f9a1,2026-09-04T18:10:08Z,2026-09-13T17:00:00Z,Houston Texans,Buffalo Bills,HOU,BUF,betus,spreads,Houston Texans,-110.0,0.0
7e09efed7e12c659b82740b67ce2f9a1,2026-09-04T18:10:08Z,2026-09-13T17:00:00Z,Houston Texans,Buffalo Bills,HOU,BUF,betus,totals,Over,-110.0,44.5
7e09efed7e12c659b82740b67ce2f9a1,2026-09-04T18:10:08Z,2026-09-13T17:00:00Z,Houston Texans,Buffalo Bills,HOU,BUF,betus,totals,Under,-110.0,44.5
7e09efed7e12c659b82740b67ce2f9a1,2026-09-04T18:10:08Z,2026-09-13T17:00:00Z,Houston Texans,Buffalo Bills,HOU,BUF,lowvig,spreads,Buffalo Bills,-105.0,0.0
7e09efed7e12c659b82740b67ce2f9a1,2026-09-04T18:10:08Z,2026-09-13T17:00:00Z,Houston Texans,Buffalo Bills,HOU,BUF,lowvig,spreads,Houston Texans,-105.0,0.0
7e09efed7e12c659b82740b67ce2f9a1,2026-09-04T18:10:08Z,2026-09-13T17:00:00Z,Houston Texans,Buffalo Bills,HOU,BUF,lowvig,totals,Over,-109.0,44.5
7e09efed7e12c659b82740b67ce2f9a1,2026-09-04T18:10:08Z,2026-09-13T17:00:00Z,Houston Texans,Buffalo Bills,HOU,BUF,lowvig,totals,Under,-105.0,44.5
7e09efed7e12c659b82740b67ce2f9a1,2026-09-04T18:10:08Z,2026-09-13T17:00:00Z,Houston Texans,Buffalo Bills,HOU,BUF,betrivers,h2h,Buffalo Bills,-117.0,
7e09efed7e12c659b82740b67ce2f9a1,2026-09-04T18:10:08Z,2026-09-13T17:00:00Z,Houston Texans,Buffalo Bills,HOU,BUF,betrivers,h2h,Houston Texans,-107.0,
7e09efed7e12c659b82740b67ce2f9a1,2026-09-04T18:10:08Z,2026-09-13T17:00:00Z,Houston Texans,Buffalo Bills,HOU,BUF,betrivers,spreads,Buffalo Bills,-108.0,-1.0
7e09efed7e12c659b82740b67ce2f9a1,2026-09-04T18:10:08Z,2026-09-13T17:00:00Z,Houston Texans,Buffalo Bills,HOU,BUF,betrivers,spreads,Houston Texans,-113.0,1.0
7e09efed7e12c659b82740b67ce2f9a1,2026-09-04T18:10:08Z,2026-09-13T17:00:00Z,Houston Texans,Buffalo Bills,HOU,BUF,betrivers,totals,Over,-109.0,44.5
7e09efed7e12c659b82740b67ce2f9a1,2026-09-04T18:10:08Z,2026-09-13T17:00:00Z,Houston Texans,Buffalo Bills,HOU,BUF,betrivers,totals,Under,-112.0,44.5
7e09efed7e12c659b82740b67ce2f9a1,2026-09-04T18:10:08Z,2026-09-13T17:00:00Z,Houston Texans,Buffalo Bills,HOU,BUF,betonlineag,spreads,Buffalo Bills,-110.0,0.0
7e09efed7e12c659b82740b67ce2f9a1,2026-09-04T18:10:08Z,2026-09-13T17:00:00Z,Houston Texans,Buffalo Bills,HOU,BUF,betonlineag,spreads,Houston Texans,-110.0,0.0
7e09efed7e12c659b82740b67ce2f9a1,2026-09-04T18:10:08Z,2026-09-13T17:00:00Z,Houston Texans,Buffalo Bills,HOU,BUF,betonlineag,totals,Over,-112.0,44.5
7e09efed7e12c659b82740b67ce2f9a1,2026-09-04T18:10:08Z,2026-09-13T17:00:00Z,Houston Texans,Buffalo Bills,HOU,BUF,betonlineag,totals,Under,-108.0,44.5
7e09efed7e12c659b82740b67ce2f9a1,2026-09-04T18:10:08Z,2026-09-13T17:00:00Z,Houston Texans,Buffalo Bills,HOU,BUF,fanduel,h2h,Buffalo Bills,-108.0,
7e09efed7e12c659b82740b67ce2f9a1,2026-09-04T18:10:08Z,2026-09-13T17:00:00Z,Houston Texans,Buffalo Bills,HOU,BUF,fanduel,h2h,Houston Texans,-108.0,
7e09efed7e12c659b82740b67ce2f9a1,2026-09-04T18:10:08Z,2026-09-13T17:00:00Z,Houston Texans,Buffalo Bills,HOU,BUF,fanduel,spreads,Buffalo Bills,100.0,-1.5
7e09efed7e12c659b82740b67ce2f9a1,2026-09-04T18:10:08Z,2026-09-13T17:00:00Z,Houston Texans,Buffalo Bills,HOU,BUF,fanduel,spreads,Houston Texans,-122.0,1.5
7e09efed7e12c659b82740b67ce2f9a1,2026-09-04T18:10:08Z,2026-09-13T17:00:00Z,Houston Texans,Buffalo Bills,HOU,BUF,fanduel,totals,Over,-112.0,44.5
7e09efed7e12c659b82740b67ce2f9a1,2026-09-04T18:10:08Z,2026-09-13T17:00:00Z,Houston Texans,Buffalo Bills,HOU,BUF,fanduel,totals,Under,-108.0,44.5
7e09efed7e12c659b82740b67ce2f9a1,2026-09-04T18:10:08Z,2026-09-13T17:00:00Z,Houston Texans,Buffalo Bills,HOU,BUF,betmgm,h2h,Buffalo Bills,-110.0,
7e09efed7e12c659b82740b67ce2f9a1,2026-09-04T18:10:08Z,2026-09-13T17:00:00Z,Houston Texans,Buffalo Bills,HOU,BUF,betmgm,h2h,Houston Texans,-108.0,
7e09efed7e12c659b82740b67ce2f9a1,2026-09-04T18:10:08Z,2026-09-13T17:00:00Z,Houston Texans,Buffalo Bills,HOU,BUF,betmgm,spreads,Buffalo Bills,-105.0,-1.0
7e09efed7e12c659b82740b67ce2f9a1,2026-09-04T18:10:08Z,2026-09-13T17:00:00Z,Houston Texans,Buffalo Bills,HOU,BUF,betmgm,spreads,Houston Texans,-115.0,1.0
7e09efed7e12c659b82740b67ce2f9a1,2026-09-04T18:10:08Z,2026-09-13T17:00:00Z,Houston Texans,Buffalo Bills,HOU,BUF,betmgm,totals,Over,-110.0,44.5
7e09efed7e12c659b82740b67ce2f9a1,2026-09-04T18:10:08Z,2026-09-13T17:00:00Z,Houston Texans,Buffalo Bills,HOU,BUF,betmgm,totals,Under,-108.0,44.5
7e09efed7e12c659b82740b67ce2f9a1,2026-09-04T18:10:08Z,2026-09-13T17:00:00Z,Houston Texans,Buffalo Bills,HOU,BUF,bovada,h2h,Buffalo Bills,-110.0,
7e09efed7e12c659b82740b67ce2f9a1,2026-09-04T18:10:08Z,2026-09-13T17:00:00Z,Houston Texans,Buffalo Bills,HOU,BUF,bovada,h2h,Houston Texans,-110.0,
7e09efed7e12c659b82740b67ce2f9a1,2026-09-04T18:10:08Z,2026-09-13T17:00:00Z,Houston Texans,Buffalo Bills,HOU,BUF,bovada,spreads,Buffalo Bills,-115.0,1.0
7e09efed7e12c659b82740b67ce2f9a1,2026-09-04T18:10:08Z,2026-09-13T17:00:00Z,Houston Texans,Buffalo Bills,HOU,BUF,bovada,spreads,Houston Texans,-105.0,-1.0
7e09efed7e12c659b82740b67ce2f9a1,2026-09-04T18:10:08Z,2026-09-13T17:00:00Z,Houston Texans,Buffalo Bills,HOU,BUF,bovada,totals,Over,-110.0,44.5
7e09efed7e12c659b82740b67ce2f9a1,2026-09-04T18:10:08Z,2026-09-13T17:00:00Z,Houston Texans,Buffalo Bills,HOU,BUF,bovada,totals,Under,-110.0,44.5
7e09efed7e12c659b82740b67ce2f9a1,2026-09-04T18:10:08Z,2026-09-13T17:00:00Z,Houston Texans,Buffalo Bills,HOU,BUF,mybookieag,h2h,Buffalo Bills,-114.0,
7e09efed7e12c659b82740b67ce2f9a1,2026-09-04T18:10:08Z,2026-09-13T17:00:00Z,Houston Texans,Buffalo Bills,HOU,BUF,mybookieag,h2h,Houston Texans,-112.0,
7e09efed7e12c659b82740b67ce2f9a1,2026-09-04T18:10:08Z,2026-09-13T17:00:00Z,Houston Texans,Buffalo Bills,HOU,BUF,mybookieag,spreads,Buffalo Bills,-110.0,1.0
7e09efed7e12c659b82740b67ce2f9a1,2026-09-04T18:10:08Z,2026-09-13T17:00:00Z,Houston Texans,Buffalo Bills,HOU,BUF,mybookieag,spreads,Houston Texans,-110.0,-1.0
7e09efed7e12c659b82740b67ce2f9a1,2026-09-04T18:10:08Z,2026-09-13T17:00:00Z,Houston Texans,Buffalo Bills,HOU,BUF,mybookieag,totals,Over,-110.0,44.5
7e09efed7e12c659b82740b67ce2f9a1,2026-09-04T18:10:08Z,2026-09-13T17:00:00Z,Houston Texans,Buffalo Bills,HOU,BUF,mybookieag,totals,Under,-110.0,44.5
fc362aff0d889ec52d358307a70c32ed,2026-09-04T18:10:08Z,2026-09-13T17:00:00Z,Carolina Panthers,Chicago Bears,CAR,CHI,draftkings,h2h,Carolina Panthers,124.0,
fc362aff0d889ec52d358307a70c32ed,2026-09-04T18:10:08Z,2026-09-13T17:00:00Z,Carolina Panthers,Chicago Bears,CAR,CHI,draftkings,h2h,Chicago Bears,-148.0,
fc362aff0d889ec52d358307a70c32ed,2026-09-04T18:10:08Z,2026-09-13T17:00:00Z,Carolina Panthers,Chicago Bears,CAR,CHI,draftkings,spreads,Carolina Panthers,-102.0,2.5
fc362aff0d889ec52d358307a70c32ed,2026-09-04T18:10:08Z,2026-09-13T17:00:00Z,Carolina Panthers,Chicago Bears,CAR,CHI,draftkings,spreads,Chicago Bears,-118.0,-2.5
fc362aff0d889ec52d358307a70c32ed,2026-09-04T18:10:08Z,2026-09-13T17:00:00Z,Carolina Panthers,Chicago Bears,CAR,CHI,draftkings,totals,Over,-110.0,47.5
fc362aff0d889ec52d358307a70c32ed,2026-09-04T18:10:08Z,2026-09-13T17:00:00Z,Carolina Panthers,Chicago Bears,CAR,CHI,draftkings,totals,Under,-110.0,47.5
fc362aff0d889ec52d358307a70c32ed,2026-09-04T18:10:08Z,2026-09-13T17:00:00Z,Carolina Panthers,Chicago Bears,CAR,CHI,fanduel,h2h,Carolina Panthers,130.0,
fc362aff0d889ec52d358307a70c32ed,2026-09-04T18:10:08Z,2026-09-13T17:00:00Z,Carolina Panthers,Chicago Bears,CAR,CHI,fanduel,h2h,Chicago Bears,-154.0,
fc362aff0d889ec52d358307a70c32ed,2026-09-04T18:10:08Z,2026-09-13T17:00:00Z,Carolina Panthers,Chicago Bears,CAR,CHI,fanduel,spreads,Carolina Panthers,100.0,2.5
fc362aff0d889ec52d358307a70c32ed,2026-09-04T18:10:08Z,2026-09-13T17:00:00Z,Carolina Panthers,Chicago Bears,CAR,CHI,fanduel,spreads,Chicago Bears,-122.0,-2.5
fc362aff0d889ec52d358307a70c32ed,2026-09-04T18:10:08Z,2026-09-13T17:00:00Z,Carolina Panthers,Chicago Bears,CAR,CHI,fanduel,totals,Over,-105.0,47.5
fc362aff0d889ec52d358307a70c32ed,2026-09-04T18:10:08Z,2026-09-13T17:00:00Z,Carolina Panthers,Chicago Bears,CAR,CHI,fanduel,totals,Under,-115.0,47.5
fc362aff0d889ec52d358307a70c32ed,2026-09-04T18:10:08Z,2026-09-13T17:00:00Z,Carolina Panthers,Chicago Bears,CAR,CHI,lowvig,h2h,Carolina Panthers,132.0,
fc362aff0d889ec52d358307a70c32ed,2026-09-04T18:10:08Z,2026-09-13T17:00:00Z,Carolina Panthers,Chicago Bears,CAR,CHI,lowvig,h2h,Chicago Bears,-152.0,
fc362aff0d889ec52d358307a70c32ed,2026-09-04T18:10:08Z,2026-09-13T17:00:00Z,Carolina Panthers,Chicago Bears,CAR,CHI,lowvig,spreads,Carolina Panthers,105.0,2.5
fc362aff0d889ec52d358307a70c32ed,2026-09-04T18:10:08Z,2026-09-13T17:00:00Z,Carolina Panthers,Chicago Bears,CAR,CHI,lowvig,spreads,Chicago Bears,-116.0,-2.5
fc362aff0d889ec52d358307a70c32ed,2026-09-04T18:10:08Z,2026-09-13T17:00:00Z,Carolina Panthers,Chicago Bears,CAR,CHI,lowvig,totals,Over,-102.0,47.5
fc362aff0d889ec52d358307a70c32ed,2026-09-04T18:10:08Z,2026-09-13T17:00:00Z,Carolina Panthers,Chicago Bears,CAR,CHI,lowvig,totals,Under,-113.0,47.5
fc362aff0d889ec52d358307a70c32ed,2026-09-04T18:10:08Z,2026-09-13T17:00:00Z,Carolina Panthers,Chicago Bears,CAR,CHI,betus,h2h,Carolina Panthers,129.0,
fc362aff0d889ec52d358307a70c32ed,2026-09-04T18:10:08Z,2026-09-13T17:00:00Z,Carolina Panthers,Chicago Bears,CAR,CHI,betus,h2h,Chicago Bears,-150.0,
fc362aff0d889ec52d358307a70c32ed,2026-09-04T18:10:08Z,2026-09-13T17:00:00Z,Carolina Panthers,Chicago Bears,CAR,CHI,betus,spreads,Carolina Panthers,-120.0,3.0
fc362aff0d889ec52d358307a70c32ed,2026-09-04T18:10:08Z,2026-09-13T17:00:00Z,Carolina Panthers,Chicago Bears,CAR,CHI,betus,spreads,Chicago Bears,100.0,-3.0
fc362aff0d889ec52d358307a70c32ed,2026-09-04T18:10:08Z,2026-09-13T17:00:00Z,Carolina Panthers,Chicago Bears,CAR,CHI,betus,totals,Over,-110.0,47.5
fc362aff0d889ec52d358307a70c32ed,2026-09-04T18:10:08Z,2026-09-13T17:00:00Z,Carolina Panthers,Chicago Bears,CAR,CHI,betus,totals,Under,-110.0,47.5
fc362aff0d889ec52d358307a70c32ed,2026-09-04T18:10:08Z,2026-09-13T17:00:00Z,Carolina Panthers,Chicago Bears,CAR,CHI,betonlineag,h2h,Carolina Panthers,132.0,
fc362aff0d889ec52d358307a70c32ed,2026-09-04T18:10:08Z,2026-09-13T17:00:00Z,Carolina Panthers,Chicago Bears,CAR,CHI,betonlineag,h2h,Chicago Bears,-152.0,
fc362aff0d889ec52d358307a70c32ed,2026-09-04T18:10:08Z,2026-09-13T17:00:00Z,Carolina Panthers,Chicago Bears,CAR,CHI,betonlineag,spreads,Carolina Panthers,100.0,2.5
fc362aff0d889ec52d358307a70c32ed,2026-09-04T18:10:08Z,2026-09-13T17:00:00Z,Carolina Panthers,Chicago Bears,CAR,CHI,betonlineag,spreads,Chicago Bears,-120.0,-2.5
fc362aff0d889ec52d358307a70c32ed,2026-09-04T18:10:08Z,2026-09-13T17:00:00Z,Carolina Panthers,Chicago Bears,CAR,CHI,betonlineag,totals,Over,-105.0,47.5
fc362aff0d889ec52d358307a70c32ed,2026-09-04T18:10:08Z,2026-09-13T17:00:00Z,Carolina Panthers,Chicago Bears,CAR,CHI,betonlineag,totals,Under,-115.0,47.5
fc362aff0d889ec52d358307a70c32ed,2026-09-04T18:10:08Z,2026-09-13T17:00:00Z,Carolina Panthers,Chicago Bears,CAR,CHI,betrivers,h2h,Carolina Panthers,128.0,
fc362aff0d889ec52d358307a70c32ed,2026-09-04T18:10:08Z,2026-09-13T17:00:00Z,Carolina Panthers,Chicago Bears,CAR,CHI,betrivers,h2h,Chicago Bears,-157.0,
fc362aff0d889ec52d358307a70c32ed,2026-09-04T18:10:08Z,2026-09-13T17:00:00Z,Carolina Panthers,Chicago Bears,CAR,CHI,betrivers,spreads,Carolina Panthers,-117.0,3.0
fc362aff0d889ec52d358307a70c32ed,2026-09-04T18:10:08Z,2026-09-13T17:00:00Z,Carolina Panthers,Chicago Bears,CAR,CHI,betrivers,spreads,Chicago Bears,-105.0,-3.0
fc362aff0d889ec52d358307a70c32ed,2026-09-04T18:10:08Z,2026-09-13T17:00:00Z,Carolina Panthers,Chicago Bears,CAR,CHI,betrivers,totals,Over,-110.0,47.5
fc362aff0d889ec52d358307a70c32ed,2026-09-04T18:10:08Z,2026-09-13T17:00:00Z,Carolina Panthers,Chicago Bears,CAR,CHI,betrivers,totals,Under,-110.0,47.5
fc362aff0d889ec52d358307a70c32ed,2026-09-04T18:10:08Z,2026-09-13T17:00:00Z,Carolina Panthers,Chicago Bears,CAR,CHI,betmgm,h2h,Carolina Panthers,130.0,
fc362aff0d889ec52d358307a70c32ed,2026-09-04T18:10:08Z,2026-09-13T17:00:00Z,Carolina Panthers,Chicago Bears,CAR,CHI,betmgm,h2h,Chicago Bears,-155.0,
fc362aff0d889ec52d358307a70c32ed,2026-09-04T18:10:08Z,2026-09-13T17:00:00Z,Carolina Panthers,Chicago Bears,CAR,CHI,betmgm,spreads,Carolina Panthers,-118.0,3.0
fc362aff0d889ec52d358307a70c32ed,2026-09-04T18:10:08Z,2026-09-13T17:00:00Z,Carolina Panthers,Chicago Bears,CAR,CHI,betmgm,spreads,Chicago Bears,-102.0,-3.0
fc362aff0d889ec52d358307a70c32ed,2026-09-04T18:10:08Z,2026-09-13T17:00:00Z,Carolina Panthers,Chicago Bears,CAR,CHI,betmgm,totals,Over,-108.0,47.5
fc362aff0d889ec52d358307a70c32ed,2026-09-04T18:10:08Z,2026-09-13T17:00:00Z,Carolina Panthers,Chicago Bears,CAR,CHI,betmgm,totals,Under,-110.0,47.5
fc362aff0d889ec52d358307a70c32ed,2026-09-04T18:10:08Z,2026-09-13T17:00:00Z,Carolina Panthers,Chicago Bears,CAR,CHI,bovada,h2h,Carolina Panthers,130.0,
fc362aff0d889ec52d358307a70c32ed,2026-09-04T18:10:08Z,2026-09-13T17:00:00Z,Carolina Panthers,Chicago Bears,CAR,CHI,bovada,h2h,Chicago Bears,-150.0,
fc362aff0d889ec52d358307a70c32ed,2026-09-04T18:10:08Z,2026-09-13T17:00:00Z,Carolina Panthers,Chicago Bears,CAR,CHI,bovada,spreads,Carolina Panthers,100.0,2.5
fc362aff0d889ec52d358307a70c32ed,2026-09-04T18:10:08Z,2026-09-13T17:00:00Z,Carolina Panthers,Chicago Bears,CAR,CHI,bovada,spreads,Chicago Bears,-120.0,-2.5
fc362aff0d889ec52d358307a70c32ed,2026-09-04T18:10:08Z,2026-09-13T17:00:00Z,Carolina Panthers,Chicago Bears,CAR,CHI,bovada,totals,Over,-115.0,47.0
fc362aff0d889ec52d358307a70c32ed,2026-09-04T18:10:08Z,2026-09-13T17:00:00Z,Carolina Panthers,Chicago Bears,CAR,CHI,bovada,totals,Under,-105.0,47.0
fc362aff0d889ec52d358307a70c32ed,2026-09-04T18:10:08Z,2026-09-13T17:00:00Z,Carolina Panthers,Chicago Bears,CAR,CHI,mybookieag,h2h,Carolina Panthers,123.0,
fc362aff0d889ec52d358307a70c32ed,2026-09-04T18:10:08Z,2026-09-13T17:00:00Z,Carolina Panthers,Chicago Bears,CAR,CHI,mybookieag,h2h,Chicago Bears,-157.0,
fc362aff0d889ec52d358307a70c32ed,2026-09-04T18:10:08Z,2026-09-13T17:00:00Z,Carolina Panthers,Chicago Bears,CAR,CHI,mybookieag,spreads,Carolina Panthers,-110.0,2.5
fc362aff0d889ec52d358307a70c32ed,2026-09-04T18:10:08Z,2026-09-13T17:00:00Z,Carolina Panthers,Chicago Bears,CAR,CHI,mybookieag,spreads,Chicago Bears,-110.0,-2.5
fc362aff0d889ec52d358307a70c32ed,2026-09-04T18:10:08Z,2026-09-13T17:00:00Z,Carolina Panthers,Chicago Bears,CAR,CHI,mybookieag,totals,Over,-110.0,47.5
fc362aff0d889ec52d358307a70c32ed,2026-09-04T18:10:08Z,2026-09-13T17:00:00Z,Carolina Panthers,Chicago Bears,CAR,CHI,mybookieag,totals,Under,-110.0,47.5
ed6d24ff979f9c71979fead577b0b3f7,2026-09-04T18:10:08Z,2026-09-13T17:00:00Z,Cincinnati Bengals,Tampa Bay Buccaneers,CIN,TB,draftkings,h2h,Cincinnati Bengals,-205.0,
ed6d24ff979f9c71979fead577b0b3f7,2026-09-04T18:10:08Z,2026-09-13T17:00:00Z,Cincinnati Bengals,Tampa Bay Buccaneers,CIN,TB,draftkings,h2h,Tampa Bay Buccaneers,170.0,
ed6d24ff979f9c71979fead577b0b3f7,2026-09-04T18:10:08Z,2026-09-13T17:00:00Z,Cincinnati Bengals,Tampa Bay Buccaneers,CIN,TB,draftkings,spreads,Cincinnati Bengals,-115.0,-3.5
ed6d24ff979f9c71979fead577b0b3f7,2026-09-04T18:10:08Z,2026-09-13T17:00:00Z,Cincinnati Bengals,Tampa Bay Buccaneers,CIN,TB,draftkings,spreads,Tampa Bay Buccaneers,-105.0,3.5
ed6d24ff979f9c71979fead577b0b3f7,2026-09-04T18:10:08Z,2026-09-13T17:00:00Z,Cincinnati Bengals,Tampa Bay Buccaneers,CIN,TB,draftkings,totals,Over,-102.0,51.5
ed6d24ff979f9c71979fead577b0b3f7,2026-09-04T18:10:08Z,2026-09-13T17:00:00Z,Cincinnati Bengals,Tampa Bay Buccaneers,CIN,TB,draftkings,totals,Under,-118.0,51.5
ed6d24ff979f9c71979fead577b0b3f7,2026-09-04T18:10:08Z,2026-09-13T17:00:00Z,Cincinnati Bengals,Tampa Bay Buccaneers,CIN,TB,fanduel,h2h,Cincinnati Bengals,-205.0,
ed6d24ff979f9c71979fead577b0b3f7,2026-09-04T18:10:08Z,2026-09-13T17:00:00Z,Cincinnati Bengals,Tampa Bay Buccaneers,CIN,TB,fanduel,h2h,Tampa Bay Buccaneers,172.0,
ed6d24ff979f9c71979fead577b0b3f7,2026-09-04T18:10:08Z,2026-09-13T17:00:00Z,Cincinnati Bengals,Tampa Bay Buccaneers,CIN,TB,fanduel,spreads,Cincinnati Bengals,-115.0,-3.5
ed6d24ff979f9c71979fead577b0b3f7,2026-09-04T18:10:08Z,2026-09-13T17:00:00Z,Cincinnati Bengals,Tampa Bay Buccaneers,CIN,TB,fanduel,spreads,Tampa Bay Buccaneers,-105.0,3.5
ed6d24ff979f9c71979fead577b0b3f7,2026-09-04T18:10:08Z,2026-09-13T17:00:00Z,Cincinnati Bengals,Tampa Bay Buccaneers,CIN,TB,fanduel,totals,Over,-112.0,50.5
ed6d24ff979f9c71979fead577b0b3f7,2026-09-04T18:10:08Z,2026-09-13T17:00:00Z,Cincinnati Bengals,Tampa Bay Buccaneers,CIN,TB,fanduel,totals,Under,-108.0,50.5
ed6d24ff979f9c71979fead577b0b3f7,2026-09-04T18:10:08Z,2026-09-13T17:00:00Z,Cincinnati Bengals,Tampa Bay Buccaneers,CIN,TB,lowvig,h2h,Cincinnati Bengals,-210.0,
ed6d24ff979f9c71979fead577b0b3f7,2026-09-04T18:10:08Z,2026-09-13T17:00:00Z,Cincinnati Bengals,Tampa Bay Buccaneers,CIN,TB,lowvig,h2h,Tampa Bay Buccaneers,180.0,
ed6d24ff979f9c71979fead577b0b3f7,2026-09-04T18:10:08Z,2026-09-13T17:00:00Z,Cincinnati Bengals,Tampa Bay Buccaneers,CIN,TB,lowvig,spreads,Cincinnati Bengals,-102.0,-4.0
ed6d24ff979f9c71979fead577b0b3f7,2026-09-04T18:10:08Z,2026-09-13T17:00:00Z,Cincinnati Bengals,Tampa Bay Buccaneers,CIN,TB,lowvig,spreads,Tampa Bay Buccaneers,-108.0,4.0
ed6d24ff979f9c71979fead577b0b3f7,2026-09-04T18:10:08Z,2026-09-13T17:00:00Z,Cincinnati Bengals,Tampa Bay Buccaneers,CIN,TB,lowvig,totals,Over,-102.0,50.5
ed6d24ff979f9c71979fead577b0b3f7,2026-09-04T18:10:08Z,2026-09-13T17:00:00Z,Cincinnati Bengals,Tampa Bay Buccaneers,CIN,TB,lowvig,totals,Under,-113.0,50.5
ed6d24ff979f9c71979fead577b0b3f7,2026-09-04T18:10:08Z,2026-09-13T17:00:00Z,Cincinnati Bengals,Tampa Bay Buccaneers,CIN,TB,betus,h2h,Cincinnati Bengals,-210.0,
ed6d24ff979f9c71979fead577b0b3f7,2026-09-04T18:10:08Z,2026-09-13T17:00:00Z,Cincinnati Bengals,Tampa Bay Buccaneers,CIN,TB,betus,h2h,Tampa Bay Buccaneers,180.0,
ed6d24ff979f9c71979fead577b0b3f7,2026-09-04T18:10:08Z,2026-09-13T17:00:00Z,Cincinnati Bengals,Tampa Bay Buccaneers,CIN,TB,betus,spreads,Cincinnati Bengals,-110.0,-4.0
ed6d24ff979f9c71979fead577b0b3f7,2026-09-04T18:10:08Z,2026-09-13T17:00:00Z,Cincinnati Bengals,Tampa Bay Buccaneers,CIN,TB,betus,spreads,Tampa Bay Buccaneers,-110.0,4.0
ed6d24ff979f9c71979fead577b0b3f7,2026-09-04T18:10:08Z,2026-09-13T17:00:00Z,Cincinnati Bengals,Tampa Bay Buccaneers,CIN,TB,betus,totals,Over,-105.0,50.5
ed6d24ff979f9c71979fead577b0b3f7,2026-09-04T18:10:08Z,2026-09-13T17:00:00Z,Cincinnati Bengals,Tampa Bay Buccaneers,CIN,TB,betus,totals,Under,-115.0,50.5
ed6d24ff979f9c71979fead577b0b3f7,2026-09-04T18:10:08Z,2026-09-13T17:00:00Z,Cincinnati Bengals,Tampa Bay Buccaneers,CIN,TB,betonlineag,h2h,Cincinnati Bengals,-210.0,
ed6d24ff979f9c71979fead577b0b3f7,2026-09-04T18:10:08Z,2026-09-13T17:00:00Z,Cincinnati Bengals,Tampa Bay Buccaneers,CIN,TB,betonlineag,h2h,Tampa Bay Buccaneers,180.0,
ed6d24ff979f9c71979fead577b0b3f7,2026-09-04T18:10:08Z,2026-09-13T17:00:00Z,Cincinnati Bengals,Tampa Bay Buccaneers,CIN,TB,betonlineag,spreads,Cincinnati Bengals,-107.0,-4.0
ed6d24ff979f9c71979fead577b0b3f7,2026-09-04T18:10:08Z,2026-09-13T17:00:00Z,Cincinnati Bengals,Tampa Bay Buccaneers,CIN,TB,betonlineag,spreads,Tampa Bay Buccaneers,-113.0,4.0
ed6d24ff979f9c71979fead577b0b3f7,2026-09-04T18:10:08Z,2026-09-13T17:00:00Z,Cincinnati Bengals,Tampa Bay Buccaneers,CIN,TB,betonlineag,totals,Over,-105.0,50.5
ed6d24ff979f9c71979fead577b0b3f7,2026-09-04T18:10:08Z,2026-09-13T17:00:00Z,Cincinnati Bengals,Tampa Bay Buccaneers,CIN,TB,betonlineag,totals,Under,-115.0,50.5
ed6d24ff979f9c71979fead577b0b3f7,2026-09-04T18:10:08Z,2026-09-13T17:00:00Z,Cincinnati Bengals,Tampa Bay Buccaneers,CIN,TB,betrivers,h2h,Cincinnati Bengals,-205.0,
ed6d24ff979f9c71979fead577b0b3f7,2026-09-04T18:10:08Z,2026-09-13T17:00:00Z,Cincinnati Bengals,Tampa Bay Buccaneers,CIN,TB,betrivers,h2h,Tampa Bay Buccaneers,163.0,
ed6d24ff979f9c71979fead577b0b3f7,2026-09-04T18:10:08Z,2026-09-13T17:00:00Z,Cincinnati Bengals,Tampa Bay Buccaneers,CIN,TB,betrivers,spreads,Cincinnati Bengals,-113.0,-3.5
ed6d24ff979f9c71979fead577b0b3f7,2026-09-04T18:10:08Z,2026-09-13T17:00:00Z,Cincinnati Bengals,Tampa Bay Buccaneers,CIN,TB,betrivers,spreads,Tampa Bay Buccaneers,-108.0,3.5
ed6d24ff979f9c71979fead577b0b3f7,2026-09-04T18:10:08Z,2026-09-13T17:00:00Z,Cincinnati Bengals,Tampa Bay Buccaneers,CIN,TB,betrivers,totals,Over,-112.0,50.5
ed6d24ff979f9c71979fead577b0b3f7,2026-09-04T18:10:08Z,2026-09-13T17:00:00Z,Cincinnati Bengals,Tampa Bay Buccaneers,CIN,TB,betrivers,totals,Under,-109.0,50.5
ed6d24ff979f9c71979fead577b0b3f7,2026-09-04T18:10:08Z,2026-09-13T17:00:00Z,Cincinnati Bengals,Tampa Bay Buccaneers,CIN,TB,betmgm,h2h,Cincinnati Bengals,-210.0,
ed6d24ff979f9c71979fead577b0b3f7,2026-09-04T18:10:08Z,2026-09-13T17:00:00Z,Cincinnati Bengals,Tampa Bay Buccaneers,CIN,TB,betmgm,h2h,Tampa Bay Buccaneers,170.0,
ed6d24ff979f9c71979fead577b0b3f7,2026-09-04T18:10:08Z,2026-09-13T17:00:00Z,Cincinnati Bengals,Tampa Bay Buccaneers,CIN,TB,betmgm,spreads,Cincinnati Bengals,-108.0,-4.0
ed6d24ff979f9c71979fead577b0b3f7,2026-09-04T18:10:08Z,2026-09-13T17:00:00Z,Cincinnati Bengals,Tampa Bay Buccaneers,CIN,TB,betmgm,spreads,Tampa Bay Buccaneers,-110.0,4.0
ed6d24ff979f9c71979fead577b0b3f7,2026-09-04T18:10:08Z,2026-09-13T17:00:00Z,Cincinnati Bengals,Tampa Bay Buccaneers,CIN,TB,betmgm,totals,Over,-112.0,50.5
ed6d24ff979f9c71979fead577b0b3f7,2026-09-04T18:10:08Z,2026-09-13T17:00:00Z,Cincinnati Bengals,Tampa Bay Buccaneers,CIN,TB,betmgm,totals,Under,-108.0,50.5
ed6d24ff979f9c71979fead577b0b3f7,2026-09-04T18:10:08Z,2026-09-13T17:00:00Z,Cincinnati Bengals,Tampa Bay Buccaneers,CIN,TB,bovada,h2h,Cincinnati Bengals,-225.0,
ed6d24ff979f9c71979fead577b0b3f7,2026-09-04T18:10:08Z,2026-09-13T17:00:00Z,Cincinnati Bengals,Tampa Bay Buccaneers,CIN,TB,bovada,h2h,Tampa Bay Buccaneers,185.0,
ed6d24ff979f9c71979fead577b0b3f7,2026-09-04T18:10:08Z,2026-09-13T17:00:00Z,Cincinnati Bengals,Tampa Bay Buccaneers,CIN,TB,bovada,spreads,Cincinnati Bengals,-110.0,-4.0
ed6d24ff979f9c71979fead577b0b3f7,2026-09-04T18:10:08Z,2026-09-13T17:00:00Z,Cincinnati Bengals,Tampa Bay Buccaneers,CIN,TB,bovada,spreads,Tampa Bay Buccaneers,-110.0,4.0
ed6d24ff979f9c71979fead577b0b3f7,2026-09-04T18:10:08Z,2026-09-13T17:00:00Z,Cincinnati Bengals,Tampa Bay Buccaneers,CIN,TB,bovada,totals,Over,-115.0,50.5
ed6d24ff979f9c71979fead577b0b3f7,2026-09-04T18:10:08Z,2026-09-13T17:00:00Z,Cincinnati Bengals,Tampa Bay Buccaneers,CIN,TB,bovada,totals,Under,-105.0,50.5
ed6d24ff979f9c71979fead577b0b3f7,2026-09-04T18:10:08Z,2026-09-13T17:00:00Z,Cincinnati Bengals,Tampa Bay Buccaneers,CIN,TB,mybookieag,h2h,Cincinnati Bengals,-216.0,
ed6d24ff979f9c71979fead577b0b3f7,2026-09-04T18:10:08Z,2026-09-13T17:00:00Z,Cincinnati Bengals,Tampa Bay Buccaneers,CIN,TB,mybookieag,h2h,Tampa Bay Buccaneers,166.0,
ed6d24ff979f9c71979fead577b0b3f7,2026-09-04T18:10:08Z,2026-09-13T17:00:00Z,Cincinnati Bengals,Tampa Bay Buccaneers,CIN,TB,mybookieag,spreads,Cincinnati Bengals,-110.0,-4.0
ed6d24ff979f9c71979fead577b0b3f7,2026-09-04T18:10:08Z,2026-09-13T17:00:00Z,Cincinnati Bengals,Tampa Bay Buccaneers,CIN,TB,mybookieag,spreads,Tampa Bay Buccaneers,-110.0,4.0
ed6d24ff979f9c71979fead577b0b3f7,2026-09-04T18:10:08Z,2026-09-13T17:00:00Z,Cincinnati Bengals,Tampa Bay Buccaneers,CIN,TB,mybookieag,totals,Over,-110.0,50.5
ed6d24ff979f9c71979fead577b0b3f7,2026-09-04T18:10:08Z,2026-09-13T17:00:00Z,Cincinnati Bengals,Tampa Bay Buccaneers,CIN,TB,mybookieag,totals,Under,-110.0,50.5
e55c6fe19fce094ce214c8b0e5b504e9,2026-09-04T18:10:08Z,2026-09-13T17:00:00Z,Jacksonville Jaguars,Cleveland Browns,JAX,CLE,draftkings,h2h,Cleveland Browns,310.0,
e55c6fe19fce094ce214c8b0e5b504e9,2026-09-04T18:10:08Z,2026-09-13T17:00:00Z,Jacksonville Jaguars,Cleveland Browns,JAX,CLE,draftkings,h2h,Jacksonville Jaguars,-395.0,
e55c6fe19fce094ce214c8b0e5b504e9,2026-09-04T18:10:08Z,2026-09-13T17:00:00Z,Jacksonville Jaguars,Cleveland Browns,JAX,CLE,draftkings,spreads,Cleveland Browns,-110.0,7.5
e55c6fe19fce094ce214c8b0e5b504e9,2026-09-04T18:10:08Z,2026-09-13T17:00:00Z,Jacksonville Jaguars,Cleveland Browns,JAX,CLE,draftkings,spreads,Jacksonville Jaguars,-110.0,-7.5
e55c6fe19fce094ce214c8b0e5b504e9,2026-09-04T18:10:08Z,2026-09-13T17:00:00Z,Jacksonville Jaguars,Cleveland Browns,JAX,CLE,draftkings,totals,Over,-110.0,40.5
e55c6fe19fce094ce214c8b0e5b504e9,2026-09-04T18:10:08Z,2026-09-13T17:00:00Z,Jacksonville Jaguars,Cleveland Browns,JAX,CLE,draftkings,totals,Under,-110.0,40.5
e55c6fe19fce094ce214c8b0e5b504e9,2026-09-04T18:10:08Z,2026-09-13T17:00:00Z,Jacksonville Jaguars,Cleveland Browns,JAX,CLE,fanduel,h2h,Cleveland Browns,315.0,
e55c6fe19fce094ce214c8b0e5b504e9,2026-09-04T18:10:08Z,2026-09-13T17:00:00Z,Jacksonville Jaguars,Cleveland Browns,JAX,CLE,fanduel,h2h,Jacksonville Jaguars,-400.0,
e55c6fe19fce094ce214c8b0e5b504e9,2026-09-04T18:10:08Z,2026-09-13T17:00:00Z,Jacksonville Jaguars,Cleveland Browns,JAX,CLE,fanduel,spreads,Cleveland Browns,-105.0,7.5
e55c6fe19fce094ce214c8b0e5b504e9,2026-09-04T18:10:08Z,2026-09-13T17:00:00Z,Jacksonville Jaguars,Cleveland Browns,JAX,CLE,fanduel,spreads,Jacksonville Jaguars,-115.0,-7.5
e55c6fe19fce094ce214c8b0e5b504e9,2026-09-04T18:10:08Z,2026-09-13T17:00:00Z,Jacksonville Jaguars,Cleveland Browns,JAX,CLE,fanduel,totals,Over,-110.0,40.5
e55c6fe19fce094ce214c8b0e5b504e9,2026-09-04T18:10:08Z,2026-09-13T17:00:00Z,Jacksonville Jaguars,Cleveland Browns,JAX,CLE,fanduel,totals,Under,-110.0,40.5
e55c6fe19fce094ce214c8b0e5b504e9,2026-09-04T18:10:08Z,2026-09-13T17:00:00Z,Jacksonville Jaguars,Cleveland Browns,JAX,CLE,betus,h2h,Cleveland Browns,312.0,
e55c6fe19fce094ce214c8b0e5b504e9,2026-09-04T18:10:08Z,2026-09-13T17:00:00Z,Jacksonville Jaguars,Cleveland Browns,JAX,CLE,betus,h2h,Jacksonville Jaguars,-390.0,
e55c6fe19fce094ce214c8b0e5b504e9,2026-09-04T18:10:08Z,2026-09-13T17:00:00Z,Jacksonville Jaguars,Cleveland Browns,JAX,CLE,betus,spreads,Cleveland Browns,-125.0,9.0
e55c6fe19fce094ce214c8b0e5b504e9,2026-09-04T18:10:08Z,2026-09-13T17:00:00Z,Jacksonville Jaguars,Cleveland Browns,JAX,CLE,betus,spreads,Jacksonville Jaguars,105.0,-9.0
e55c6fe19fce094ce214c8b0e5b504e9,2026-09-04T18:10:08Z,2026-09-13T17:00:00Z,Jacksonville Jaguars,Cleveland Browns,JAX,CLE,betus,totals,Over,-110.0,40.5
e55c6fe19fce094ce214c8b0e5b504e9,2026-09-04T18:10:08Z,2026-09-13T17:00:00Z,Jacksonville Jaguars,Cleveland Browns,JAX,CLE,betus,totals,Under,-110.0,40.5
e55c6fe19fce094ce214c8b0e5b504e9,2026-09-04T18:10:08Z,2026-09-13T17:00:00Z,Jacksonville Jaguars,Cleveland Browns,JAX,CLE,betrivers,h2h,Cleveland Browns,300.0,
e55c6fe19fce094ce214c8b0e5b504e9,2026-09-04T18:10:08Z,2026-09-13T17:00:00Z,Jacksonville Jaguars,Cleveland Browns,JAX,CLE,betrivers,h2h,Jacksonville Jaguars,-400.0,
e55c6fe19fce094ce214c8b0e5b504e9,2026-09-04T18:10:08Z,2026-09-13T17:00:00Z,Jacksonville Jaguars,Cleveland Browns,JAX,CLE,betrivers,spreads,Cleveland Browns,-114.0,8.5
e55c6fe19fce094ce214c8b0e5b504e9,2026-09-04T18:10:08Z,2026-09-13T17:00:00Z,Jacksonville Jaguars,Cleveland Browns,JAX,CLE,betrivers,spreads,Jacksonville Jaguars,-107.0,-8.5
e55c6fe19fce094ce214c8b0e5b504e9,2026-09-04T18:10:08Z,2026-09-13T17:00:00Z,Jacksonville Jaguars,Cleveland Browns,JAX,CLE,betrivers,totals,Over,-113.0,40.5
e55c6fe19fce094ce214c8b0e5b504e9,2026-09-04T18:10:08Z,2026-09-13T17:00:00Z,Jacksonville Jaguars,Cleveland Browns,JAX,CLE,betrivers,totals,Under,-108.0,40.5
e55c6fe19fce094ce214c8b0e5b504e9,2026-09-04T18:10:08Z,2026-09-13T17:00:00Z,Jacksonville Jaguars,Cleveland Browns,JAX,CLE,betonlineag,h2h,Cleveland Browns,310.0,
e55c6fe19fce094ce214c8b0e5b504e9,2026-09-04T18:10:08Z,2026-09-13T17:00:00Z,Jacksonville Jaguars,Cleveland Browns,JAX,CLE,betonlineag,h2h,Jacksonville Jaguars,-390.0,
e55c6fe19fce094ce214c8b0e5b504e9,2026-09-04T18:10:08Z,2026-09-13T17:00:00Z,Jacksonville Jaguars,Cleveland Browns,JAX,CLE,betonlineag,spreads,Cleveland Browns,-113.0,8.0
e55c6fe19fce094ce214c8b0e5b504e9,2026-09-04T18:10:08Z,2026-09-13T17:00:00Z,Jacksonville Jaguars,Cleveland Browns,JAX,CLE,betonlineag,spreads,Jacksonville Jaguars,-107.0,-8.0
e55c6fe19fce094ce214c8b0e5b504e9,2026-09-04T18:10:08Z,2026-09-13T17:00:00Z,Jacksonville Jaguars,Cleveland Browns,JAX,CLE,betonlineag,totals,Over,-110.0,40.5
e55c6fe19fce094ce214c8b0e5b504e9,2026-09-04T18:10:08Z,2026-09-13T17:00:00Z,Jacksonville Jaguars,Cleveland Browns,JAX,CLE,betonlineag,totals,Under,-110.0,40.5
e55c6fe19fce094ce214c8b0e5b504e9,2026-09-04T18:10:08Z,2026-09-13T17:00:00Z,Jacksonville Jaguars,Cleveland Browns,JAX,CLE,lowvig,h2h,Cleveland Browns,310.0,
e55c6fe19fce094ce214c8b0e5b504e9,2026-09-04T18:10:08Z,2026-09-13T17:00:00Z,Jacksonville Jaguars,Cleveland Browns,JAX,CLE,lowvig,h2h,Jacksonville Jaguars,-390.0,
e55c6fe19fce094ce214c8b0e5b504e9,2026-09-04T18:10:08Z,2026-09-13T17:00:00Z,Jacksonville Jaguars,Cleveland Browns,JAX,CLE,lowvig,spreads,Cleveland Browns,-108.0,8.0
e55c6fe19fce094ce214c8b0e5b504e9,2026-09-04T18:10:08Z,2026-09-13T17:00:00Z,Jacksonville Jaguars,Cleveland Browns,JAX,CLE,lowvig,spreads,Jacksonville Jaguars,-102.0,-8.0
e55c6fe19fce094ce214c8b0e5b504e9,2026-09-04T18:10:08Z,2026-09-13T17:00:00Z,Jacksonville Jaguars,Cleveland Browns,JAX,CLE,lowvig,totals,Over,-107.0,40.5
e55c6fe19fce094ce214c8b0e5b504e9,2026-09-04T18:10:08Z,2026-09-13T17:00:00Z,Jacksonville Jaguars,Cleveland Browns,JAX,CLE,lowvig,totals,Under,-107.0,40.5
e55c6fe19fce094ce214c8b0e5b504e9,2026-09-04T18:10:08Z,2026-09-13T17:00:00Z,Jacksonville Jaguars,Cleveland Browns,JAX,CLE,betmgm,h2h,Cleveland Browns,310.0,
e55c6fe19fce094ce214c8b0e5b504e9,2026-09-04T18:10:08Z,2026-09-13T17:00:00Z,Jacksonville Jaguars,Cleveland Browns,JAX,CLE,betmgm,h2h,Jacksonville Jaguars,-375.0,
e55c6fe19fce094ce214c8b0e5b504e9,2026-09-04T18:10:08Z,2026-09-13T17:00:00Z,Jacksonville Jaguars,Cleveland Browns,JAX,CLE,betmgm,spreads,Cleveland Browns,-110.0,8.0
e55c6fe19fce094ce214c8b0e5b504e9,2026-09-04T18:10:08Z,2026-09-13T17:00:00Z,Jacksonville Jaguars,Cleveland Browns,JAX,CLE,betmgm,spreads,Jacksonville Jaguars,-108.0,-8.0
e55c6fe19fce094ce214c8b0e5b504e9,2026-09-04T18:10:08Z,2026-09-13T17:00:00Z,Jacksonville Jaguars,Cleveland Browns,JAX,CLE,betmgm,totals,Over,-110.0,40.5
e55c6fe19fce094ce214c8b0e5b504e9,2026-09-04T18:10:08Z,2026-09-13T17:00:00Z,Jacksonville Jaguars,Cleveland Browns,JAX,CLE,betmgm,totals,Under,-108.0,40.5
e55c6fe19fce094ce214c8b0e5b504e9,2026-09-04T18:10:08Z,2026-09-13T17:00:00Z,Jacksonville Jaguars,Cleveland Browns,JAX,CLE,bovada,h2h,Cleveland Browns,305.0,
e55c6fe19fce094ce214c8b0e5b504e9,2026-09-04T18:10:08Z,2026-09-13T17:00:00Z,Jacksonville Jaguars,Cleveland Browns,JAX,CLE,bovada,h2h,Jacksonville Jaguars,-410.0,
e55c6fe19fce094ce214c8b0e5b504e9,2026-09-04T18:10:08Z,2026-09-13T17:00:00Z,Jacksonville Jaguars,Cleveland Browns,JAX,CLE,bovada,spreads,Cleveland Browns,-120.0,8.5
e55c6fe19fce094ce214c8b0e5b504e9,2026-09-04T18:10:08Z,2026-09-13T17:00:00Z,Jacksonville Jaguars,Cleveland Browns,JAX,CLE,bovada,spreads,Jacksonville Jaguars,100.0,-8.5
e55c6fe19fce094ce214c8b0e5b504e9,2026-09-04T18:10:08Z,2026-09-13T17:00:00Z,Jacksonville Jaguars,Cleveland Browns,JAX,CLE,bovada,totals,Over,-110.0,40.5
e55c6fe19fce094ce214c8b0e5b504e9,2026-09-04T18:10:08Z,2026-09-13T17:00:00Z,Jacksonville Jaguars,Cleveland Browns,JAX,CLE,bovada,totals,Under,-110.0,40.5
e55c6fe19fce094ce214c8b0e5b504e9,2026-09-04T18:10:08Z,2026-09-13T17:00:00Z,Jacksonville Jaguars,Cleveland Browns,JAX,CLE,mybookieag,h2h,Cleveland Browns,320.0,
e55c6fe19fce094ce214c8b0e5b504e9,2026-09-04T18:10:08Z,2026-09-13T17:00:00Z,Jacksonville Jaguars,Cleveland Browns,JAX,CLE,mybookieag,h2h,Jacksonville Jaguars,-461.0,
e55c6fe19fce094ce214c8b0e5b504e9,2026-09-04T18:10:08Z,2026-09-13T17:00:00Z,Jacksonville Jaguars,Cleveland Browns,JAX,CLE,mybookieag,spreads,Cleveland Browns,-110.0,8.0
e55c6fe19fce094ce214c8b0e5b504e9,2026-09-04T18:10:08Z,2026-09-13T17:00:00Z,Jacksonville Jaguars,Cleveland Browns,JAX,CLE,mybookieag,spreads,Jacksonville Jaguars,-110.0,-8.0
e55c6fe19fce094ce214c8b0e5b504e9,2026-09-04T18:10:08Z,2026-09-13T17:00:00Z,Jacksonville Jaguars,Cleveland Browns,JAX,CLE,mybookieag,totals,Over,-110.0,40.5
e55c6fe19fce094ce214c8b0e5b504e9,2026-09-04T18:10:08Z,2026-09-13T17:00:00Z,Jacksonville Jaguars,Cleveland Browns,JAX,CLE,mybookieag,totals,Under,-110.0,40.5
c1d3fcec25aaeb06ebd2244d33d338e0,2026-09-04T18:10:08Z,2026-09-13T17:00:00Z,Detroit Lions,New Orleans Saints,DET,NO,draftkings,h2h,Detroit Lions,-310.0,
c1d3fcec25aaeb06ebd2244d33d338e0,2026-09-04T18:10:08Z,2026-09-13T17:00:00Z,Detroit Lions,New Orleans Saints,DET,NO,draftkings,h2h,New Orleans Saints,250.0,
c1d3fcec25aaeb06ebd2244d33d338e0,2026-09-04T18:10:08Z,2026-09-13T17:00:00Z,Detroit Lions,New Orleans Saints,DET,NO,draftkings,spreads,Detroit Lions,-110.0,-7.0
c1d3fcec25aaeb06ebd2244d33d338e0,2026-09-04T18:10:08Z,2026-09-13T17:00:00Z,Detroit Lions,New Orleans Saints,DET,NO,draftkings,spreads,New Orleans Saints,-110.0,7.0
c1d3fcec25aaeb06ebd2244d33d338e0,2026-09-04T18:10:08Z,2026-09-13T17:00:00Z,Detroit Lions,New Orleans Saints,DET,NO,draftkings,totals,Over,-115.0,49.5
c1d3fcec25aaeb06ebd2244d33d338e0,2026-09-04T18:10:08Z,2026-09-13T17:00:00Z,Detroit Lions,New Orleans Saints,DET,NO,draftkings,totals,Under,-105.0,49.5
c1d3fcec25aaeb06ebd2244d33d338e0,2026-09-04T18:10:08Z,2026-09-13T17:00:00Z,Detroit Lions,New Orleans Saints,DET,NO,fanduel,h2h,Detroit Lions,-335.0,
c1d3fcec25aaeb06ebd2244d33d338e0,2026-09-04T18:10:08Z,2026-09-13T17:00:00Z,Detroit Lions,New Orleans Saints,DET,NO,fanduel,h2h,New Orleans Saints,270.0,
c1d3fcec25aaeb06ebd2244d33d338e0,2026-09-04T18:10:08Z,2026-09-13T17:00:00Z,Detroit Lions,New Orleans Saints,DET,NO,fanduel,spreads,Detroit Lions,-122.0,-6.5
c1d3fcec25aaeb06ebd2244d33d338e0,2026-09-04T18:10:08Z,2026-09-13T17:00:00Z,Detroit Lions,New Orleans Saints,DET,NO,fanduel,spreads,New Orleans Saints,100.0,6.5
c1d3fcec25aaeb06ebd2244d33d338e0,2026-09-04T18:10:08Z,2026-09-13T17:00:00Z,Detroit Lions,New Orleans Saints,DET,NO,fanduel,totals,Over,-115.0,49.5
c1d3fcec25aaeb06ebd2244d33d338e0,2026-09-04T18:10:08Z,2026-09-13T17:00:00Z,Detroit Lions,New Orleans Saints,DET,NO,fanduel,totals,Under,-105.0,49.5
c1d3fcec25aaeb06ebd2244d33d338e0,2026-09-04T18:10:08Z,2026-09-13T17:00:00Z,Detroit Lions,New Orleans Saints,DET,NO,lowvig,h2h,Detroit Lions,-305.0,
c1d3fcec25aaeb06ebd2244d33d338e0,2026-09-04T18:10:08Z,2026-09-13T17:00:00Z,Detroit Lions,New Orleans Saints,DET,NO,lowvig,h2h,New Orleans Saints,249.0,
c1d3fcec25aaeb06ebd2244d33d338e0,2026-09-04T18:10:08Z,2026-09-13T17:00:00Z,Detroit Lions,New Orleans Saints,DET,NO,lowvig,spreads,Detroit Lions,101.0,-7.0
c1d3fcec25aaeb06ebd2244d33d338e0,2026-09-04T18:10:08Z,2026-09-13T17:00:00Z,Detroit Lions,New Orleans Saints,DET,NO,lowvig,spreads,New Orleans Saints,-112.0,7.0
c1d3fcec25aaeb06ebd2244d33d338e0,2026-09-04T18:10:08Z,2026-09-13T17:00:00Z,Detroit Lions,New Orleans Saints,DET,NO,lowvig,totals,Over,-107.0,50.0
c1d3fcec25aaeb06ebd2244d33d338e0,2026-09-04T18:10:08Z,2026-09-13T17:00:00Z,Detroit Lions,New Orleans Saints,DET,NO,lowvig,totals,Under,-107.0,50.0
c1d3fcec25aaeb06ebd2244d33d338e0,2026-09-04T18:10:08Z,2026-09-13T17:00:00Z,Detroit Lions,New Orleans Saints,DET,NO,betonlineag,h2h,Detroit Lions,-305.0,
c1d3fcec25aaeb06ebd2244d33d338e0,2026-09-04T18:10:08Z,2026-09-13T17:00:00Z,Detroit Lions,New Orleans Saints,DET,NO,betonlineag,h2h,New Orleans Saints,249.0,
c1d3fcec25aaeb06ebd2244d33d338e0,2026-09-04T18:10:08Z,2026-09-13T17:00:00Z,Detroit Lions,New Orleans Saints,DET,NO,betonlineag,spreads,Detroit Lions,-104.0,-7.0
c1d3fcec25aaeb06ebd2244d33d338e0,2026-09-04T18:10:08Z,2026-09-13T17:00:00Z,Detroit Lions,New Orleans Saints,DET,NO,betonlineag,spreads,New Orleans Saints,-116.0,7.0
c1d3fcec25aaeb06ebd2244d33d338e0,2026-09-04T18:10:08Z,2026-09-13T17:00:00Z,Detroit Lions,New Orleans Saints,DET,NO,betonlineag,totals,Over,-110.0,50.0
c1d3fcec25aaeb06ebd2244d33d338e0,2026-09-04T18:10:08Z,2026-09-13T17:00:00Z,Detroit Lions,New Orleans Saints,DET,NO,betonlineag,totals,Under,-110.0,50.0
c1d3fcec25aaeb06ebd2244d33d338e0,2026-09-04T18:10:08Z,2026-09-13T17:00:00Z,Detroit Lions,New Orleans Saints,DET,NO,betus,h2h,Detroit Lions,-305.0,
c1d3fcec25aaeb06ebd2244d33d338e0,2026-09-04T18:10:08Z,2026-09-13T17:00:00Z,Detroit Lions,New Orleans Saints,DET,NO,betus,h2h,New Orleans Saints,253.0,
c1d3fcec25aaeb06ebd2244d33d338e0,2026-09-04T18:10:08Z,2026-09-13T17:00:00Z,Detroit Lions,New Orleans Saints,DET,NO,betus,spreads,Detroit Lions,-105.0,-7.0
c1d3fcec25aaeb06ebd2244d33d338e0,2026-09-04T18:10:08Z,2026-09-13T17:00:00Z,Detroit Lions,New Orleans Saints,DET,NO,betus,spreads,New Orleans Saints,-115.0,7.0
c1d3fcec25aaeb06ebd2244d33d338e0,2026-09-04T18:10:08Z,2026-09-13T17:00:00Z,Detroit Lions,New Orleans Saints,DET,NO,betus,totals,Over,-110.0,50.0
c1d3fcec25aaeb06ebd2244d33d338e0,2026-09-04T18:10:08Z,2026-09-13T17:00:00Z,Detroit Lions,New Orleans Saints,DET,NO,betus,totals,Under,-110.0,50.0
c1d3fcec25aaeb06ebd2244d33d338e0,2026-09-04T18:10:08Z,2026-09-13T17:00:00Z,Detroit Lions,New Orleans Saints,DET,NO,betrivers,h2h,Detroit Lions,-345.0,
c1d3fcec25aaeb06ebd2244d33d338e0,2026-09-04T18:10:08Z,2026-09-13T17:00:00Z,Detroit Lions,New Orleans Saints,DET,NO,betrivers,h2h,New Orleans Saints,265.0,
c1d3fcec25aaeb06ebd2244d33d338e0,2026-09-04T18:10:08Z,2026-09-13T17:00:00Z,Detroit Lions,New Orleans Saints,DET,NO,betrivers,spreads,Detroit Lions,-112.0,-7.0
c1d3fcec25aaeb06ebd2244d33d338e0,2026-09-04T18:10:08Z,2026-09-13T17:00:00Z,Detroit Lions,New Orleans Saints,DET,NO,betrivers,spreads,New Orleans Saints,-109.0,7.0
c1d3fcec25aaeb06ebd2244d33d338e0,2026-09-04T18:10:08Z,2026-09-13T17:00:00Z,Detroit Lions,New Orleans Saints,DET,NO,betrivers,totals,Over,-107.0,50.5
c1d3fcec25aaeb06ebd2244d33d338e0,2026-09-04T18:10:08Z,2026-09-13T17:00:00Z,Detroit Lions,New Orleans Saints,DET,NO,betrivers,totals,Under,-114.0,50.5
c1d3fcec25aaeb06ebd2244d33d338e0,2026-09-04T18:10:08Z,2026-09-13T17:00:00Z,Detroit Lions,New Orleans Saints,DET,NO,betmgm,h2h,Detroit Lions,-300.0,
c1d3fcec25aaeb06ebd2244d33d338e0,2026-09-04T18:10:08Z,2026-09-13T17:00:00Z,Detroit Lions,New Orleans Saints,DET,NO,betmgm,h2h,New Orleans Saints,250.0,
c1d3fcec25aaeb06ebd2244d33d338e0,2026-09-04T18:10:08Z,2026-09-13T17:00:00Z,Detroit Lions,New Orleans Saints,DET,NO,betmgm,spreads,Detroit Lions,-108.0,-7.0
c1d3fcec25aaeb06ebd2244d33d338e0,2026-09-04T18:10:08Z,2026-09-13T17:00:00Z,Detroit Lions,New Orleans Saints,DET,NO,betmgm,spreads,New Orleans Saints,-110.0,7.0
c1d3fcec25aaeb06ebd2244d33d338e0,2026-09-04T18:10:08Z,2026-09-13T17:00:00Z,Detroit Lions,New Orleans Saints,DET,NO,betmgm,totals,Over,-108.0,50.0
c1d3fcec25aaeb06ebd2244d33d338e0,2026-09-04T18:10:08Z,2026-09-13T17:00:00Z,Detroit Lions,New Orleans Saints,DET,NO,betmgm,totals,Under,-110.0,50.0
c1d3fcec25aaeb06ebd2244d33d338e0,2026-09-04T18:10:08Z,2026-09-13T17:00:00Z,Detroit Lions,New Orleans Saints,DET,NO,bovada,h2h,Detroit Lions,-330.0,
c1d3fcec25aaeb06ebd2244d33d338e0,2026-09-04T18:10:08Z,2026-09-13T17:00:00Z,Detroit Lions,New Orleans Saints,DET,NO,bovada,h2h,New Orleans Saints,265.0,
c1d3fcec25aaeb06ebd2244d33d338e0,2026-09-04T18:10:08Z,2026-09-13T17:00:00Z,Detroit Lions,New Orleans Saints,DET,NO,bovada,spreads,Detroit Lions,-105.0,-7.0
c1d3fcec25aaeb06ebd2244d33d338e0,2026-09-04T18:10:08Z,2026-09-13T17:00:00Z,Detroit Lions,New Orleans Saints,DET,NO,bovada,spreads,New Orleans Saints,-115.0,7.0
c1d3fcec25aaeb06ebd2244d33d338e0,2026-09-04T18:10:08Z,2026-09-13T17:00:00Z,Detroit Lions,New Orleans Saints,DET,NO,bovada,totals,Over,-105.0,50.0
c1d3fcec25aaeb06ebd2244d33d338e0,2026-09-04T18:10:08Z,2026-09-13T17:00:00Z,Detroit Lions,New Orleans Saints,DET,NO,bovada,totals,Under,-115.0,50.0
c1d3fcec25aaeb06ebd2244d33d338e0,2026-09-04T18:10:08Z,2026-09-13T17:00:00Z,Detroit Lions,New Orleans Saints,DET,NO,mybookieag,h2h,Detroit Lions,-330.0,
c1d3fcec25aaeb06ebd2244d33d338e0,2026-09-04T18:10:08Z,2026-09-13T17:00:00Z,Detroit Lions,New Orleans Saints,DET,NO,mybookieag,h2h,New Orleans Saints,240.0,
c1d3fcec25aaeb06ebd2244d33d338e0,2026-09-04T18:10:08Z,2026-09-13T17:00:00Z,Detroit Lions,New Orleans Saints,DET,NO,mybookieag,spreads,Detroit Lions,-110.0,-7.0
c1d3fcec25aaeb06ebd2244d33d338e0,2026-09-04T18:10:08Z,2026-09-13T17:00:00Z,Detroit Lions,New Orleans Saints,DET,NO,mybookieag,spreads,New Orleans Saints,-110.0,7.0
c1d3fcec25aaeb06ebd2244d33d338e0,2026-09-04T18:10:08Z,2026-09-13T17:00:00Z,Detroit Lions,New Orleans Saints,DET,NO,mybookieag,totals,Over,-110.0,50.0
c1d3fcec25aaeb06ebd2244d33d338e0,2026-09-04T18:10:08Z,2026-09-13T17:00:00Z,Detroit Lions,New Orleans Saints,DET,NO,mybookieag,totals,Under,-110.0,50.0
7dddb296a42e7a41a774b24bd1709ce1,2026-09-04T18:10:08Z,2026-09-13T17:00:00Z,Tennessee Titans,New York Jets,TEN,NYJ,draftkings,h2h,New York Jets,110.0,
7dddb296a42e7a41a774b24bd1709ce1,2026-09-04T18:10:08Z,2026-09-13T17:00:00Z,Tennessee Titans,New York Jets,TEN,NYJ,draftkings,h2h,Tennessee Titans,-130.0,
7dddb296a42e7a41a774b24bd1709ce1,2026-09-04T18:10:08Z,2026-09-13T17:00:00Z,Tennessee Titans,New York Jets,TEN,NYJ,draftkings,spreads,New York Jets,-105.0,1.5
7dddb296a42e7a41a774b24bd1709ce1,2026-09-04T18:10:08Z,2026-09-13T17:00:00Z,Tennessee Titans,New York Jets,TEN,NYJ,draftkings,spreads,Tennessee Titans,-115.0,-1.5
7dddb296a42e7a41a774b24bd1709ce1,2026-09-04T18:10:08Z,2026-09-13T17:00:00Z,Tennessee Titans,New York Jets,TEN,NYJ,draftkings,totals,Over,-115.0,38.5
7dddb296a42e7a41a774b24bd1709ce1,2026-09-04T18:10:08Z,2026-09-13T17:00:00Z,Tennessee Titans,New York Jets,TEN,NYJ,draftkings,totals,Under,-105.0,38.5
7dddb296a42e7a41a774b24bd1709ce1,2026-09-04T18:10:08Z,2026-09-13T17:00:00Z,Tennessee Titans,New York Jets,TEN,NYJ,fanduel,h2h,New York Jets,110.0,
7dddb296a42e7a41a774b24bd1709ce1,2026-09-04T18:10:08Z,2026-09-13T17:00:00Z,Tennessee Titans,New York Jets,TEN,NYJ,fanduel,h2h,Tennessee Titans,-130.0,
7dddb296a42e7a41a774b24bd1709ce1,2026-09-04T18:10:08Z,2026-09-13T17:00:00Z,Tennessee Titans,New York Jets,TEN,NYJ,fanduel,spreads,New York Jets,-120.0,2.5
7dddb296a42e7a41a774b24bd1709ce1,2026-09-04T18:10:08Z,2026-09-13T17:00:00Z,Tennessee Titans,New York Jets,TEN,NYJ,fanduel,spreads,Tennessee Titans,-102.0,-2.5
7dddb296a42e7a41a774b24bd1709ce1,2026-09-04T18:10:08Z,2026-09-13T17:00:00Z,Tennessee Titans,New York Jets,TEN,NYJ,fanduel,totals,Over,-110.0,39.5
7dddb296a42e7a41a774b24bd1709ce1,2026-09-04T18:10:08Z,2026-09-13T17:00:00Z,Tennessee Titans,New York Jets,TEN,NYJ,fanduel,totals,Under,-110.0,39.5
7dddb296a42e7a41a774b24bd1709ce1,2026-09-04T18:10:08Z,2026-09-13T17:00:00Z,Tennessee Titans,New York Jets,TEN,NYJ,lowvig,h2h,New York Jets,110.0,
7dddb296a42e7a41a774b24bd1709ce1,2026-09-04T18:10:08Z,2026-09-13T17:00:00Z,Tennessee Titans,New York Jets,TEN,NYJ,lowvig,h2h,Tennessee Titans,-130.0,
7dddb296a42e7a41a774b24bd1709ce1,2026-09-04T18:10:08Z,2026-09-13T17:00:00Z,Tennessee Titans,New York Jets,TEN,NYJ,lowvig,spreads,New York Jets,-105.0,1.5
7dddb296a42e7a41a774b24bd1709ce1,2026-09-04T18:10:08Z,2026-09-13T17:00:00Z,Tennessee Titans,New York Jets,TEN,NYJ,lowvig,spreads,Tennessee Titans,-105.0,-1.5
7dddb296a42e7a41a774b24bd1709ce1,2026-09-04T18:10:08Z,2026-09-13T17:00:00Z,Tennessee Titans,New York Jets,TEN,NYJ,lowvig,totals,Over,-102.0,39.5
7dddb296a42e7a41a774b24bd1709ce1,2026-09-04T18:10:08Z,2026-09-13T17:00:00Z,Tennessee Titans,New York Jets,TEN,NYJ,lowvig,totals,Under,-113.0,39.5
7dddb296a42e7a41a774b24bd1709ce1,2026-09-04T18:10:08Z,2026-09-13T17:00:00Z,Tennessee Titans,New York Jets,TEN,NYJ,betus,h2h,New York Jets,105.0,
7dddb296a42e7a41a774b24bd1709ce1,2026-09-04T18:10:08Z,2026-09-13T17:00:00Z,Tennessee Titans,New York Jets,TEN,NYJ,betus,h2h,Tennessee Titans,-125.0,
7dddb296a42e7a41a774b24bd1709ce1,2026-09-04T18:10:08Z,2026-09-13T17:00:00Z,Tennessee Titans,New York Jets,TEN,NYJ,betus,spreads,New York Jets,-105.0,1.0
7dddb296a42e7a41a774b24bd1709ce1,2026-09-04T18:10:08Z,2026-09-13T17:00:00Z,Tennessee Titans,New York Jets,TEN,NYJ,betus,spreads,Tennessee Titans,-115.0,-1.0
7dddb296a42e7a41a774b24bd1709ce1,2026-09-04T18:10:08Z,2026-09-13T17:00:00Z,Tennessee Titans,New York Jets,TEN,NYJ,betus,totals,Over,-105.0,39.5
7dddb296a42e7a41a774b24bd1709ce1,2026-09-04T18:10:08Z,2026-09-13T17:00:00Z,Tennessee Titans,New York Jets,TEN,NYJ,betus,totals,Under,-115.0,39.5
7dddb296a42e7a41a774b24bd1709ce1,2026-09-04T18:10:08Z,2026-09-13T17:00:00Z,Tennessee Titans,New York Jets,TEN,NYJ,betonlineag,h2h,New York Jets,110.0,
7dddb296a42e7a41a774b24bd1709ce1,2026-09-04T18:10:08Z,2026-09-13T17:00:00Z,Tennessee Titans,New York Jets,TEN,NYJ,betonlineag,h2h,Tennessee Titans,-130.0,
7dddb296a42e7a41a774b24bd1709ce1,2026-09-04T18:10:08Z,2026-09-13T17:00:00Z,Tennessee Titans,New York Jets,TEN,NYJ,betonlineag,spreads,New York Jets,-110.0,1.5
7dddb296a42e7a41a774b24bd1709ce1,2026-09-04T18:10:08Z,2026-09-13T17:00:00Z,Tennessee Titans,New York Jets,TEN,NYJ,betonlineag,spreads,Tennessee Titans,-110.0,-1.5
7dddb296a42e7a41a774b24bd1709ce1,2026-09-04T18:10:08Z,2026-09-13T17:00:00Z,Tennessee Titans,New York Jets,TEN,NYJ,betonlineag,totals,Over,-105.0,39.5
7dddb296a42e7a41a774b24bd1709ce1,2026-09-04T18:10:08Z,2026-09-13T17:00:00Z,Tennessee Titans,New York Jets,TEN,NYJ,betonlineag,totals,Under,-115.0,39.5
7dddb296a42e7a41a774b24bd1709ce1,2026-09-04T18:10:08Z,2026-09-13T17:00:00Z,Tennessee Titans,New York Jets,TEN,NYJ,betrivers,h2h,New York Jets,110.0,
7dddb296a42e7a41a774b24bd1709ce1,2026-09-04T18:10:08Z,2026-09-13T17:00:00Z,Tennessee Titans,New York Jets,TEN,NYJ,betrivers,h2h,Tennessee Titans,-136.0,
7dddb296a42e7a41a774b24bd1709ce1,2026-09-04T18:10:08Z,2026-09-13T17:00:00Z,Tennessee Titans,New York Jets,TEN,NYJ,betrivers,spreads,New York Jets,-112.0,2.0
7dddb296a42e7a41a774b24bd1709ce1,2026-09-04T18:10:08Z,2026-09-13T17:00:00Z,Tennessee Titans,New York Jets,TEN,NYJ,betrivers,spreads,Tennessee Titans,-109.0,-2.0
7dddb296a42e7a41a774b24bd1709ce1,2026-09-04T18:10:08Z,2026-09-13T17:00:00Z,Tennessee Titans,New York Jets,TEN,NYJ,betrivers,totals,Over,-110.0,39.0
7dddb296a42e7a41a774b24bd1709ce1,2026-09-04T18:10:08Z,2026-09-13T17:00:00Z,Tennessee Titans,New York Jets,TEN,NYJ,betrivers,totals,Under,-110.0,39.0
7dddb296a42e7a41a774b24bd1709ce1,2026-09-04T18:10:08Z,2026-09-13T17:00:00Z,Tennessee Titans,New York Jets,TEN,NYJ,betmgm,h2h,New York Jets,110.0,
7dddb296a42e7a41a774b24bd1709ce1,2026-09-04T18:10:08Z,2026-09-13T17:00:00Z,Tennessee Titans,New York Jets,TEN,NYJ,betmgm,h2h,Tennessee Titans,-130.0,
7dddb296a42e7a41a774b24bd1709ce1,2026-09-04T18:10:08Z,2026-09-13T17:00:00Z,Tennessee Titans,New York Jets,TEN,NYJ,betmgm,spreads,New York Jets,-110.0,1.5
7dddb296a42e7a41a774b24bd1709ce1,2026-09-04T18:10:08Z,2026-09-13T17:00:00Z,Tennessee Titans,New York Jets,TEN,NYJ,betmgm,spreads,Tennessee Titans,-108.0,-1.5
7dddb296a42e7a41a774b24bd1709ce1,2026-09-04T18:10:08Z,2026-09-13T17:00:00Z,Tennessee Titans,New York Jets,TEN,NYJ,betmgm,totals,Over,-108.0,39.5
7dddb296a42e7a41a774b24bd1709ce1,2026-09-04T18:10:08Z,2026-09-13T17:00:00Z,Tennessee Titans,New York Jets,TEN,NYJ,betmgm,totals,Under,-110.0,39.5
7dddb296a42e7a41a774b24bd1709ce1,2026-09-04T18:10:08Z,2026-09-13T17:00:00Z,Tennessee Titans,New York Jets,TEN,NYJ,bovada,h2h,New York Jets,110.0,
7dddb296a42e7a41a774b24bd1709ce1,2026-09-04T18:10:08Z,2026-09-13T17:00:00Z,Tennessee Titans,New York Jets,TEN,NYJ,bovada,h2h,Tennessee Titans,-130.0,
7dddb296a42e7a41a774b24bd1709ce1,2026-09-04T18:10:08Z,2026-09-13T17:00:00Z,Tennessee Titans,New York Jets,TEN,NYJ,bovada,spreads,New York Jets,-110.0,1.5
7dddb296a42e7a41a774b24bd1709ce1,2026-09-04T18:10:08Z,2026-09-13T17:00:00Z,Tennessee Titans,New York Jets,TEN,NYJ,bovada,spreads,Tennessee Titans,-110.0,-1.5
7dddb296a42e7a41a774b24bd1709ce1,2026-09-04T18:10:08Z,2026-09-13T17:00:00Z,Tennessee Titans,New York Jets,TEN,NYJ,bovada,totals,Over,-115.0,39.0
7dddb296a42e7a41a774b24bd1709ce1,2026-09-04T18:10:08Z,2026-09-13T17:00:00Z,Tennessee Titans,New York Jets,TEN,NYJ,bovada,totals,Under,-105.0,39.0
7dddb296a42e7a41a774b24bd1709ce1,2026-09-04T18:10:08Z,2026-09-13T17:00:00Z,Tennessee Titans,New York Jets,TEN,NYJ,mybookieag,h2h,New York Jets,105.0,
7dddb296a42e7a41a774b24bd1709ce1,2026-09-04T18:10:08Z,2026-09-13T17:00:00Z,Tennessee Titans,New York Jets,TEN,NYJ,mybookieag,h2h,Tennessee Titans,-134.0,
7dddb296a42e7a41a774b24bd1709ce1,2026-09-04T18:10:08Z,2026-09-13T17:00:00Z,Tennessee Titans,New York Jets,TEN,NYJ,mybookieag,spreads,New York Jets,-110.0,1.5
7dddb296a42e7a41a774b24bd1709ce1,2026-09-04T18:10:08Z,2026-09-13T17:00:00Z,Tennessee Titans,New York Jets,TEN,NYJ,mybookieag,spreads,Tennessee Titans,-110.0,-1.5
7dddb296a42e7a41a774b24bd1709ce1,2026-09-04T18:10:08Z,2026-09-13T17:00:00Z,Tennessee Titans,New York Jets,TEN,NYJ,mybookieag,totals,Over,-110.0,39.5
7dddb296a42e7a41a774b24bd1709ce1,2026-09-04T18:10:08Z,2026-09-13T17:00:00Z,Tennessee Titans,New York Jets,TEN,NYJ,mybookieag,totals,Under,-110.0,39.5
95c01d1bb797d6df14824b106c5a9130,2026-09-04T18:10:35Z,2026-09-13T17:00:00Z,Pittsburgh Steelers,Atlanta Falcons,PIT,ATL,draftkings,h2h,Atlanta Falcons,154.0,
95c01d1bb797d6df14824b106c5a9130,2026-09-04T18:10:35Z,2026-09-13T17:00:00Z,Pittsburgh Steelers,Atlanta Falcons,PIT,ATL,draftkings,h2h,Pittsburgh Steelers,-185.0,
95c01d1bb797d6df14824b106c5a9130,2026-09-04T18:10:35Z,2026-09-13T17:00:00Z,Pittsburgh Steelers,Atlanta Falcons,PIT,ATL,draftkings,spreads,Atlanta Falcons,-118.0,3.5
95c01d1bb797d6df14824b106c5a9130,2026-09-04T18:10:35Z,2026-09-13T17:00:00Z,Pittsburgh Steelers,Atlanta Falcons,PIT,ATL,draftkings,spreads,Pittsburgh Steelers,-102.0,-3.5
95c01d1bb797d6df14824b106c5a9130,2026-09-04T18:10:35Z,2026-09-13T17:00:00Z,Pittsburgh Steelers,Atlanta Falcons,PIT,ATL,draftkings,totals,Over,-115.0,41.5
95c01d1bb797d6df14824b106c5a9130,2026-09-04T18:10:35Z,2026-09-13T17:00:00Z,Pittsburgh Steelers,Atlanta Falcons,PIT,ATL,draftkings,totals,Under,-105.0,41.5
95c01d1bb797d6df14824b106c5a9130,2026-09-04T18:10:35Z,2026-09-13T17:00:00Z,Pittsburgh Steelers,Atlanta Falcons,PIT,ATL,betrivers,h2h,Atlanta Falcons,140.0,
95c01d1bb797d6df14824b106c5a9130,2026-09-04T18:10:35Z,2026-09-13T17:00:00Z,Pittsburgh Steelers,Atlanta Falcons,PIT,ATL,betrivers,h2h,Pittsburgh Steelers,-177.0,
95c01d1bb797d6df14824b106c5a9130,2026-09-04T18:10:35Z,2026-09-13T17:00:00Z,Pittsburgh Steelers,Atlanta Falcons,PIT,ATL,betrivers,spreads,Atlanta Falcons,-106.0,3.0
95c01d1bb797d6df14824b106c5a9130,2026-09-04T18:10:35Z,2026-09-13T17:00:00Z,Pittsburgh Steelers,Atlanta Falcons,PIT,ATL,betrivers,spreads,Pittsburgh Steelers,-115.0,-3.0
95c01d1bb797d6df14824b106c5a9130,2026-09-04T18:10:35Z,2026-09-13T17:00:00Z,Pittsburgh Steelers,Atlanta Falcons,PIT,ATL,betrivers,totals,Over,-113.0,42.0
95c01d1bb797d6df14824b106c5a9130,2026-09-04T18:10:35Z,2026-09-13T17:00:00Z,Pittsburgh Steelers,Atlanta Falcons,PIT,ATL,betrivers,totals,Under,-108.0,42.0
95c01d1bb797d6df14824b106c5a9130,2026-09-04T18:10:35Z,2026-09-13T17:00:00Z,Pittsburgh Steelers,Atlanta Falcons,PIT,ATL,betonlineag,h2h,Atlanta Falcons,157.0,
95c01d1bb797d6df14824b106c5a9130,2026-09-04T18:10:35Z,2026-09-13T17:00:00Z,Pittsburgh Steelers,Atlanta Falcons,PIT,ATL,betonlineag,h2h,Pittsburgh Steelers,-180.0,
95c01d1bb797d6df14824b106c5a9130,2026-09-04T18:10:35Z,2026-09-13T17:00:00Z,Pittsburgh Steelers,Atlanta Falcons,PIT,ATL,betonlineag,spreads,Atlanta Falcons,105.0,3.0
95c01d1bb797d6df14824b106c5a9130,2026-09-04T18:10:35Z,2026-09-13T17:00:00Z,Pittsburgh Steelers,Atlanta Falcons,PIT,ATL,betonlineag,spreads,Pittsburgh Steelers,-125.0,-3.0
95c01d1bb797d6df14824b106c5a9130,2026-09-04T18:10:35Z,2026-09-13T17:00:00Z,Pittsburgh Steelers,Atlanta Falcons,PIT,ATL,betonlineag,totals,Over,-110.0,41.5
95c01d1bb797d6df14824b106c5a9130,2026-09-04T18:10:35Z,2026-09-13T17:00:00Z,Pittsburgh Steelers,Atlanta Falcons,PIT,ATL,betonlineag,totals,Under,-110.0,41.5
95c01d1bb797d6df14824b106c5a9130,2026-09-04T18:10:35Z,2026-09-13T17:00:00Z,Pittsburgh Steelers,Atlanta Falcons,PIT,ATL,fanduel,h2h,Atlanta Falcons,146.0,
95c01d1bb797d6df14824b106c5a9130,2026-09-04T18:10:35Z,2026-09-13T17:00:00Z,Pittsburgh Steelers,Atlanta Falcons,PIT,ATL,fanduel,h2h,Pittsburgh Steelers,-174.0,
95c01d1bb797d6df14824b106c5a9130,2026-09-04T18:10:35Z,2026-09-13T17:00:00Z,Pittsburgh Steelers,Atlanta Falcons,PIT,ATL,fanduel,spreads,Atlanta Falcons,-102.0,3.0
95c01d1bb797d6df14824b106c5a9130,2026-09-04T18:10:35Z,2026-09-13T17:00:00Z,Pittsburgh Steelers,Atlanta Falcons,PIT,ATL,fanduel,spreads,Pittsburgh Steelers,-120.0,-3.0
95c01d1bb797d6df14824b106c5a9130,2026-09-04T18:10:35Z,2026-09-13T17:00:00Z,Pittsburgh Steelers,Atlanta Falcons,PIT,ATL,fanduel,totals,Over,-115.0,41.5
95c01d1bb797d6df14824b106c5a9130,2026-09-04T18:10:35Z,2026-09-13T17:00:00Z,Pittsburgh Steelers,Atlanta Falcons,PIT,ATL,fanduel,totals,Under,-105.0,41.5
95c01d1bb797d6df14824b106c5a9130,2026-09-04T18:10:35Z,2026-09-13T17:00:00Z,Pittsburgh Steelers,Atlanta Falcons,PIT,ATL,lowvig,h2h,Atlanta Falcons,157.0,
95c01d1bb797d6df14824b106c5a9130,2026-09-04T18:10:35Z,2026-09-13T17:00:00Z,Pittsburgh Steelers,Atlanta Falcons,PIT,ATL,lowvig,h2h,Pittsburgh Steelers,-180.0,
95c01d1bb797d6df14824b106c5a9130,2026-09-04T18:10:35Z,2026-09-13T17:00:00Z,Pittsburgh Steelers,Atlanta Falcons,PIT,ATL,lowvig,spreads,Atlanta Falcons,110.0,3.0
95c01d1bb797d6df14824b106c5a9130,2026-09-04T18:10:35Z,2026-09-13T17:00:00Z,Pittsburgh Steelers,Atlanta Falcons,PIT,ATL,lowvig,spreads,Pittsburgh Steelers,-121.0,-3.0
95c01d1bb797d6df14824b106c5a9130,2026-09-04T18:10:35Z,2026-09-13T17:00:00Z,Pittsburgh Steelers,Atlanta Falcons,PIT,ATL,lowvig,totals,Over,-107.0,41.5
95c01d1bb797d6df14824b106c5a9130,2026-09-04T18:10:35Z,2026-09-13T17:00:00Z,Pittsburgh Steelers,Atlanta Falcons,PIT,ATL,lowvig,totals,Under,-107.0,41.5
95c01d1bb797d6df14824b106c5a9130,2026-09-04T18:10:35Z,2026-09-13T17:00:00Z,Pittsburgh Steelers,Atlanta Falcons,PIT,ATL,betus,h2h,Atlanta Falcons,155.0,
95c01d1bb797d6df14824b106c5a9130,2026-09-04T18:10:35Z,2026-09-13T17:00:00Z,Pittsburgh Steelers,Atlanta Falcons,PIT,ATL,betus,h2h,Pittsburgh Steelers,-180.0,
95c01d1bb797d6df14824b106c5a9130,2026-09-04T18:10:35Z,2026-09-13T17:00:00Z,Pittsburgh Steelers,Atlanta Falcons,PIT,ATL,betus,spreads,Atlanta Falcons,105.0,3.0
95c01d1bb797d6df14824b106c5a9130,2026-09-04T18:10:35Z,2026-09-13T17:00:00Z,Pittsburgh Steelers,Atlanta Falcons,PIT,ATL,betus,spreads,Pittsburgh Steelers,-125.0,-3.0
95c01d1bb797d6df14824b106c5a9130,2026-09-04T18:10:35Z,2026-09-13T17:00:00Z,Pittsburgh Steelers,Atlanta Falcons,PIT,ATL,betus,totals,Over,-110.0,42.0
95c01d1bb797d6df14824b106c5a9130,2026-09-04T18:10:35Z,2026-09-13T17:00:00Z,Pittsburgh Steelers,Atlanta Falcons,PIT,ATL,betus,totals,Under,-110.0,42.0
95c01d1bb797d6df14824b106c5a9130,2026-09-04T18:10:35Z,2026-09-13T17:00:00Z,Pittsburgh Steelers,Atlanta Falcons,PIT,ATL,betmgm,h2h,Atlanta Falcons,145.0,
95c01d1bb797d6df14824b106c5a9130,2026-09-04T18:10:35Z,2026-09-13T17:00:00Z,Pittsburgh Steelers,Atlanta Falcons,PIT,ATL,betmgm,h2h,Pittsburgh Steelers,-175.0,
95c01d1bb797d6df14824b106c5a9130,2026-09-04T18:10:35Z,2026-09-13T17:00:00Z,Pittsburgh Steelers,Atlanta Falcons,PIT,ATL,betmgm,spreads,Atlanta Falcons,-105.0,3.0
95c01d1bb797d6df14824b106c5a9130,2026-09-04T18:10:35Z,2026-09-13T17:00:00Z,Pittsburgh Steelers,Atlanta Falcons,PIT,ATL,betmgm,spreads,Pittsburgh Steelers,-112.0,-3.0
95c01d1bb797d6df14824b106c5a9130,2026-09-04T18:10:35Z,2026-09-13T17:00:00Z,Pittsburgh Steelers,Atlanta Falcons,PIT,ATL,betmgm,totals,Over,-108.0,42.0
95c01d1bb797d6df14824b106c5a9130,2026-09-04T18:10:35Z,2026-09-13T17:00:00Z,Pittsburgh Steelers,Atlanta Falcons,PIT,ATL,betmgm,totals,Under,-110.0,42.0
95c01d1bb797d6df14824b106c5a9130,2026-09-04T18:10:35Z,2026-09-13T17:00:00Z,Pittsburgh Steelers,Atlanta Falcons,PIT,ATL,bovada,h2h,Atlanta Falcons,155.0,
95c01d1bb797d6df14824b106c5a9130,2026-09-04T18:10:35Z,2026-09-13T17:00:00Z,Pittsburgh Steelers,Atlanta Falcons,PIT,ATL,bovada,h2h,Pittsburgh Steelers,-180.0,
95c01d1bb797d6df14824b106c5a9130,2026-09-04T18:10:35Z,2026-09-13T17:00:00Z,Pittsburgh Steelers,Atlanta Falcons,PIT,ATL,bovada,spreads,Atlanta Falcons,-120.0,3.5
95c01d1bb797d6df14824b106c5a9130,2026-09-04T18:10:35Z,2026-09-13T17:00:00Z,Pittsburgh Steelers,Atlanta Falcons,PIT,ATL,bovada,spreads,Pittsburgh Steelers,100.0,-3.5
95c01d1bb797d6df14824b106c5a9130,2026-09-04T18:10:35Z,2026-09-13T17:00:00Z,Pittsburgh Steelers,Atlanta Falcons,PIT,ATL,bovada,totals,Over,-105.0,42.5
95c01d1bb797d6df14824b106c5a9130,2026-09-04T18:10:35Z,2026-09-13T17:00:00Z,Pittsburgh Steelers,Atlanta Falcons,PIT,ATL,bovada,totals,Under,-115.0,42.5
95c01d1bb797d6df14824b106c5a9130,2026-09-04T18:10:35Z,2026-09-13T17:00:00Z,Pittsburgh Steelers,Atlanta Falcons,PIT,ATL,mybookieag,h2h,Atlanta Falcons,144.0,
95c01d1bb797d6df14824b106c5a9130,2026-09-04T18:10:35Z,2026-09-13T17:00:00Z,Pittsburgh Steelers,Atlanta Falcons,PIT,ATL,mybookieag,h2h,Pittsburgh Steelers,-185.0,
95c01d1bb797d6df14824b106c5a9130,2026-09-04T18:10:35Z,2026-09-13T17:00:00Z,Pittsburgh Steelers,Atlanta Falcons,PIT,ATL,mybookieag,spreads,Atlanta Falcons,100.0,3.0
95c01d1bb797d6df14824b106c5a9130,2026-09-04T18:10:35Z,2026-09-13T17:00:00Z,Pittsburgh Steelers,Atlanta Falcons,PIT,ATL,mybookieag,spreads,Pittsburgh Steelers,-120.0,-3.0
95c01d1bb797d6df14824b106c5a9130,2026-09-04T18:10:35Z,2026-09-13T17:00:00Z,Pittsburgh Steelers,Atlanta Falcons,PIT,ATL,mybookieag,totals,Over,-110.0,42.0
95c01d1bb797d6df14824b106c5a9130,2026-09-04T18:10:35Z,2026-09-13T17:00:00Z,Pittsburgh Steelers,Atlanta Falcons,PIT,ATL,mybookieag,totals,Under,-110.0,42.0
b6cfdcbafa61ce220ba87dc2d9b80c77,2026-09-04T18:10:35Z,2026-09-13T17:00:00Z,Indianapolis Colts,Baltimore Ravens,IND,BAL,draftkings,h2h,Baltimore Ravens,-175.0,
b6cfdcbafa61ce220ba87dc2d9b80c77,2026-09-04T18:10:35Z,2026-09-13T17:00:00Z,Indianapolis Colts,Baltimore Ravens,IND,BAL,draftkings,h2h,Indianapolis Colts,145.0,
b6cfdcbafa61ce220ba87dc2d9b80c77,2026-09-04T18:10:35Z,2026-09-13T17:00:00Z,Indianapolis Colts,Baltimore Ravens,IND,BAL,draftkings,spreads,Baltimore Ravens,-108.0,-3.5
b6cfdcbafa61ce220ba87dc2d9b80c77,2026-09-04T18:10:35Z,2026-09-13T17:00:00Z,Indianapolis Colts,Baltimore Ravens,IND,BAL,draftkings,spreads,Indianapolis Colts,-112.0,3.5
b6cfdcbafa61ce220ba87dc2d9b80c77,2026-09-04T18:10:35Z,2026-09-13T17:00:00Z,Indianapolis Colts,Baltimore Ravens,IND,BAL,draftkings,totals,Over,-105.0,48.5
b6cfdcbafa61ce220ba87dc2d9b80c77,2026-09-04T18:10:35Z,2026-09-13T17:00:00Z,Indianapolis Colts,Baltimore Ravens,IND,BAL,draftkings,totals,Under,-115.0,48.5
b6cfdcbafa61ce220ba87dc2d9b80c77,2026-09-04T18:10:35Z,2026-09-13T17:00:00Z,Indianapolis Colts,Baltimore Ravens,IND,BAL,betus,h2h,Baltimore Ravens,-170.0,
b6cfdcbafa61ce220ba87dc2d9b80c77,2026-09-04T18:10:35Z,2026-09-13T17:00:00Z,Indianapolis Colts,Baltimore Ravens,IND,BAL,betus,h2h,Indianapolis Colts,146.0,
b6cfdcbafa61ce220ba87dc2d9b80c77,2026-09-04T18:10:35Z,2026-09-13T17:00:00Z,Indianapolis Colts,Baltimore Ravens,IND,BAL,betus,spreads,Baltimore Ravens,100.0,-3.5
b6cfdcbafa61ce220ba87dc2d9b80c77,2026-09-04T18:10:35Z,2026-09-13T17:00:00Z,Indianapolis Colts,Baltimore Ravens,IND,BAL,betus,spreads,Indianapolis Colts,-120.0,3.5
b6cfdcbafa61ce220ba87dc2d9b80c77,2026-09-04T18:10:35Z,2026-09-13T17:00:00Z,Indianapolis Colts,Baltimore Ravens,IND,BAL,betus,totals,Over,-110.0,48.0
b6cfdcbafa61ce220ba87dc2d9b80c77,2026-09-04T18:10:35Z,2026-09-13T17:00:00Z,Indianapolis Colts,Baltimore Ravens,IND,BAL,betus,totals,Under,-110.0,48.0
b6cfdcbafa61ce220ba87dc2d9b80c77,2026-09-04T18:10:35Z,2026-09-13T17:00:00Z,Indianapolis Colts,Baltimore Ravens,IND,BAL,lowvig,h2h,Baltimore Ravens,-171.0,
b6cfdcbafa61ce220ba87dc2d9b80c77,2026-09-04T18:10:35Z,2026-09-13T17:00:00Z,Indianapolis Colts,Baltimore Ravens,IND,BAL,lowvig,h2h,Indianapolis Colts,150.0,
b6cfdcbafa61ce220ba87dc2d9b80c77,2026-09-04T18:10:35Z,2026-09-13T17:00:00Z,Indianapolis Colts,Baltimore Ravens,IND,BAL,lowvig,spreads,Baltimore Ravens,100.0,-3.5
b6cfdcbafa61ce220ba87dc2d9b80c77,2026-09-04T18:10:35Z,2026-09-13T17:00:00Z,Indianapolis Colts,Baltimore Ravens,IND,BAL,lowvig,spreads,Indianapolis Colts,-110.0,3.5
b6cfdcbafa61ce220ba87dc2d9b80c77,2026-09-04T18:10:35Z,2026-09-13T17:00:00Z,Indianapolis Colts,Baltimore Ravens,IND,BAL,lowvig,totals,Over,-102.0,48.0
b6cfdcbafa61ce220ba87dc2d9b80c77,2026-09-04T18:10:35Z,2026-09-13T17:00:00Z,Indianapolis Colts,Baltimore Ravens,IND,BAL,lowvig,totals,Under,-113.0,48.0
b6cfdcbafa61ce220ba87dc2d9b80c77,2026-09-04T18:10:35Z,2026-09-13T17:00:00Z,Indianapolis Colts,Baltimore Ravens,IND,BAL,betrivers,h2h,Baltimore Ravens,-190.0,
b6cfdcbafa61ce220ba87dc2d9b80c77,2026-09-04T18:10:35Z,2026-09-13T17:00:00Z,Indianapolis Colts,Baltimore Ravens,IND,BAL,betrivers,h2h,Indianapolis Colts,155.0,
b6cfdcbafa61ce220ba87dc2d9b80c77,2026-09-04T18:10:35Z,2026-09-13T17:00:00Z,Indianapolis Colts,Baltimore Ravens,IND,BAL,betrivers,spreads,Baltimore Ravens,-112.0,-3.5
b6cfdcbafa61ce220ba87dc2d9b80c77,2026-09-04T18:10:35Z,2026-09-13T17:00:00Z,Indianapolis Colts,Baltimore Ravens,IND,BAL,betrivers,spreads,Indianapolis Colts,-109.0,3.5
b6cfdcbafa61ce220ba87dc2d9b80c77,2026-09-04T18:10:35Z,2026-09-13T17:00:00Z,Indianapolis Colts,Baltimore Ravens,IND,BAL,betrivers,totals,Over,-110.0,48.0
b6cfdcbafa61ce220ba87dc2d9b80c77,2026-09-04T18:10:35Z,2026-09-13T17:00:00Z,Indianapolis Colts,Baltimore Ravens,IND,BAL,betrivers,totals,Under,-110.0,48.0
b6cfdcbafa61ce220ba87dc2d9b80c77,2026-09-04T18:10:35Z,2026-09-13T17:00:00Z,Indianapolis Colts,Baltimore Ravens,IND,BAL,betonlineag,h2h,Baltimore Ravens,-171.0,
b6cfdcbafa61ce220ba87dc2d9b80c77,2026-09-04T18:10:35Z,2026-09-13T17:00:00Z,Indianapolis Colts,Baltimore Ravens,IND,BAL,betonlineag,h2h,Indianapolis Colts,150.0,
b6cfdcbafa61ce220ba87dc2d9b80c77,2026-09-04T18:10:35Z,2026-09-13T17:00:00Z,Indianapolis Colts,Baltimore Ravens,IND,BAL,betonlineag,spreads,Baltimore Ravens,100.0,-3.5
b6cfdcbafa61ce220ba87dc2d9b80c77,2026-09-04T18:10:35Z,2026-09-13T17:00:00Z,Indianapolis Colts,Baltimore Ravens,IND,BAL,betonlineag,spreads,Indianapolis Colts,-120.0,3.5
b6cfdcbafa61ce220ba87dc2d9b80c77,2026-09-04T18:10:35Z,2026-09-13T17:00:00Z,Indianapolis Colts,Baltimore Ravens,IND,BAL,betonlineag,totals,Over,-105.0,48.0
b6cfdcbafa61ce220ba87dc2d9b80c77,2026-09-04T18:10:35Z,2026-09-13T17:00:00Z,Indianapolis Colts,Baltimore Ravens,IND,BAL,betonlineag,totals,Under,-115.0,48.0
b6cfdcbafa61ce220ba87dc2d9b80c77,2026-09-04T18:10:35Z,2026-09-13T17:00:00Z,Indianapolis Colts,Baltimore Ravens,IND,BAL,fanduel,h2h,Baltimore Ravens,-178.0,
b6cfdcbafa61ce220ba87dc2d9b80c77,2026-09-04T18:10:35Z,2026-09-13T17:00:00Z,Indianapolis Colts,Baltimore Ravens,IND,BAL,fanduel,h2h,Indianapolis Colts,150.0,
b6cfdcbafa61ce220ba87dc2d9b80c77,2026-09-04T18:10:35Z,2026-09-13T17:00:00Z,Indianapolis Colts,Baltimore Ravens,IND,BAL,fanduel,spreads,Baltimore Ravens,-105.0,-3.5
b6cfdcbafa61ce220ba87dc2d9b80c77,2026-09-04T18:10:35Z,2026-09-13T17:00:00Z,Indianapolis Colts,Baltimore Ravens,IND,BAL,fanduel,spreads,Indianapolis Colts,-115.0,3.5
b6cfdcbafa61ce220ba87dc2d9b80c77,2026-09-04T18:10:35Z,2026-09-13T17:00:00Z,Indianapolis Colts,Baltimore Ravens,IND,BAL,fanduel,totals,Over,-112.0,47.5
b6cfdcbafa61ce220ba87dc2d9b80c77,2026-09-04T18:10:35Z,2026-09-13T17:00:00Z,Indianapolis Colts,Baltimore Ravens,IND,BAL,fanduel,totals,Under,-108.0,47.5
b6cfdcbafa61ce220ba87dc2d9b80c77,2026-09-04T18:10:35Z,2026-09-13T17:00:00Z,Indianapolis Colts,Baltimore Ravens,IND,BAL,betmgm,h2h,Baltimore Ravens,-175.0,
b6cfdcbafa61ce220ba87dc2d9b80c77,2026-09-04T18:10:35Z,2026-09-13T17:00:00Z,Indianapolis Colts,Baltimore Ravens,IND,BAL,betmgm,h2h,Indianapolis Colts,145.0,
b6cfdcbafa61ce220ba87dc2d9b80c77,2026-09-04T18:10:35Z,2026-09-13T17:00:00Z,Indianapolis Colts,Baltimore Ravens,IND,BAL,betmgm,spreads,Baltimore Ravens,-105.0,-3.5
b6cfdcbafa61ce220ba87dc2d9b80c77,2026-09-04T18:10:35Z,2026-09-13T17:00:00Z,Indianapolis Colts,Baltimore Ravens,IND,BAL,betmgm,spreads,Indianapolis Colts,-112.0,3.5
b6cfdcbafa61ce220ba87dc2d9b80c77,2026-09-04T18:10:35Z,2026-09-13T17:00:00Z,Indianapolis Colts,Baltimore Ravens,IND,BAL,betmgm,totals,Over,-105.0,48.0
b6cfdcbafa61ce220ba87dc2d9b80c77,2026-09-04T18:10:35Z,2026-09-13T17:00:00Z,Indianapolis Colts,Baltimore Ravens,IND,BAL,betmgm,totals,Under,-112.0,48.0
b6cfdcbafa61ce220ba87dc2d9b80c77,2026-09-04T18:10:35Z,2026-09-13T17:00:00Z,Indianapolis Colts,Baltimore Ravens,IND,BAL,bovada,h2h,Baltimore Ravens,-180.0,
b6cfdcbafa61ce220ba87dc2d9b80c77,2026-09-04T18:10:35Z,2026-09-13T17:00:00Z,Indianapolis Colts,Baltimore Ravens,IND,BAL,bovada,h2h,Indianapolis Colts,155.0,
b6cfdcbafa61ce220ba87dc2d9b80c77,2026-09-04T18:10:35Z,2026-09-13T17:00:00Z,Indianapolis Colts,Baltimore Ravens,IND,BAL,bovada,spreads,Baltimore Ravens,100.0,-3.5
b6cfdcbafa61ce220ba87dc2d9b80c77,2026-09-04T18:10:35Z,2026-09-13T17:00:00Z,Indianapolis Colts,Baltimore Ravens,IND,BAL,bovada,spreads,Indianapolis Colts,-120.0,3.5
b6cfdcbafa61ce220ba87dc2d9b80c77,2026-09-04T18:10:35Z,2026-09-13T17:00:00Z,Indianapolis Colts,Baltimore Ravens,IND,BAL,bovada,totals,Over,-110.0,47.5
b6cfdcbafa61ce220ba87dc2d9b80c77,2026-09-04T18:10:35Z,2026-09-13T17:00:00Z,Indianapolis Colts,Baltimore Ravens,IND,BAL,bovada,totals,Under,-110.0,47.5
b6cfdcbafa61ce220ba87dc2d9b80c77,2026-09-04T18:10:35Z,2026-09-13T17:00:00Z,Indianapolis Colts,Baltimore Ravens,IND,BAL,mybookieag,h2h,Baltimore Ravens,-188.0,
b6cfdcbafa61ce220ba87dc2d9b80c77,2026-09-04T18:10:35Z,2026-09-13T17:00:00Z,Indianapolis Colts,Baltimore Ravens,IND,BAL,mybookieag,h2h,Indianapolis Colts,146.0,
b6cfdcbafa61ce220ba87dc2d9b80c77,2026-09-04T18:10:35Z,2026-09-13T17:00:00Z,Indianapolis Colts,Baltimore Ravens,IND,BAL,mybookieag,spreads,Baltimore Ravens,-110.0,-3.5
b6cfdcbafa61ce220ba87dc2d9b80c77,2026-09-04T18:10:35Z,2026-09-13T17:00:00Z,Indianapolis Colts,Baltimore Ravens,IND,BAL,mybookieag,spreads,Indianapolis Colts,-110.0,3.5
b6cfdcbafa61ce220ba87dc2d9b80c77,2026-09-04T18:10:35Z,2026-09-13T17:00:00Z,Indianapolis Colts,Baltimore Ravens,IND,BAL,mybookieag,totals,Over,-110.0,48.0
b6cfdcbafa61ce220ba87dc2d9b80c77,2026-09-04T18:10:35Z,2026-09-13T17:00:00Z,Indianapolis Colts,Baltimore Ravens,IND,BAL,mybookieag,totals,Under,-110.0,48.0
7e09efed7e12c659b82740b67ce2f9a1,2026-09-04T18:10:35Z,2026-09-13T17:00:00Z,Houston Texans,Buffalo Bills,HOU,BUF,draftkings,h2h,Buffalo Bills,-118.0,
7e09efed7e12c659b82740b67ce2f9a1,2026-09-04T18:10:35Z,2026-09-13T17:00:00Z,Houston Texans,Buffalo Bills,HOU,BUF,draftkings,h2h,Houston Texans,-102.0,
7e09efed7e12c659b82740b67ce2f9a1,2026-09-04T18:10:35Z,2026-09-13T17:00:00Z,Houston Texans,Buffalo Bills,HOU,BUF,draftkings,spreads,Buffalo Bills,-105.0,-1.5
7e09efed7e12c659b82740b67ce2f9a1,2026-09-04T18:10:35Z,2026-09-13T17:00:00Z,Houston Texans,Buffalo Bills,HOU,BUF,draftkings,spreads,Houston Texans,-115.0,1.5
7e09efed7e12c659b82740b67ce2f9a1,2026-09-04T18:10:35Z,2026-09-13T17:00:00Z,Houston Texans,Buffalo Bills,HOU,BUF,draftkings,totals,Over,-110.0,44.5
7e09efed7e12c659b82740b67ce2f9a1,2026-09-04T18:10:35Z,2026-09-13T17:00:00Z,Houston Texans,Buffalo Bills,HOU,BUF,draftkings,totals,Under,-110.0,44.5
7e09efed7e12c659b82740b67ce2f9a1,2026-09-04T18:10:35Z,2026-09-13T17:00:00Z,Houston Texans,Buffalo Bills,HOU,BUF,betus,spreads,Buffalo Bills,-110.0,0.0
7e09efed7e12c659b82740b67ce2f9a1,2026-09-04T18:10:35Z,2026-09-13T17:00:00Z,Houston Texans,Buffalo Bills,HOU,BUF,betus,spreads,Houston Texans,-110.0,0.0
7e09efed7e12c659b82740b67ce2f9a1,2026-09-04T18:10:35Z,2026-09-13T17:00:00Z,Houston Texans,Buffalo Bills,HOU,BUF,betus,totals,Over,-110.0,44.5
7e09efed7e12c659b82740b67ce2f9a1,2026-09-04T18:10:35Z,2026-09-13T17:00:00Z,Houston Texans,Buffalo Bills,HOU,BUF,betus,totals,Under,-110.0,44.5
7e09efed7e12c659b82740b67ce2f9a1,2026-09-04T18:10:35Z,2026-09-13T17:00:00Z,Houston Texans,Buffalo Bills,HOU,BUF,lowvig,spreads,Buffalo Bills,-105.0,0.0
7e09efed7e12c659b82740b67ce2f9a1,2026-09-04T18:10:35Z,2026-09-13T17:00:00Z,Houston Texans,Buffalo Bills,HOU,BUF,lowvig,spreads,Houston Texans,-105.0,0.0
7e09efed7e12c659b82740b67ce2f9a1,2026-09-04T18:10:35Z,2026-09-13T17:00:00Z,Houston Texans,Buffalo Bills,HOU,BUF,lowvig,totals,Over,-109.0,44.5
7e09efed7e12c659b82740b67ce2f9a1,2026-09-04T18:10:35Z,2026-09-13T17:00:00Z,Houston Texans,Buffalo Bills,HOU,BUF,lowvig,totals,Under,-105.0,44.5
7e09efed7e12c659b82740b67ce2f9a1,2026-09-04T18:10:35Z,2026-09-13T17:00:00Z,Houston Texans,Buffalo Bills,HOU,BUF,betrivers,h2h,Buffalo Bills,-117.0,
7e09efed7e12c659b82740b67ce2f9a1,2026-09-04T18:10:35Z,2026-09-13T17:00:00Z,Houston Texans,Buffalo Bills,HOU,BUF,betrivers,h2h,Houston Texans,-107.0,
7e09efed7e12c659b82740b67ce2f9a1,2026-09-04T18:10:35Z,2026-09-13T17:00:00Z,Houston Texans,Buffalo Bills,HOU,BUF,betrivers,spreads,Buffalo Bills,-108.0,-1.0
7e09efed7e12c659b82740b67ce2f9a1,2026-09-04T18:10:35Z,2026-09-13T17:00:00Z,Houston Texans,Buffalo Bills,HOU,BUF,betrivers,spreads,Houston Texans,-113.0,1.0
7e09efed7e12c659b82740b67ce2f9a1,2026-09-04T18:10:35Z,2026-09-13T17:00:00Z,Houston Texans,Buffalo Bills,HOU,BUF,betrivers,totals,Over,-109.0,44.5
7e09efed7e12c659b82740b67ce2f9a1,2026-09-04T18:10:35Z,2026-09-13T17:00:00Z,Houston Texans,Buffalo Bills,HOU,BUF,betrivers,totals,Under,-112.0,44.5
7e09efed7e12c659b82740b67ce2f9a1,2026-09-04T18:10:35Z,2026-09-13T17:00:00Z,Houston Texans,Buffalo Bills,HOU,BUF,betonlineag,spreads,Buffalo Bills,-110.0,0.0
7e09efed7e12c659b82740b67ce2f9a1,2026-09-04T18:10:35Z,2026-09-13T17:00:00Z,Houston Texans,Buffalo Bills,HOU,BUF,betonlineag,spreads,Houston Texans,-110.0,0.0
7e09efed7e12c659b82740b67ce2f9a1,2026-09-04T18:10:35Z,2026-09-13T17:00:00Z,Houston Texans,Buffalo Bills,HOU,BUF,betonlineag,totals,Over,-112.0,44.5
7e09efed7e12c659b82740b67ce2f9a1,2026-09-04T18:10:35Z,2026-09-13T17:00:00Z,Houston Texans,Buffalo Bills,HOU,BUF,betonlineag,totals,Under,-108.0,44.5
7e09efed7e12c659b82740b67ce2f9a1,2026-09-04T18:10:35Z,2026-09-13T17:00:00Z,Houston Texans,Buffalo Bills,HOU,BUF,fanduel,h2h,Buffalo Bills,-108.0,
7e09efed7e12c659b82740b67ce2f9a1,2026-09-04T18:10:35Z,2026-09-13T17:00:00Z,Houston Texans,Buffalo Bills,HOU,BUF,fanduel,h2h,Houston Texans,-108.0,
7e09efed7e12c659b82740b67ce2f9a1,2026-09-04T18:10:35Z,2026-09-13T17:00:00Z,Houston Texans,Buffalo Bills,HOU,BUF,fanduel,spreads,Buffalo Bills,100.0,-1.5
7e09efed7e12c659b82740b67ce2f9a1,2026-09-04T18:10:35Z,2026-09-13T17:00:00Z,Houston Texans,Buffalo Bills,HOU,BUF,fanduel,spreads,Houston Texans,-122.0,1.5
7e09efed7e12c659b82740b67ce2f9a1,2026-09-04T18:10:35Z,2026-09-13T17:00:00Z,Houston Texans,Buffalo Bills,HOU,BUF,fanduel,totals,Over,-112.0,44.5
7e09efed7e12c659b82740b67ce2f9a1,2026-09-04T18:10:35Z,2026-09-13T17:00:00Z,Houston Texans,Buffalo Bills,HOU,BUF,fanduel,totals,Under,-108.0,44.5
7e09efed7e12c659b82740b67ce2f9a1,2026-09-04T18:10:35Z,2026-09-13T17:00:00Z,Houston Texans,Buffalo Bills,HOU,BUF,betmgm,h2h,Buffalo Bills,-110.0,
7e09efed7e12c659b82740b67ce2f9a1,2026-09-04T18:10:35Z,2026-09-13T17:00:00Z,Houston Texans,Buffalo Bills,HOU,BUF,betmgm,h2h,Houston Texans,-108.0,
7e09efed7e12c659b82740b67ce2f9a1,2026-09-04T18:10:35Z,2026-09-13T17:00:00Z,Houston Texans,Buffalo Bills,HOU,BUF,betmgm,spreads,Buffalo Bills,-105.0,-1.0
7e09efed7e12c659b82740b67ce2f9a1,2026-09-04T18:10:35Z,2026-09-13T17:00:00Z,Houston Texans,Buffalo Bills,HOU,BUF,betmgm,spreads,Houston Texans,-115.0,1.0
7e09efed7e12c659b82740b67ce2f9a1,2026-09-04T18:10:35Z,2026-09-13T17:00:00Z,Houston Texans,Buffalo Bills,HOU,BUF,betmgm,totals,Over,-110.0,44.5
7e09efed7e12c659b82740b67ce2f9a1,2026-09-04T18:10:35Z,2026-09-13T17:00:00Z,Houston Texans,Buffalo Bills,HOU,BUF,betmgm,totals,Under,-108.0,44.5
7e09efed7e12c659b82740b67ce2f9a1,2026-09-04T18:10:35Z,2026-09-13T17:00:00Z,Houston Texans,Buffalo Bills,HOU,BUF,bovada,h2h,Buffalo Bills,-110.0,
7e09efed7e12c659b82740b67ce2f9a1,2026-09-04T18:10:35Z,2026-09-13T17:00:00Z,Houston Texans,Buffalo Bills,HOU,BUF,bovada,h2h,Houston Texans,-110.0,
7e09efed7e12c659b82740b67ce2f9a1,2026-09-04T18:10:35Z,2026-09-13T17:00:00Z,Houston Texans,Buffalo Bills,HOU,BUF,bovada,spreads,Buffalo Bills,-115.0,1.0
7e09efed7e12c659b82740b67ce2f9a1,2026-09-04T18:10:35Z,2026-09-13T17:00:00Z,Houston Texans,Buffalo Bills,HOU,BUF,bovada,spreads,Houston Texans,-105.0,-1.0
7e09efed7e12c659b82740b67ce2f9a1,2026-09-04T18:10:35Z,2026-09-13T17:00:00Z,Houston Texans,Buffalo Bills,HOU,BUF,bovada,totals,Over,-110.0,44.5
7e09efed7e12c659b82740b67ce2f9a1,2026-09-04T18:10:35Z,2026-09-13T17:00:00Z,Houston Texans,Buffalo Bills,HOU,BUF,bovada,totals,Under,-110.0,44.5
7e09efed7e12c659b82740b67ce2f9a1,2026-09-04T18:10:35Z,2026-09-13T17:00:00Z,Houston Texans,Buffalo Bills,HOU,BUF,mybookieag,h2h,Buffalo Bills,-114.0,
7e09efed7e12c659b82740b67ce2f9a1,2026-09-04T18:10:35Z,2026-09-13T17:00:00Z,Houston Texans,Buffalo Bills,HOU,BUF,mybookieag,h2h,Houston Texans,-112.0,
7e09efed7e12c659b82740b67ce2f9a1,2026-09-04T18:10:35Z,2026-09-13T17:00:00Z,Houston Texans,Buffalo Bills,HOU,BUF,mybookieag,spreads,Buffalo Bills,-110.0,1.0
7e09efed7e12c659b82740b67ce2f9a1,2026-09-04T18:10:35Z,2026-09-13T17:00:00Z,Houston Texans,Buffalo Bills,HOU,BUF,mybookieag,spreads,Houston Texans,-110.0,-1.0
7e09efed7e12c659b82740b67ce2f9a1,2026-09-04T18:10:35Z,2026-09-13T17:00:00Z,Houston Texans,Buffalo Bills,HOU,BUF,mybookieag,totals,Over,-110.0,44.5
7e09efed7e12c659b82740b67ce2f9a1,2026-09-04T18:10:35Z,2026-09-13T17:00:00Z,Houston Texans,Buffalo Bills,HOU,BUF,mybookieag,totals,Under,-110.0,44.5
fc362aff0d889ec52d358307a70c32ed,2026-09-04T18:10:35Z,2026-09-13T17:00:00Z,Carolina Panthers,Chicago Bears,CAR,CHI,draftkings,h2h,Carolina Panthers,124.0,
fc362aff0d889ec52d358307a70c32ed,2026-09-04T18:10:35Z,2026-09-13T17:00:00Z,Carolina Panthers,Chicago Bears,CAR,CHI,draftkings,h2h,Chicago Bears,-148.0,
fc362aff0d889ec52d358307a70c32ed,2026-09-04T18:10:35Z,2026-09-13T17:00:00Z,Carolina Panthers,Chicago Bears,CAR,CHI,draftkings,spreads,Carolina Panthers,-102.0,2.5
fc362aff0d889ec52d358307a70c32ed,2026-09-04T18:10:35Z,2026-09-13T17:00:00Z,Carolina Panthers,Chicago Bears,CAR,CHI,draftkings,spreads,Chicago Bears,-118.0,-2.5
fc362aff0d889ec52d358307a70c32ed,2026-09-04T18:10:35Z,2026-09-13T17:00:00Z,Carolina Panthers,Chicago Bears,CAR,CHI,draftkings,totals,Over,-110.0,47.5
fc362aff0d889ec52d358307a70c32ed,2026-09-04T18:10:35Z,2026-09-13T17:00:00Z,Carolina Panthers,Chicago Bears,CAR,CHI,draftkings,totals,Under,-110.0,47.5
fc362aff0d889ec52d358307a70c32ed,2026-09-04T18:10:35Z,2026-09-13T17:00:00Z,Carolina Panthers,Chicago Bears,CAR,CHI,fanduel,h2h,Carolina Panthers,130.0,
fc362aff0d889ec52d358307a70c32ed,2026-09-04T18:10:35Z,2026-09-13T17:00:00Z,Carolina Panthers,Chicago Bears,CAR,CHI,fanduel,h2h,Chicago Bears,-154.0,
fc362aff0d889ec52d358307a70c32ed,2026-09-04T18:10:35Z,2026-09-13T17:00:00Z,Carolina Panthers,Chicago Bears,CAR,CHI,fanduel,spreads,Carolina Panthers,100.0,2.5
fc362aff0d889ec52d358307a70c32ed,2026-09-04T18:10:35Z,2026-09-13T17:00:00Z,Carolina Panthers,Chicago Bears,CAR,CHI,fanduel,spreads,Chicago Bears,-122.0,-2.5
fc362aff0d889ec52d358307a70c32ed,2026-09-04T18:10:35Z,2026-09-13T17:00:00Z,Carolina Panthers,Chicago Bears,CAR,CHI,fanduel,totals,Over,-105.0,47.5
fc362aff0d889ec52d358307a70c32ed,2026-09-04T18:10:35Z,2026-09-13T17:00:00Z,Carolina Panthers,Chicago Bears,CAR,CHI,fanduel,totals,Under,-115.0,47.5
fc362aff0d889ec52d358307a70c32ed,2026-09-04T18:10:35Z,2026-09-13T17:00:00Z,Carolina Panthers,Chicago Bears,CAR,CHI,lowvig,h2h,Carolina Panthers,132.0,
fc362aff0d889ec52d358307a70c32ed,2026-09-04T18:10:35Z,2026-09-13T17:00:00Z,Carolina Panthers,Chicago Bears,CAR,CHI,lowvig,h2h,Chicago Bears,-152.0,
fc362aff0d889ec52d358307a70c32ed,2026-09-04T18:10:35Z,2026-09-13T17:00:00Z,Carolina Panthers,Chicago Bears,CAR,CHI,lowvig,spreads,Carolina Panthers,105.0,2.5
fc362aff0d889ec52d358307a70c32ed,2026-09-04T18:10:35Z,2026-09-13T17:00:00Z,Carolina Panthers,Chicago Bears,CAR,CHI,lowvig,spreads,Chicago Bears,-116.0,-2.5
fc362aff0d889ec52d358307a70c32ed,2026-09-04T18:10:35Z,2026-09-13T17:00:00Z,Carolina Panthers,Chicago Bears,CAR,CHI,lowvig,totals,Over,-102.0,47.5
fc362aff0d889ec52d358307a70c32ed,2026-09-04T18:10:35Z,2026-09-13T17:00:00Z,Carolina Panthers,Chicago Bears,CAR,CHI,lowvig,totals,Under,-113.0,47.5
fc362aff0d889ec52d358307a70c32ed,2026-09-04T18:10:35Z,2026-09-13T17:00:00Z,Carolina Panthers,Chicago Bears,CAR,CHI,betus,h2h,Carolina Panthers,129.0,
fc362aff0d889ec52d358307a70c32ed,2026-09-04T18:10:35Z,2026-09-13T17:00:00Z,Carolina Panthers,Chicago Bears,CAR,CHI,betus,h2h,Chicago Bears,-150.0,
fc362aff0d889ec52d358307a70c32ed,2026-09-04T18:10:35Z,2026-09-13T17:00:00Z,Carolina Panthers,Chicago Bears,CAR,CHI,betus,spreads,Carolina Panthers,-120.0,3.0
fc362aff0d889ec52d358307a70c32ed,2026-09-04T18:10:35Z,2026-09-13T17:00:00Z,Carolina Panthers,Chicago Bears,CAR,CHI,betus,spreads,Chicago Bears,100.0,-3.0
fc362aff0d889ec52d358307a70c32ed,2026-09-04T18:10:35Z,2026-09-13T17:00:00Z,Carolina Panthers,Chicago Bears,CAR,CHI,betus,totals,Over,-110.0,47.5
fc362aff0d889ec52d358307a70c32ed,2026-09-04T18:10:35Z,2026-09-13T17:00:00Z,Carolina Panthers,Chicago Bears,CAR,CHI,betus,totals,Under,-110.0,47.5
fc362aff0d889ec52d358307a70c32ed,2026-09-04T18:10:35Z,2026-09-13T17:00:00Z,Carolina Panthers,Chicago Bears,CAR,CHI,betonlineag,h2h,Carolina Panthers,132.0,
fc362aff0d889ec52d358307a70c32ed,2026-09-04T18:10:35Z,2026-09-13T17:00:00Z,Carolina Panthers,Chicago Bears,CAR,CHI,betonlineag,h2h,Chicago Bears,-152.0,
fc362aff0d889ec52d358307a70c32ed,2026-09-04T18:10:35Z,2026-09-13T17:00:00Z,Carolina Panthers,Chicago Bears,CAR,CHI,betonlineag,spreads,Carolina Panthers,100.0,2.5
fc362aff0d889ec52d358307a70c32ed,2026-09-04T18:10:35Z,2026-09-13T17:00:00Z,Carolina Panthers,Chicago Bears,CAR,CHI,betonlineag,spreads,Chicago Bears,-120.0,-2.5
fc362aff0d889ec52d358307a70c32ed,2026-09-04T18:10:35Z,2026-09-13T17:00:00Z,Carolina Panthers,Chicago Bears,CAR,CHI,betonlineag,totals,Over,-105.0,47.5
fc362aff0d889ec52d358307a70c32ed,2026-09-04T18:10:35Z,2026-09-13T17:00:00Z,Carolina Panthers,Chicago Bears,CAR,CHI,betonlineag,totals,Under,-115.0,47.5
fc362aff0d889ec52d358307a70c32ed,2026-09-04T18:10:35Z,2026-09-13T17:00:00Z,Carolina Panthers,Chicago Bears,CAR,CHI,betrivers,h2h,Carolina Panthers,128.0,
fc362aff0d889ec52d358307a70c32ed,2026-09-04T18:10:35Z,2026-09-13T17:00:00Z,Carolina Panthers,Chicago Bears,CAR,CHI,betrivers,h2h,Chicago Bears,-157.0,
fc362aff0d889ec52d358307a70c32ed,2026-09-04T18:10:35Z,2026-09-13T17:00:00Z,Carolina Panthers,Chicago Bears,CAR,CHI,betrivers,spreads,Carolina Panthers,-117.0,3.0
fc362aff0d889ec52d358307a70c32ed,2026-09-04T18:10:35Z,2026-09-13T17:00:00Z,Carolina Panthers,Chicago Bears,CAR,CHI,betrivers,spreads,Chicago Bears,-105.0,-3.0
fc362aff0d889ec52d358307a70c32ed,2026-09-04T18:10:35Z,2026-09-13T17:00:00Z,Carolina Panthers,Chicago Bears,CAR,CHI,betrivers,totals,Over,-110.0,47.5
fc362aff0d889ec52d358307a70c32ed,2026-09-04T18:10:35Z,2026-09-13T17:00:00Z,Carolina Panthers,Chicago Bears,CAR,CHI,betrivers,totals,Under,-110.0,47.5
fc362aff0d889ec52d358307a70c32ed,2026-09-04T18:10:35Z,2026-09-13T17:00:00Z,Carolina Panthers,Chicago Bears,CAR,CHI,betmgm,h2h,Carolina Panthers,130.0,
fc362aff0d889ec52d358307a70c32ed,2026-09-04T18:10:35Z,2026-09-13T17:00:00Z,Carolina Panthers,Chicago Bears,CAR,CHI,betmgm,h2h,Chicago Bears,-155.0,
fc362aff0d889ec52d358307a70c32ed,2026-09-04T18:10:35Z,2026-09-13T17:00:00Z,Carolina Panthers,Chicago Bears,CAR,CHI,betmgm,spreads,Carolina Panthers,-118.0,3.0
fc362aff0d889ec52d358307a70c32ed,2026-09-04T18:10:35Z,2026-09-13T17:00:00Z,Carolina Panthers,Chicago Bears,CAR,CHI,betmgm,spreads,Chicago Bears,-102.0,-3.0
fc362aff0d889ec52d358307a70c32ed,2026-09-04T18:10:35Z,2026-09-13T17:00:00Z,Carolina Panthers,Chicago Bears,CAR,CHI,betmgm,totals,Over,-108.0,47.5
fc362aff0d889ec52d358307a70c32ed,2026-09-04T18:10:35Z,2026-09-13T17:00:00Z,Carolina Panthers,Chicago Bears,CAR,CHI,betmgm,totals,Under,-110.0,47.5
fc362aff0d889ec52d358307a70c32ed,2026-09-04T18:10:35Z,2026-09-13T17:00:00Z,Carolina Panthers,Chicago Bears,CAR,CHI,bovada,h2h,Carolina Panthers,130.0,
fc362aff0d889ec52d358307a70c32ed,2026-09-04T18:10:35Z,2026-09-13T17:00:00Z,Carolina Panthers,Chicago Bears,CAR,CHI,bovada,h2h,Chicago Bears,-150.0,
fc362aff0d889ec52d358307a70c32ed,2026-09-04T18:10:35Z,2026-09-13T17:00:00Z,Carolina Panthers,Chicago Bears,CAR,CHI,bovada,spreads,Carolina Panthers,100.0,2.5
fc362aff0d889ec52d358307a70c32ed,2026-09-04T18:10:35Z,2026-09-13T17:00:00Z,Carolina Panthers,Chicago Bears,CAR,CHI,bovada,spreads,Chicago Bears,-120.0,-2.5
fc362aff0d889ec52d358307a70c32ed,2026-09-04T18:10:35Z,2026-09-13T17:00:00Z,Carolina Panthers,Chicago Bears,CAR,CHI,bovada,totals,Over,-115.0,47.0
fc362aff0d889ec52d358307a70c32ed,2026-09-04T18:10:35Z,2026-09-13T17:00:00Z,Carolina Panthers,Chicago Bears,CAR,CHI,bovada,totals,Under,-105.0,47.0
fc362aff0d889ec52d358307a70c32ed,2026-09-04T18:10:35Z,2026-09-13T17:00:00Z,Carolina Panthers,Chicago Bears,CAR,CHI,mybookieag,h2h,Carolina Panthers,123.0,
fc362aff0d889ec52d358307a70c32ed,2026-09-04T18:10:35Z,2026-09-13T17:00:00Z,Carolina Panthers,Chicago Bears,CAR,CHI,mybookieag,h2h,Chicago Bears,-157.0,
fc362aff0d889ec52d358307a70c32ed,2026-09-04T18:10:35Z,2026-09-13T17:00:00Z,Carolina Panthers,Chicago Bears,CAR,CHI,mybookieag,spreads,Carolina Panthers,-110.0,2.5
fc362aff0d889ec52d358307a70c32ed,2026-09-04T18:10:35Z,2026-09-13T17:00:00Z,Carolina Panthers,Chicago Bears,CAR,CHI,mybookieag,spreads,Chicago Bears,-110.0,-2.5
fc362aff0d889ec52d358307a70c32ed,2026-09-04T18:10:35Z,2026-09-13T17:00:00Z,Carolina Panthers,Chicago Bears,CAR,CHI,mybookieag,totals,Over,-110.0,47.5
fc362aff0d889ec52d358307a70c32ed,2026-09-04T18:10:35Z,2026-09-13T17:00:00Z,Carolina Panthers,Chicago Bears,CAR,CHI,mybookieag,totals,Under,-110.0,47.5
ed6d24ff979f9c71979fead577b0b3f7,2026-09-04T18:10:35Z,2026-09-13T17:00:00Z,Cincinnati Bengals,Tampa Bay Buccaneers,CIN,TB,draftkings,h2h,Cincinnati Bengals,-205.0,
ed6d24ff979f9c71979fead577b0b3f7,2026-09-04T18:10:35Z,2026-09-13T17:00:00Z,Cincinnati Bengals,Tampa Bay Buccaneers,CIN,TB,draftkings,h2h,Tampa Bay Buccaneers,170.0,
ed6d24ff979f9c71979fead577b0b3f7,2026-09-04T18:10:35Z,2026-09-13T17:00:00Z,Cincinnati Bengals,Tampa Bay Buccaneers,CIN,TB,draftkings,spreads,Cincinnati Bengals,-115.0,-3.5
ed6d24ff979f9c71979fead577b0b3f7,2026-09-04T18:10:35Z,2026-09-13T17:00:00Z,Cincinnati Bengals,Tampa Bay Buccaneers,CIN,TB,draftkings,spreads,Tampa Bay Buccaneers,-105.0,3.5
ed6d24ff979f9c71979fead577b0b3f7,2026-09-04T18:10:35Z,2026-09-13T17:00:00Z,Cincinnati Bengals,Tampa Bay Buccaneers,CIN,TB,draftkings,totals,Over,-102.0,51.5
ed6d24ff979f9c71979fead577b0b3f7,2026-09-04T18:10:35Z,2026-09-13T17:00:00Z,Cincinnati Bengals,Tampa Bay Buccaneers,CIN,TB,draftkings,totals,Under,-118.0,51.5
ed6d24ff979f9c71979fead577b0b3f7,2026-09-04T18:10:35Z,2026-09-13T17:00:00Z,Cincinnati Bengals,Tampa Bay Buccaneers,CIN,TB,fanduel,h2h,Cincinnati Bengals,-205.0,
ed6d24ff979f9c71979fead577b0b3f7,2026-09-04T18:10:35Z,2026-09-13T17:00:00Z,Cincinnati Bengals,Tampa Bay Buccaneers,CIN,TB,fanduel,h2h,Tampa Bay Buccaneers,172.0,
ed6d24ff979f9c71979fead577b0b3f7,2026-09-04T18:10:35Z,2026-09-13T17:00:00Z,Cincinnati Bengals,Tampa Bay Buccaneers,CIN,TB,fanduel,spreads,Cincinnati Bengals,-115.0,-3.5
ed6d24ff979f9c71979fead577b0b3f7,2026-09-04T18:10:35Z,2026-09-13T17:00:00Z,Cincinnati Bengals,Tampa Bay Buccaneers,CIN,TB,fanduel,spreads,Tampa Bay Buccaneers,-105.0,3.5
ed6d24ff979f9c71979fead577b0b3f7,2026-09-04T18:10:35Z,2026-09-13T17:00:00Z,Cincinnati Bengals,Tampa Bay Buccaneers,CIN,TB,fanduel,totals,Over,-112.0,50.5
ed6d24ff979f9c71979fead577b0b3f7,2026-09-04T18:10:35Z,2026-09-13T17:00:00Z,Cincinnati Bengals,Tampa Bay Buccaneers,CIN,TB,fanduel,totals,Under,-108.0,50.5
ed6d24ff979f9c71979fead577b0b3f7,2026-09-04T18:10:35Z,2026-09-13T17:00:00Z,Cincinnati Bengals,Tampa Bay Buccaneers,CIN,TB,lowvig,h2h,Cincinnati Bengals,-210.0,
ed6d24ff979f9c71979fead577b0b3f7,2026-09-04T18:10:35Z,2026-09-13T17:00:00Z,Cincinnati Bengals,Tampa Bay Buccaneers,CIN,TB,lowvig,h2h,Tampa Bay Buccaneers,180.0,
ed6d24ff979f9c71979fead577b0b3f7,2026-09-04T18:10:35Z,2026-09-13T17:00:00Z,Cincinnati Bengals,Tampa Bay Buccaneers,CIN,TB,lowvig,spreads,Cincinnati Bengals,-102.0,-4.0
ed6d24ff979f9c71979fead577b0b3f7,2026-09-04T18:10:35Z,2026-09-13T17:00:00Z,Cincinnati Bengals,Tampa Bay Buccaneers,CIN,TB,lowvig,spreads,Tampa Bay Buccaneers,-108.0,4.0
ed6d24ff979f9c71979fead577b0b3f7,2026-09-04T18:10:35Z,2026-09-13T17:00:00Z,Cincinnati Bengals,Tampa Bay Buccaneers,CIN,TB,lowvig,totals,Over,-102.0,50.5
ed6d24ff979f9c71979fead577b0b3f7,2026-09-04T18:10:35Z,2026-09-13T17:00:00Z,Cincinnati Bengals,Tampa Bay Buccaneers,CIN,TB,lowvig,totals,Under,-113.0,50.5
ed6d24ff979f9c71979fead577b0b3f7,2026-09-04T18:10:35Z,2026-09-13T17:00:00Z,Cincinnati Bengals,Tampa Bay Buccaneers,CIN,TB,betus,h2h,Cincinnati Bengals,-210.0,
ed6d24ff979f9c71979fead577b0b3f7,2026-09-04T18:10:35Z,2026-09-13T17:00:00Z,Cincinnati Bengals,Tampa Bay Buccaneers,CIN,TB,betus,h2h,Tampa Bay Buccaneers,180.0,
ed6d24ff979f9c71979fead577b0b3f7,2026-09-04T18:10:35Z,2026-09-13T17:00:00Z,Cincinnati Bengals,Tampa Bay Buccaneers,CIN,TB,betus,spreads,Cincinnati Bengals,-110.0,-4.0
ed6d24ff979f9c71979fead577b0b3f7,2026-09-04T18:10:35Z,2026-09-13T17:00:00Z,Cincinnati Bengals,Tampa Bay Buccaneers,CIN,TB,betus,spreads,Tampa Bay Buccaneers,-110.0,4.0
ed6d24ff979f9c71979fead577b0b3f7,2026-09-04T18:10:35Z,2026-09-13T17:00:00Z,Cincinnati Bengals,Tampa Bay Buccaneers,CIN,TB,betus,totals,Over,-105.0,50.5
ed6d24ff979f9c71979fead577b0b3f7,2026-09-04T18:10:35Z,2026-09-13T17:00:00Z,Cincinnati Bengals,Tampa Bay Buccaneers,CIN,TB,betus,totals,Under,-115.0,50.5
ed6d24ff979f9c71979fead577b0b3f7,2026-09-04T18:10:35Z,2026-09-13T17:00:00Z,Cincinnati Bengals,Tampa Bay Buccaneers,CIN,TB,betonlineag,h2h,Cincinnati Bengals,-210.0,
ed6d24ff979f9c71979fead577b0b3f7,2026-09-04T18:10:35Z,2026-09-13T17:00:00Z,Cincinnati Bengals,Tampa Bay Buccaneers,CIN,TB,betonlineag,h2h,Tampa Bay Buccaneers,180.0,
ed6d24ff979f9c71979fead577b0b3f7,2026-09-04T18:10:35Z,2026-09-13T17:00:00Z,Cincinnati Bengals,Tampa Bay Buccaneers,CIN,TB,betonlineag,spreads,Cincinnati Bengals,-107.0,-4.0
ed6d24ff979f9c71979fead577b0b3f7,2026-09-04T18:10:35Z,2026-09-13T17:00:00Z,Cincinnati Bengals,Tampa Bay Buccaneers,CIN,TB,betonlineag,spreads,Tampa Bay Buccaneers,-113.0,4.0
ed6d24ff979f9c71979fead577b0b3f7,2026-09-04T18:10:35Z,2026-09-13T17:00:00Z,Cincinnati Bengals,Tampa Bay Buccaneers,CIN,TB,betonlineag,totals,Over,-105.0,50.5
ed6d24ff979f9c71979fead577b0b3f7,2026-09-04T18:10:35Z,2026-09-13T17:00:00Z,Cincinnati Bengals,Tampa Bay Buccaneers,CIN,TB,betonlineag,totals,Under,-115.0,50.5
ed6d24ff979f9c71979fead577b0b3f7,2026-09-04T18:10:35Z,2026-09-13T17:00:00Z,Cincinnati Bengals,Tampa Bay Buccaneers,CIN,TB,betrivers,h2h,Cincinnati Bengals,-205.0,
ed6d24ff979f9c71979fead577b0b3f7,2026-09-04T18:10:35Z,2026-09-13T17:00:00Z,Cincinnati Bengals,Tampa Bay Buccaneers,CIN,TB,betrivers,h2h,Tampa Bay Buccaneers,163.0,
ed6d24ff979f9c71979fead577b0b3f7,2026-09-04T18:10:35Z,2026-09-13T17:00:00Z,Cincinnati Bengals,Tampa Bay Buccaneers,CIN,TB,betrivers,spreads,Cincinnati Bengals,-113.0,-3.5
ed6d24ff979f9c71979fead577b0b3f7,2026-09-04T18:10:35Z,2026-09-13T17:00:00Z,Cincinnati Bengals,Tampa Bay Buccaneers,CIN,TB,betrivers,spreads,Tampa Bay Buccaneers,-108.0,3.5
ed6d24ff979f9c71979fead577b0b3f7,2026-09-04T18:10:35Z,2026-09-13T17:00:00Z,Cincinnati Bengals,Tampa Bay Buccaneers,CIN,TB,betrivers,totals,Over,-112.0,50.5
ed6d24ff979f9c71979fead577b0b3f7,2026-09-04T18:10:35Z,2026-09-13T17:00:00Z,Cincinnati Bengals,Tampa Bay Buccaneers,CIN,TB,betrivers,totals,Under,-109.0,50.5
ed6d24ff979f9c71979fead577b0b3f7,2026-09-04T18:10:35Z,2026-09-13T17:00:00Z,Cincinnati Bengals,Tampa Bay Buccaneers,CIN,TB,betmgm,h2h,Cincinnati Bengals,-210.0,
ed6d24ff979f9c71979fead577b0b3f7,2026-09-04T18:10:35Z,2026-09-13T17:00:00Z,Cincinnati Bengals,Tampa Bay Buccaneers,CIN,TB,betmgm,h2h,Tampa Bay Buccaneers,170.0,
ed6d24ff979f9c71979fead577b0b3f7,2026-09-04T18:10:35Z,2026-09-13T17:00:00Z,Cincinnati Bengals,Tampa Bay Buccaneers,CIN,TB,betmgm,spreads,Cincinnati Bengals,-108.0,-4.0
ed6d24ff979f9c71979fead577b0b3f7,2026-09-04T18:10:35Z,2026-09-13T17:00:00Z,Cincinnati Bengals,Tampa Bay Buccaneers,CIN,TB,betmgm,spreads,Tampa Bay Buccaneers,-110.0,4.0
ed6d24ff979f9c71979fead577b0b3f7,2026-09-04T18:10:35Z,2026-09-13T17:00:00Z,Cincinnati Bengals,Tampa Bay Buccaneers,CIN,TB,betmgm,totals,Over,-112.0,50.5
ed6d24ff979f9c71979fead577b0b3f7,2026-09-04T18:10:35Z,2026-09-13T17:00:00Z,Cincinnati Bengals,Tampa Bay Buccaneers,CIN,TB,betmgm,totals,Under,-108.0,50.5
ed6d24ff979f9c71979fead577b0b3f7,2026-09-04T18:10:35Z,2026-09-13T17:00:00Z,Cincinnati Bengals,Tampa Bay Buccaneers,CIN,TB,bovada,h2h,Cincinnati Bengals,-225.0,
ed6d24ff979f9c71979fead577b0b3f7,2026-09-04T18:10:35Z,2026-09-13T17:00:00Z,Cincinnati Bengals,Tampa Bay Buccaneers,CIN,TB,bovada,h2h,Tampa Bay Buccaneers,185.0,
ed6d24ff979f9c71979fead577b0b3f7,2026-09-04T18:10:35Z,2026-09-13T17:00:00Z,Cincinnati Bengals,Tampa Bay Buccaneers,CIN,TB,bovada,spreads,Cincinnati Bengals,-110.0,-4.0
ed6d24ff979f9c71979fead577b0b3f7,2026-09-04T18:10:35Z,2026-09-13T17:00:00Z,Cincinnati Bengals,Tampa Bay Buccaneers,CIN,TB,bovada,spreads,Tampa Bay Buccaneers,-110.0,4.0
ed6d24ff979f9c71979fead577b0b3f7,2026-09-04T18:10:35Z,2026-09-13T17:00:00Z,Cincinnati Bengals,Tampa Bay Buccaneers,CIN,TB,bovada,totals,Over,-115.0,50.5
ed6d24ff979f9c71979fead577b0b3f7,2026-09-04T18:10:35Z,2026-09-13T17:00:00Z,Cincinnati Bengals,Tampa Bay Buccaneers,CIN,TB,bovada,totals,Under,-105.0,50.5
ed6d24ff979f9c71979fead577b0b3f7,2026-09-04T18:10:35Z,2026-09-13T17:00:00Z,Cincinnati Bengals,Tampa Bay Buccaneers,CIN,TB,mybookieag,h2h,Cincinnati Bengals,-216.0,
ed6d24ff979f9c71979fead577b0b3f7,2026-09-04T18:10:35Z,2026-09-13T17:00:00Z,Cincinnati Bengals,Tampa Bay Buccaneers,CIN,TB,mybookieag,h2h,Tampa Bay Buccaneers,166.0,
ed6d24ff979f9c71979fead577b0b3f7,2026-09-04T18:10:35Z,2026-09-13T17:00:00Z,Cincinnati Bengals,Tampa Bay Buccaneers,CIN,TB,mybookieag,spreads,Cincinnati Bengals,-110.0,-4.0
ed6d24ff979f9c71979fead577b0b3f7,2026-09-04T18:10:35Z,2026-09-13T17:00:00Z,Cincinnati Bengals,Tampa Bay Buccaneers,CIN,TB,mybookieag,spreads,Tampa Bay Buccaneers,-110.0,4.0
ed6d24ff979f9c71979fead577b0b3f7,2026-09-04T18:10:35Z,2026-09-13T17:00:00Z,Cincinnati Bengals,Tampa Bay Buccaneers,CIN,TB,mybookieag,totals,Over,-110.0,50.5
ed6d24ff979f9c71979fead577b0b3f7,2026-09-04T18:10:35Z,2026-09-13T17:00:00Z,Cincinnati Bengals,Tampa Bay Buccaneers,CIN,TB,mybookieag,totals,Under,-110.0,50.5
e55c6fe19fce094ce214c8b0e5b504e9,2026-09-04T18:10:35Z,2026-09-13T17:00:00Z,Jacksonville Jaguars,Cleveland Browns,JAX,CLE,draftkings,h2h,Cleveland Browns,310.0,
e55c6fe19fce094ce214c8b0e5b504e9,2026-09-04T18:10:35Z,2026-09-13T17:00:00Z,Jacksonville Jaguars,Cleveland Browns,JAX,CLE,draftkings,h2h,Jacksonville Jaguars,-395.0,
e55c6fe19fce094ce214c8b0e5b504e9,2026-09-04T18:10:35Z,2026-09-13T17:00:00Z,Jacksonville Jaguars,Cleveland Browns,JAX,CLE,draftkings,spreads,Cleveland Browns,-110.0,7.5
e55c6fe19fce094ce214c8b0e5b504e9,2026-09-04T18:10:35Z,2026-09-13T17:00:00Z,Jacksonville Jaguars,Cleveland Browns,JAX,CLE,draftkings,spreads,Jacksonville Jaguars,-110.0,-7.5
e55c6fe19fce094ce214c8b0e5b504e9,2026-09-04T18:10:35Z,2026-09-13T17:00:00Z,Jacksonville Jaguars,Cleveland Browns,JAX,CLE,draftkings,totals,Over,-110.0,40.5
e55c6fe19fce094ce214c8b0e5b504e9,2026-09-04T18:10:35Z,2026-09-13T17:00:00Z,Jacksonville Jaguars,Cleveland Browns,JAX,CLE,draftkings,totals,Under,-110.0,40.5
e55c6fe19fce094ce214c8b0e5b504e9,2026-09-04T18:10:35Z,2026-09-13T17:00:00Z,Jacksonville Jaguars,Cleveland Browns,JAX,CLE,fanduel,h2h,Cleveland Browns,315.0,
e55c6fe19fce094ce214c8b0e5b504e9,2026-09-04T18:10:35Z,2026-09-13T17:00:00Z,Jacksonville Jaguars,Cleveland Browns,JAX,CLE,fanduel,h2h,Jacksonville Jaguars,-400.0,
e55c6fe19fce094ce214c8b0e5b504e9,2026-09-04T18:10:35Z,2026-09-13T17:00:00Z,Jacksonville Jaguars,Cleveland Browns,JAX,CLE,fanduel,spreads,Cleveland Browns,-105.0,7.5
e55c6fe19fce094ce214c8b0e5b504e9,2026-09-04T18:10:35Z,2026-09-13T17:00:00Z,Jacksonville Jaguars,Cleveland Browns,JAX,CLE,fanduel,spreads,Jacksonville Jaguars,-115.0,-7.5
e55c6fe19fce094ce214c8b0e5b504e9,2026-09-04T18:10:35Z,2026-09-13T17:00:00Z,Jacksonville Jaguars,Cleveland Browns,JAX,CLE,fanduel,totals,Over,-110.0,40.5
e55c6fe19fce094ce214c8b0e5b504e9,2026-09-04T18:10:35Z,2026-09-13T17:00:00Z,Jacksonville Jaguars,Cleveland Browns,JAX,CLE,fanduel,totals,Under,-110.0,40.5
e55c6fe19fce094ce214c8b0e5b504e9,2026-09-04T18:10:35Z,2026-09-13T17:00:00Z,Jacksonville Jaguars,Cleveland Browns,JAX,CLE,betus,h2h,Cleveland Browns,312.0,
e55c6fe19fce094ce214c8b0e5b504e9,2026-09-04T18:10:35Z,2026-09-13T17:00:00Z,Jacksonville Jaguars,Cleveland Browns,JAX,CLE,betus,h2h,Jacksonville Jaguars,-390.0,
e55c6fe19fce094ce214c8b0e5b504e9,2026-09-04T18:10:35Z,2026-09-13T17:00:00Z,Jacksonville Jaguars,Cleveland Browns,JAX,CLE,betus,spreads,Cleveland Browns,-125.0,9.0
e55c6fe19fce094ce214c8b0e5b504e9,2026-09-04T18:10:35Z,2026-09-13T17:00:00Z,Jacksonville Jaguars,Cleveland Browns,JAX,CLE,betus,spreads,Jacksonville Jaguars,105.0,-9.0
e55c6fe19fce094ce214c8b0e5b504e9,2026-09-04T18:10:35Z,2026-09-13T17:00:00Z,Jacksonville Jaguars,Cleveland Browns,JAX,CLE,betus,totals,Over,-110.0,40.5
e55c6fe19fce094ce214c8b0e5b504e9,2026-09-04T18:10:35Z,2026-09-13T17:00:00Z,Jacksonville Jaguars,Cleveland Browns,JAX,CLE,betus,totals,Under,-110.0,40.5
e55c6fe19fce094ce214c8b0e5b504e9,2026-09-04T18:10:35Z,2026-09-13T17:00:00Z,Jacksonville Jaguars,Cleveland Browns,JAX,CLE,betrivers,h2h,Cleveland Browns,300.0,
e55c6fe19fce094ce214c8b0e5b504e9,2026-09-04T18:10:35Z,2026-09-13T17:00:00Z,Jacksonville Jaguars,Cleveland Browns,JAX,CLE,betrivers,h2h,Jacksonville Jaguars,-400.0,
e55c6fe19fce094ce214c8b0e5b504e9,2026-09-04T18:10:35Z,2026-09-13T17:00:00Z,Jacksonville Jaguars,Cleveland Browns,JAX,CLE,betrivers,spreads,Cleveland Browns,-114.0,8.5
e55c6fe19fce094ce214c8b0e5b504e9,2026-09-04T18:10:35Z,2026-09-13T17:00:00Z,Jacksonville Jaguars,Cleveland Browns,JAX,CLE,betrivers,spreads,Jacksonville Jaguars,-107.0,-8.5
e55c6fe19fce094ce214c8b0e5b504e9,2026-09-04T18:10:35Z,2026-09-13T17:00:00Z,Jacksonville Jaguars,Cleveland Browns,JAX,CLE,betrivers,totals,Over,-113.0,40.5
e55c6fe19fce094ce214c8b0e5b504e9,2026-09-04T18:10:35Z,2026-09-13T17:00:00Z,Jacksonville Jaguars,Cleveland Browns,JAX,CLE,betrivers,totals,Under,-108.0,40.5
e55c6fe19fce094ce214c8b0e5b504e9,2026-09-04T18:10:35Z,2026-09-13T17:00:00Z,Jacksonville Jaguars,Cleveland Browns,JAX,CLE,betonlineag,h2h,Cleveland Browns,310.0,
e55c6fe19fce094ce214c8b0e5b504e9,2026-09-04T18:10:35Z,2026-09-13T17:00:00Z,Jacksonville Jaguars,Cleveland Browns,JAX,CLE,betonlineag,h2h,Jacksonville Jaguars,-390.0,
e55c6fe19fce094ce214c8b0e5b504e9,2026-09-04T18:10:35Z,2026-09-13T17:00:00Z,Jacksonville Jaguars,Cleveland Browns,JAX,CLE,betonlineag,spreads,Cleveland Browns,-113.0,8.0
e55c6fe19fce094ce214c8b0e5b504e9,2026-09-04T18:10:35Z,2026-09-13T17:00:00Z,Jacksonville Jaguars,Cleveland Browns,JAX,CLE,betonlineag,spreads,Jacksonville Jaguars,-107.0,-8.0
e55c6fe19fce094ce214c8b0e5b504e9,2026-09-04T18:10:35Z,2026-09-13T17:00:00Z,Jacksonville Jaguars,Cleveland Browns,JAX,CLE,betonlineag,totals,Over,-110.0,40.5
e55c6fe19fce094ce214c8b0e5b504e9,2026-09-04T18:10:35Z,2026-09-13T17:00:00Z,Jacksonville Jaguars,Cleveland Browns,JAX,CLE,betonlineag,totals,Under,-110.0,40.5
e55c6fe19fce094ce214c8b0e5b504e9,2026-09-04T18:10:35Z,2026-09-13T17:00:00Z,Jacksonville Jaguars,Cleveland Browns,JAX,CLE,lowvig,h2h,Cleveland Browns,310.0,
e55c6fe19fce094ce214c8b0e5b504e9,2026-09-04T18:10:35Z,2026-09-13T17:00:00Z,Jacksonville Jaguars,Cleveland Browns,JAX,CLE,lowvig,h2h,Jacksonville Jaguars,-390.0,
e55c6fe19fce094ce214c8b0e5b504e9,2026-09-04T18:10:35Z,2026-09-13T17:00:00Z,Jacksonville Jaguars,Cleveland Browns,JAX,CLE,lowvig,spreads,Cleveland Browns,-108.0,8.0
e55c6fe19fce094ce214c8b0e5b504e9,2026-09-04T18:10:35Z,2026-09-13T17:00:00Z,Jacksonville Jaguars,Cleveland Browns,JAX,CLE,lowvig,spreads,Jacksonville Jaguars,-102.0,-8.0
e55c6fe19fce094ce214c8b0e5b504e9,2026-09-04T18:10:35Z,2026-09-13T17:00:00Z,Jacksonville Jaguars,Cleveland Browns,JAX,CLE,lowvig,totals,Over,-107.0,40.5
e55c6fe19fce094ce214c8b0e5b504e9,2026-09-04T18:10:35Z,2026-09-13T17:00:00Z,Jacksonville Jaguars,Cleveland Browns,JAX,CLE,lowvig,totals,Under,-107.0,40.5
e55c6fe19fce094ce214c8b0e5b504e9,2026-09-04T18:10:35Z,2026-09-13T17:00:00Z,Jacksonville Jaguars,Cleveland Browns,JAX,CLE,betmgm,h2h,Cleveland Browns,310.0,
e55c6fe19fce094ce214c8b0e5b504e9,2026-09-04T18:10:35Z,2026-09-13T17:00:00Z,Jacksonville Jaguars,Cleveland Browns,JAX,CLE,betmgm,h2h,Jacksonville Jaguars,-375.0,
e55c6fe19fce094ce214c8b0e5b504e9,2026-09-04T18:10:35Z,2026-09-13T17:00:00Z,Jacksonville Jaguars,Cleveland Browns,JAX,CLE,betmgm,spreads,Cleveland Browns,-110.0,8.0
e55c6fe19fce094ce214c8b0e5b504e9,2026-09-04T18:10:35Z,2026-09-13T17:00:00Z,Jacksonville Jaguars,Cleveland Browns,JAX,CLE,betmgm,spreads,Jacksonville Jaguars,-108.0,-8.0
e55c6fe19fce094ce214c8b0e5b504e9,2026-09-04T18:10:35Z,2026-09-13T17:00:00Z,Jacksonville Jaguars,Cleveland Browns,JAX,CLE,betmgm,totals,Over,-110.0,40.5
e55c6fe19fce094ce214c8b0e5b504e9,2026-09-04T18:10:35Z,2026-09-13T17:00:00Z,Jacksonville Jaguars,Cleveland Browns,JAX,CLE,betmgm,totals,Under,-108.0,40.5
e55c6fe19fce094ce214c8b0e5b504e9,2026-09-04T18:10:35Z,2026-09-13T17:00:00Z,Jacksonville Jaguars,Cleveland Browns,JAX,CLE,bovada,h2h,Cleveland Browns,305.0,
e55c6fe19fce094ce214c8b0e5b504e9,2026-09-04T18:10:35Z,2026-09-13T17:00:00Z,Jacksonville Jaguars,Cleveland Browns,JAX,CLE,bovada,h2h,Jacksonville Jaguars,-410.0,
e55c6fe19fce094ce214c8b0e5b504e9,2026-09-04T18:10:35Z,2026-09-13T17:00:00Z,Jacksonville Jaguars,Cleveland Browns,JAX,CLE,bovada,spreads,Cleveland Browns,-120.0,8.5
e55c6fe19fce094ce214c8b0e5b504e9,2026-09-04T18:10:35Z,2026-09-13T17:00:00Z,Jacksonville Jaguars,Cleveland Browns,JAX,CLE,bovada,spreads,Jacksonville Jaguars,100.0,-8.5
e55c6fe19fce094ce214c8b0e5b504e9,2026-09-04T18:10:35Z,2026-09-13T17:00:00Z,Jacksonville Jaguars,Cleveland Browns,JAX,CLE,bovada,totals,Over,-110.0,40.5
e55c6fe19fce094ce214c8b0e5b504e9,2026-09-04T18:10:35Z,2026-09-13T17:00:00Z,Jacksonville Jaguars,Cleveland Browns,JAX,CLE,bovada,totals,Under,-110.0,40.5
e55c6fe19fce094ce214c8b0e5b504e9,2026-09-04T18:10:35Z,2026-09-13T17:00:00Z,Jacksonville Jaguars,Cleveland Browns,JAX,CLE,mybookieag,h2h,Cleveland Browns,320.0,
e55c6fe19fce094ce214c8b0e5b504e9,2026-09-04T18:10:35Z,2026-09-13T17:00:00Z,Jacksonville Jaguars,Cleveland Browns,JAX,CLE,mybookieag,h2h,Jacksonville Jaguars,-461.0,
e55c6fe19fce094ce214c8b0e5b504e9,2026-09-04T18:10:35Z,2026-09-13T17:00:00Z,Jacksonville Jaguars,Cleveland Browns,JAX,CLE,mybookieag,spreads,Cleveland Browns,-110.0,8.0
e55c6fe19fce094ce214c8b0e5b504e9,2026-09-04T18:10:35Z,2026-09-13T17:00:00Z,Jacksonville Jaguars,Cleveland Browns,JAX,CLE,mybookieag,spreads,Jacksonville Jaguars,-110.0,-8.0
e55c6fe19fce094ce214c8b0e5b504e9,2026-09-04T18:10:35Z,2026-09-13T17:00:00Z,Jacksonville Jaguars,Cleveland Browns,JAX,CLE,mybookieag,totals,Over,-110.0,40.5
e55c6fe19fce094ce214c8b0e5b504e9,2026-09-04T18:10:35Z,2026-09-13T17:00:00Z,Jacksonville Jaguars,Cleveland Browns,JAX,CLE,mybookieag,totals,Under,-110.0,40.5
c1d3fcec25aaeb06ebd2244d33d338e0,2026-09-04T18:10:35Z,2026-09-13T17:00:00Z,Detroit Lions,New Orleans Saints,DET,NO,draftkings,h2h,Detroit Lions,-310.0,
c1d3fcec25aaeb06ebd2244d33d338e0,2026-09-04T18:10:35Z,2026-09-13T17:00:00Z,Detroit Lions,New Orleans Saints,DET,NO,draftkings,h2h,New Orleans Saints,250.0,
c1d3fcec25aaeb06ebd2244d33d338e0,2026-09-04T18:10:35Z,2026-09-13T17:00:00Z,Detroit Lions,New Orleans Saints,DET,NO,draftkings,spreads,Detroit Lions,-110.0,-7.0
c1d3fcec25aaeb06ebd2244d33d338e0,2026-09-04T18:10:35Z,2026-09-13T17:00:00Z,Detroit Lions,New Orleans Saints,DET,NO,draftkings,spreads,New Orleans Saints,-110.0,7.0
c1d3fcec25aaeb06ebd2244d33d338e0,2026-09-04T18:10:35Z,2026-09-13T17:00:00Z,Detroit Lions,New Orleans Saints,DET,NO,draftkings,totals,Over,-115.0,49.5
c1d3fcec25aaeb06ebd2244d33d338e0,2026-09-04T18:10:35Z,2026-09-13T17:00:00Z,Detroit Lions,New Orleans Saints,DET,NO,draftkings,totals,Under,-105.0,49.5
c1d3fcec25aaeb06ebd2244d33d338e0,2026-09-04T18:10:35Z,2026-09-13T17:00:00Z,Detroit Lions,New Orleans Saints,DET,NO,fanduel,h2h,Detroit Lions,-335.0,
c1d3fcec25aaeb06ebd2244d33d338e0,2026-09-04T18:10:35Z,2026-09-13T17:00:00Z,Detroit Lions,New Orleans Saints,DET,NO,fanduel,h2h,New Orleans Saints,270.0,
c1d3fcec25aaeb06ebd2244d33d338e0,2026-09-04T18:10:35Z,2026-09-13T17:00:00Z,Detroit Lions,New Orleans Saints,DET,NO,fanduel,spreads,Detroit Lions,-122.0,-6.5
c1d3fcec25aaeb06ebd2244d33d338e0,2026-09-04T18:10:35Z,2026-09-13T17:00:00Z,Detroit Lions,New Orleans Saints,DET,NO,fanduel,spreads,New Orleans Saints,100.0,6.5
c1d3fcec25aaeb06ebd2244d33d338e0,2026-09-04T18:10:35Z,2026-09-13T17:00:00Z,Detroit Lions,New Orleans Saints,DET,NO,fanduel,totals,Over,-115.0,49.5
c1d3fcec25aaeb06ebd2244d33d338e0,2026-09-04T18:10:35Z,2026-09-13T17:00:00Z,Detroit Lions,New Orleans Saints,DET,NO,fanduel,totals,Under,-105.0,49.5
c1d3fcec25aaeb06ebd2244d33d338e0,2026-09-04T18:10:35Z,2026-09-13T17:00:00Z,Detroit Lions,New Orleans Saints,DET,NO,lowvig,h2h,Detroit Lions,-305.0,
c1d3fcec25aaeb06ebd2244d33d338e0,2026-09-04T18:10:35Z,2026-09-13T17:00:00Z,Detroit Lions,New Orleans Saints,DET,NO,lowvig,h2h,New Orleans Saints,249.0,
c1d3fcec25aaeb06ebd2244d33d338e0,2026-09-04T18:10:35Z,2026-09-13T17:00:00Z,Detroit Lions,New Orleans Saints,DET,NO,lowvig,spreads,Detroit Lions,101.0,-7.0
c1d3fcec25aaeb06ebd2244d33d338e0,2026-09-04T18:10:35Z,2026-09-13T17:00:00Z,Detroit Lions,New Orleans Saints,DET,NO,lowvig,spreads,New Orleans Saints,-112.0,7.0
c1d3fcec25aaeb06ebd2244d33d338e0,2026-09-04T18:10:35Z,2026-09-13T17:00:00Z,Detroit Lions,New Orleans Saints,DET,NO,lowvig,totals,Over,-107.0,50.0
c1d3fcec25aaeb06ebd2244d33d338e0,2026-09-04T18:10:35Z,2026-09-13T17:00:00Z,Detroit Lions,New Orleans Saints,DET,NO,lowvig,totals,Under,-107.0,50.0
c1d3fcec25aaeb06ebd2244d33d338e0,2026-09-04T18:10:35Z,2026-09-13T17:00:00Z,Detroit Lions,New Orleans Saints,DET,NO,betonlineag,h2h,Detroit Lions,-305.0,
c1d3fcec25aaeb06ebd2244d33d338e0,2026-09-04T18:10:35Z,2026-09-13T17:00:00Z,Detroit Lions,New Orleans Saints,DET,NO,betonlineag,h2h,New Orleans Saints,249.0,
c1d3fcec25aaeb06ebd2244d33d338e0,2026-09-04T18:10:35Z,2026-09-13T17:00:00Z,Detroit Lions,New Orleans Saints,DET,NO,betonlineag,spreads,Detroit Lions,-104.0,-7.0
c1d3fcec25aaeb06ebd2244d33d338e0,2026-09-04T18:10:35Z,2026-09-13T17:00:00Z,Detroit Lions,New Orleans Saints,DET,NO,betonlineag,spreads,New Orleans Saints,-116.0,7.0
c1d3fcec25aaeb06ebd2244d33d338e0,2026-09-04T18:10:35Z,2026-09-13T17:00:00Z,Detroit Lions,New Orleans Saints,DET,NO,betonlineag,totals,Over,-110.0,50.0
c1d3fcec25aaeb06ebd2244d33d338e0,2026-09-04T18:10:35Z,2026-09-13T17:00:00Z,Detroit Lions,New Orleans Saints,DET,NO,betonlineag,totals,Under,-110.0,50.0
c1d3fcec25aaeb06ebd2244d33d338e0,2026-09-04T18:10:35Z,2026-09-13T17:00:00Z,Detroit Lions,New Orleans Saints,DET,NO,betus,h2h,Detroit Lions,-305.0,
c1d3fcec25aaeb06ebd2244d33d338e0,2026-09-04T18:10:35Z,2026-09-13T17:00:00Z,Detroit Lions,New Orleans Saints,DET,NO,betus,h2h,New Orleans Saints,253.0,
c1d3fcec25aaeb06ebd2244d33d338e0,2026-09-04T18:10:35Z,2026-09-13T17:00:00Z,Detroit Lions,New Orleans Saints,DET,NO,betus,spreads,Detroit Lions,-105.0,-7.0
c1d3fcec25aaeb06ebd2244d33d338e0,2026-09-04T18:10:35Z,2026-09-13T17:00:00Z,Detroit Lions,New Orleans Saints,DET,NO,betus,spreads,New Orleans Saints,-115.0,7.0
c1d3fcec25aaeb06ebd2244d33d338e0,2026-09-04T18:10:35Z,2026-09-13T17:00:00Z,Detroit Lions,New Orleans Saints,DET,NO,betus,totals,Over,-110.0,50.0
c1d3fcec25aaeb06ebd2244d33d338e0,2026-09-04T18:10:35Z,2026-09-13T17:00:00Z,Detroit Lions,New Orleans Saints,DET,NO,betus,totals,Under,-110.0,50.0
c1d3fcec25aaeb06ebd2244d33d338e0,2026-09-04T18:10:35Z,2026-09-13T17:00:00Z,Detroit Lions,New Orleans Saints,DET,NO,betrivers,h2h,Detroit Lions,-345.0,
c1d3fcec25aaeb06ebd2244d33d338e0,2026-09-04T18:10:35Z,2026-09-13T17:00:00Z,Detroit Lions,New Orleans Saints,DET,NO,betrivers,h2h,New Orleans Saints,265.0,
c1d3fcec25aaeb06ebd2244d33d338e0,2026-09-04T18:10:35Z,2026-09-13T17:00:00Z,Detroit Lions,New Orleans Saints,DET,NO,betrivers,spreads,Detroit Lions,-112.0,-7.0
c1d3fcec25aaeb06ebd2244d33d338e0,2026-09-04T18:10:35Z,2026-09-13T17:00:00Z,Detroit Lions,New Orleans Saints,DET,NO,betrivers,spreads,New Orleans Saints,-109.0,7.0
c1d3fcec25aaeb06ebd2244d33d338e0,2026-09-04T18:10:35Z,2026-09-13T17:00:00Z,Detroit Lions,New Orleans Saints,DET,NO,betrivers,totals,Over,-107.0,50.5
c1d3fcec25aaeb06ebd2244d33d338e0,2026-09-04T18:10:35Z,2026-09-13T17:00:00Z,Detroit Lions,New Orleans Saints,DET,NO,betrivers,totals,Under,-114.0,50.5
c1d3fcec25aaeb06ebd2244d33d338e0,2026-09-04T18:10:35Z,2026-09-13T17:00:00Z,Detroit Lions,New Orleans Saints,DET,NO,betmgm,h2h,Detroit Lions,-300.0,
c1d3fcec25aaeb06ebd2244d33d338e0,2026-09-04T18:10:35Z,2026-09-13T17:00:00Z,Detroit Lions,New Orleans Saints,DET,NO,betmgm,h2h,New Orleans Saints,250.0,
c1d3fcec25aaeb06ebd2244d33d338e0,2026-09-04T18:10:35Z,2026-09-13T17:00:00Z,Detroit Lions,New Orleans Saints,DET,NO,betmgm,spreads,Detroit Lions,-108.0,-7.0
c1d3fcec25aaeb06ebd2244d33d338e0,2026-09-04T18:10:35Z,2026-09-13T17:00:00Z,Detroit Lions,New Orleans Saints,DET,NO,betmgm,spreads,New Orleans Saints,-110.0,7.0
c1d3fcec25aaeb06ebd2244d33d338e0,2026-09-04T18:10:35Z,2026-09-13T17:00:00Z,Detroit Lions,New Orleans Saints,DET,NO,betmgm,totals,Over,-108.0,50.0
c1d3fcec25aaeb06ebd2244d33d338e0,2026-09-04T18:10:35Z,2026-09-13T17:00:00Z,Detroit Lions,New Orleans Saints,DET,NO,betmgm,totals,Under,-110.0,50.0
c1d3fcec25aaeb06ebd2244d33d338e0,2026-09-04T18:10:35Z,2026-09-13T17:00:00Z,Detroit Lions,New Orleans Saints,DET,NO,bovada,h2h,Detroit Lions,-330.0,
c1d3fcec25aaeb06ebd2244d33d338e0,2026-09-04T18:10:35Z,2026-09-13T17:00:00Z,Detroit Lions,New Orleans Saints,DET,NO,bovada,h2h,New Orleans Saints,265.0,
c1d3fcec25aaeb06ebd2244d33d338e0,2026-09-04T18:10:35Z,2026-09-13T17:00:00Z,Detroit Lions,New Orleans Saints,DET,NO,bovada,spreads,Detroit Lions,-105.0,-7.0
c1d3fcec25aaeb06ebd2244d33d338e0,2026-09-04T18:10:35Z,2026-09-13T17:00:00Z,Detroit Lions,New Orleans Saints,DET,NO,bovada,spreads,New Orleans Saints,-115.0,7.0
c1d3fcec25aaeb06ebd2244d33d338e0,2026-09-04T18:10:35Z,2026-09-13T17:00:00Z,Detroit Lions,New Orleans Saints,DET,NO,bovada,totals,Over,-105.0,50.0
c1d3fcec25aaeb06ebd2244d33d338e0,2026-09-04T18:10:35Z,2026-09-13T17:00:00Z,Detroit Lions,New Orleans Saints,DET,NO,bovada,totals,Under,-115.0,50.0
c1d3fcec25aaeb06ebd2244d33d338e0,2026-09-04T18:10:35Z,2026-09-13T17:00:00Z,Detroit Lions,New Orleans Saints,DET,NO,mybookieag,h2h,Detroit Lions,-330.0,
c1d3fcec25aaeb06ebd2244d33d338e0,2026-09-04T18:10:35Z,2026-09-13T17:00:00Z,Detroit Lions,New Orleans Saints,DET,NO,mybookieag,h2h,New Orleans Saints,240.0,
c1d3fcec25aaeb06ebd2244d33d338e0,2026-09-04T18:10:35Z,2026-09-13T17:00:00Z,Detroit Lions,New Orleans Saints,DET,NO,mybookieag,spreads,Detroit Lions,-110.0,-7.0
c1d3fcec25aaeb06ebd2244d33d338e0,2026-09-04T18:10:35Z,2026-09-13T17:00:00Z,Detroit Lions,New Orleans Saints,DET,NO,mybookieag,spreads,New Orleans Saints,-110.0,7.0
c1d3fcec25aaeb06ebd2244d33d338e0,2026-09-04T18:10:35Z,2026-09-13T17:00:00Z,Detroit Lions,New Orleans Saints,DET,NO,mybookieag,totals,Over,-110.0,50.0
c1d3fcec25aaeb06ebd2244d33d338e0,2026-09-04T18:10:35Z,2026-09-13T17:00:00Z,Detroit Lions,New Orleans Saints,DET,NO,mybookieag,totals,Under,-110.0,50.0
7dddb296a42e7a41a774b24bd1709ce1,2026-09-04T18:10:35Z,2026-09-13T17:00:00Z,Tennessee Titans,New York Jets,TEN,NYJ,draftkings,h2h,New York Jets,110.0,
7dddb296a42e7a41a774b24bd1709ce1,2026-09-04T18:10:35Z,2026-09-13T17:00:00Z,Tennessee Titans,New York Jets,TEN,NYJ,draftkings,h2h,Tennessee Titans,-130.0,
7dddb296a42e7a41a774b24bd1709ce1,2026-09-04T18:10:35Z,2026-09-13T17:00:00Z,Tennessee Titans,New York Jets,TEN,NYJ,draftkings,spreads,New York Jets,-105.0,1.5
7dddb296a42e7a41a774b24bd1709ce1,2026-09-04T18:10:35Z,2026-09-13T17:00:00Z,Tennessee Titans,New York Jets,TEN,NYJ,draftkings,spreads,Tennessee Titans,-115.0,-1.5
7dddb296a42e7a41a774b24bd1709ce1,2026-09-04T18:10:35Z,2026-09-13T17:00:00Z,Tennessee Titans,New York Jets,TEN,NYJ,draftkings,totals,Over,-115.0,38.5
7dddb296a42e7a41a774b24bd1709ce1,2026-09-04T18:10:35Z,2026-09-13T17:00:00Z,Tennessee Titans,New York Jets,TEN,NYJ,draftkings,totals,Under,-105.0,38.5
7dddb296a42e7a41a774b24bd1709ce1,2026-09-04T18:10:35Z,2026-09-13T17:00:00Z,Tennessee Titans,New York Jets,TEN,NYJ,fanduel,h2h,New York Jets,110.0,
7dddb296a42e7a41a774b24bd1709ce1,2026-09-04T18:10:35Z,2026-09-13T17:00:00Z,Tennessee Titans,New York Jets,TEN,NYJ,fanduel,h2h,Tennessee Titans,-130.0,
7dddb296a42e7a41a774b24bd1709ce1,2026-09-04T18:10:35Z,2026-09-13T17:00:00Z,Tennessee Titans,New York Jets,TEN,NYJ,fanduel,spreads,New York Jets,-120.0,2.5
7dddb296a42e7a41a774b24bd1709ce1,2026-09-04T18:10:35Z,2026-09-13T17:00:00Z,Tennessee Titans,New York Jets,TEN,NYJ,fanduel,spreads,Tennessee Titans,-102.0,-2.5
7dddb296a42e7a41a774b24bd1709ce1,2026-09-04T18:10:35Z,2026-09-13T17:00:00Z,Tennessee Titans,New York Jets,TEN,NYJ,fanduel,totals,Over,-110.0,39.5
7dddb296a42e7a41a774b24bd1709ce1,2026-09-04T18:10:35Z,2026-09-13T17:00:00Z,Tennessee Titans,New York Jets,TEN,NYJ,fanduel,totals,Under,-110.0,39.5
7dddb296a42e7a41a774b24bd1709ce1,2026-09-04T18:10:35Z,2026-09-13T17:00:00Z,Tennessee Titans,New York Jets,TEN,NYJ,lowvig,h2h,New York Jets,110.0,
7dddb296a42e7a41a774b24bd1709ce1,2026-09-04T18:10:35Z,2026-09-13T17:00:00Z,Tennessee Titans,New York Jets,TEN,NYJ,lowvig,h2h,Tennessee Titans,-130.0,
7dddb296a42e7a41a774b24bd1709ce1,2026-09-04T18:10:35Z,2026-09-13T17:00:00Z,Tennessee Titans,New York Jets,TEN,NYJ,lowvig,spreads,New York Jets,-105.0,1.5
7dddb296a42e7a41a774b24bd1709ce1,2026-09-04T18:10:35Z,2026-09-13T17:00:00Z,Tennessee Titans,New York Jets,TEN,NYJ,lowvig,spreads,Tennessee Titans,-105.0,-1.5
7dddb296a42e7a41a774b24bd1709ce1,2026-09-04T18:10:35Z,2026-09-13T17:00:00Z,Tennessee Titans,New York Jets,TEN,NYJ,lowvig,totals,Over,-102.0,39.5
7dddb296a42e7a41a774b24bd1709ce1,2026-09-04T18:10:35Z,2026-09-13T17:00:00Z,Tennessee Titans,New York Jets,TEN,NYJ,lowvig,totals,Under,-113.0,39.5
7dddb296a42e7a41a774b24bd1709ce1,2026-09-04T18:10:35Z,2026-09-13T17:00:00Z,Tennessee Titans,New York Jets,TEN,NYJ,betus,h2h,New York Jets,105.0,
7dddb296a42e7a41a774b24bd1709ce1,2026-09-04T18:10:35Z,2026-09-13T17:00:00Z,Tennessee Titans,New York Jets,TEN,NYJ,betus,h2h,Tennessee Titans,-125.0,
7dddb296a42e7a41a774b24bd1709ce1,2026-09-04T18:10:35Z,2026-09-13T17:00:00Z,Tennessee Titans,New York Jets,TEN,NYJ,betus,spreads,New York Jets,-105.0,1.0
7dddb296a42e7a41a774b24bd1709ce1,2026-09-04T18:10:35Z,2026-09-13T17:00:00Z,Tennessee Titans,New York Jets,TEN,NYJ,betus,spreads,Tennessee Titans,-115.0,-1.0
7dddb296a42e7a41a774b24bd1709ce1,2026-09-04T18:10:35Z,2026-09-13T17:00:00Z,Tennessee Titans,New York Jets,TEN,NYJ,betus,totals,Over,-105.0,39.5
7dddb296a42e7a41a774b24bd1709ce1,2026-09-04T18:10:35Z,2026-09-13T17:00:00Z,Tennessee Titans,New York Jets,TEN,NYJ,betus,totals,Under,-115.0,39.5
7dddb296a42e7a41a774b24bd1709ce1,2026-09-04T18:10:35Z,2026-09-13T17:00:00Z,Tennessee Titans,New York Jets,TEN,NYJ,betonlineag,h2h,New York Jets,110.0,
7dddb296a42e7a41a774b24bd1709ce1,2026-09-04T18:10:35Z,2026-09-13T17:00:00Z,Tennessee Titans,New York Jets,TEN,NYJ,betonlineag,h2h,Tennessee Titans,-130.0,
7dddb296a42e7a41a774b24bd1709ce1,2026-09-04T18:10:35Z,2026-09-13T17:00:00Z,Tennessee Titans,New York Jets,TEN,NYJ,betonlineag,spreads,New York Jets,-110.0,1.5
7dddb296a42e7a41a774b24bd1709ce1,2026-09-04T18:10:35Z,2026-09-13T17:00:00Z,Tennessee Titans,New York Jets,TEN,NYJ,betonlineag,spreads,Tennessee Titans,-110.0,-1.5
7dddb296a42e7a41a774b24bd1709ce1,2026-09-04T18:10:35Z,2026-09-13T17:00:00Z,Tennessee Titans,New York Jets,TEN,NYJ,betonlineag,totals,Over,-105.0,39.5
7dddb296a42e7a41a774b24bd1709ce1,2026-09-04T18:10:35Z,2026-09-13T17:00:00Z,Tennessee Titans,New York Jets,TEN,NYJ,betonlineag,totals,Under,-115.0,39.5
7dddb296a42e7a41a774b24bd1709ce1,2026-09-04T18:10:35Z,2026-09-13T17:00:00Z,Tennessee Titans,New York Jets,TEN,NYJ,betrivers,h2h,New York Jets,110.0,
7dddb296a42e7a41a774b24bd1709ce1,2026-09-04T18:10:35Z,2026-09-13T17:00:00Z,Tennessee Titans,New York Jets,TEN,NYJ,betrivers,h2h,Tennessee Titans,-136.0,
7dddb296a42e7a41a774b24bd1709ce1,2026-09-04T18:10:35Z,2026-09-13T17:00:00Z,Tennessee Titans,New York Jets,TEN,NYJ,betrivers,spreads,New York Jets,-112.0,2.0
7dddb296a42e7a41a774b24bd1709ce1,2026-09-04T18:10:35Z,2026-09-13T17:00:00Z,Tennessee Titans,New York Jets,TEN,NYJ,betrivers,spreads,Tennessee Titans,-109.0,-2.0
7dddb296a42e7a41a774b24bd1709ce1,2026-09-04T18:10:35Z,2026-09-13T17:00:00Z,Tennessee Titans,New York Jets,TEN,NYJ,betrivers,totals,Over,-110.0,39.0
7dddb296a42e7a41a774b24bd1709ce1,2026-09-04T18:10:35Z,2026-09-13T17:00:00Z,Tennessee Titans,New York Jets,TEN,NYJ,betrivers,totals,Under,-110.0,39.0
7dddb296a42e7a41a774b24bd1709ce1,2026-09-04T18:10:35Z,2026-09-13T17:00:00Z,Tennessee Titans,New York Jets,TEN,NYJ,betmgm,h2h,New York Jets,110.0,
7dddb296a42e7a41a774b24bd1709ce1,2026-09-04T18:10:35Z,2026-09-13T17:00:00Z,Tennessee Titans,New York Jets,TEN,NYJ,betmgm,h2h,Tennessee Titans,-130.0,
7dddb296a42e7a41a774b24bd1709ce1,2026-09-04T18:10:35Z,2026-09-13T17:00:00Z,Tennessee Titans,New York Jets,TEN,NYJ,betmgm,spreads,New York Jets,-110.0,1.5
7dddb296a42e7a41a774b24bd1709ce1,2026-09-04T18:10:35Z,2026-09-13T17:00:00Z,Tennessee Titans,New York Jets,TEN,NYJ,betmgm,spreads,Tennessee Titans,-108.0,-1.5
7dddb296a42e7a41a774b24bd1709ce1,2026-09-04T18:10:35Z,2026-09-13T17:00:00Z,Tennessee Titans,New York Jets,TEN,NYJ,betmgm,totals,Over,-108.0,39.5
7dddb296a42e7a41a774b24bd1709ce1,2026-09-04T18:10:35Z,2026-09-13T17:00:00Z,Tennessee Titans,New York Jets,TEN,NYJ,betmgm,totals,Under,-110.0,39.5
7dddb296a42e7a41a774b24bd1709ce1,2026-09-04T18:10:35Z,2026-09-13T17:00:00Z,Tennessee Titans,New York Jets,TEN,NYJ,bovada,h2h,New York Jets,110.0,
7dddb296a42e7a41a774b24bd1709ce1,2026-09-04T18:10:35Z,2026-09-13T17:00:00Z,Tennessee Titans,New York Jets,TEN,NYJ,bovada,h2h,Tennessee Titans,-130.0,
7dddb296a42e7a41a774b24bd1709ce1,2026-09-04T18:10:35Z,2026-09-13T17:00:00Z,Tennessee Titans,New York Jets,TEN,NYJ,bovada,spreads,New York Jets,-110.0,1.5
7dddb296a42e7a41a774b24bd1709ce1,2026-09-04T18:10:35Z,2026-09-13T17:00:00Z,Tennessee Titans,New York Jets,TEN,NYJ,bovada,spreads,Tennessee Titans,-110.0,-1.5
7dddb296a42e7a41a774b24bd1709ce1,2026-09-04T18:10:35Z,2026-09-13T17:00:00Z,Tennessee Titans,New York Jets,TEN,NYJ,bovada,totals,Over,-115.0,39.0
7dddb296a42e7a41a774b24bd1709ce1,2026-09-04T18:10:35Z,2026-09-13T17:00:00Z,Tennessee Titans,New York Jets,TEN,NYJ,bovada,totals,Under,-105.0,39.0
7dddb296a42e7a41a774b24bd1709ce1,2026-09-04T18:10:35Z,2026-09-13T17:00:00Z,Tennessee Titans,New York Jets,TEN,NYJ,mybookieag,h2h,New York Jets,105.0,
7dddb296a42e7a41a774b24bd1709ce1,2026-09-04T18:10:35Z,2026-09-13T17:00:00Z,Tennessee Titans,New York Jets,TEN,NYJ,mybookieag,h2h,Tennessee Titans,-134.0,
7dddb296a42e7a41a774b24bd1709ce1,2026-09-04T18:10:35Z,2026-09-13T17:00:00Z,Tennessee Titans,New York Jets,TEN,NYJ,mybookieag,spreads,New York Jets,-110.0,1.5
7dddb296a42e7a41a774b24bd1709ce1,2026-09-04T18:10:35Z,2026-09-13T17:00:00Z,Tennessee Titans,New York Jets,TEN,NYJ,mybookieag,spreads,Tennessee Titans,-110.0,-1.5
7dddb296a42e7a41a774b24bd1709ce1,2026-09-04T18:10:35Z,2026-09-13T17:00:00Z,Tennessee Titans,New York Jets,TEN,NYJ,mybookieag,totals,Over,-110.0,39.5
7dddb296a42e7a41a774b24bd1709ce1,2026-09-04T18:10:35Z,2026-09-13T17:00:00Z,Tennessee Titans,New York Jets,TEN,NYJ,mybookieag,totals,Under,-110.0,39.5
95c01d1bb797d6df14824b106c5a9130,2026-09-04T20:11:22Z,2026-09-13T17:00:00Z,Pittsburgh Steelers,Atlanta Falcons,PIT,ATL,draftkings,h2h,Atlanta Falcons,154.0,
95c01d1bb797d6df14824b106c5a9130,2026-09-04T20:11:22Z,2026-09-13T17:00:00Z,Pittsburgh Steelers,Atlanta Falcons,PIT,ATL,draftkings,h2h,Pittsburgh Steelers,-185.0,
95c01d1bb797d6df14824b106c5a9130,2026-09-04T20:11:22Z,2026-09-13T17:00:00Z,Pittsburgh Steelers,Atlanta Falcons,PIT,ATL,draftkings,spreads,Atlanta Falcons,-118.0,3.5
95c01d1bb797d6df14824b106c5a9130,2026-09-04T20:11:22Z,2026-09-13T17:00:00Z,Pittsburgh Steelers,Atlanta Falcons,PIT,ATL,draftkings,spreads,Pittsburgh Steelers,-102.0,-3.5
95c01d1bb797d6df14824b106c5a9130,2026-09-04T20:11:22Z,2026-09-13T17:00:00Z,Pittsburgh Steelers,Atlanta Falcons,PIT,ATL,draftkings,totals,Over,-105.0,42.5
95c01d1bb797d6df14824b106c5a9130,2026-09-04T20:11:22Z,2026-09-13T17:00:00Z,Pittsburgh Steelers,Atlanta Falcons,PIT,ATL,draftkings,totals,Under,-115.0,42.5
95c01d1bb797d6df14824b106c5a9130,2026-09-04T20:11:22Z,2026-09-13T17:00:00Z,Pittsburgh Steelers,Atlanta Falcons,PIT,ATL,betrivers,h2h,Atlanta Falcons,140.0,
95c01d1bb797d6df14824b106c5a9130,2026-09-04T20:11:22Z,2026-09-13T17:00:00Z,Pittsburgh Steelers,Atlanta Falcons,PIT,ATL,betrivers,h2h,Pittsburgh Steelers,-177.0,
95c01d1bb797d6df14824b106c5a9130,2026-09-04T20:11:22Z,2026-09-13T17:00:00Z,Pittsburgh Steelers,Atlanta Falcons,PIT,ATL,betrivers,spreads,Atlanta Falcons,-106.0,3.0
95c01d1bb797d6df14824b106c5a9130,2026-09-04T20:11:22Z,2026-09-13T17:00:00Z,Pittsburgh Steelers,Atlanta Falcons,PIT,ATL,betrivers,spreads,Pittsburgh Steelers,-115.0,-3.0
95c01d1bb797d6df14824b106c5a9130,2026-09-04T20:11:22Z,2026-09-13T17:00:00Z,Pittsburgh Steelers,Atlanta Falcons,PIT,ATL,betrivers,totals,Over,-113.0,42.0
95c01d1bb797d6df14824b106c5a9130,2026-09-04T20:11:22Z,2026-09-13T17:00:00Z,Pittsburgh Steelers,Atlanta Falcons,PIT,ATL,betrivers,totals,Under,-108.0,42.0
95c01d1bb797d6df14824b106c5a9130,2026-09-04T20:11:22Z,2026-09-13T17:00:00Z,Pittsburgh Steelers,Atlanta Falcons,PIT,ATL,betonlineag,h2h,Atlanta Falcons,157.0,
95c01d1bb797d6df14824b106c5a9130,2026-09-04T20:11:22Z,2026-09-13T17:00:00Z,Pittsburgh Steelers,Atlanta Falcons,PIT,ATL,betonlineag,h2h,Pittsburgh Steelers,-180.0,
95c01d1bb797d6df14824b106c5a9130,2026-09-04T20:11:22Z,2026-09-13T17:00:00Z,Pittsburgh Steelers,Atlanta Falcons,PIT,ATL,betonlineag,spreads,Atlanta Falcons,105.0,3.0
95c01d1bb797d6df14824b106c5a9130,2026-09-04T20:11:22Z,2026-09-13T17:00:00Z,Pittsburgh Steelers,Atlanta Falcons,PIT,ATL,betonlineag,spreads,Pittsburgh Steelers,-125.0,-3.0
95c01d1bb797d6df14824b106c5a9130,2026-09-04T20:11:22Z,2026-09-13T17:00:00Z,Pittsburgh Steelers,Atlanta Falcons,PIT,ATL,betonlineag,totals,Over,-110.0,41.5
95c01d1bb797d6df14824b106c5a9130,2026-09-04T20:11:22Z,2026-09-13T17:00:00Z,Pittsburgh Steelers,Atlanta Falcons,PIT,ATL,betonlineag,totals,Under,-110.0,41.5
95c01d1bb797d6df14824b106c5a9130,2026-09-04T20:11:22Z,2026-09-13T17:00:00Z,Pittsburgh Steelers,Atlanta Falcons,PIT,ATL,fanduel,h2h,Atlanta Falcons,146.0,
95c01d1bb797d6df14824b106c5a9130,2026-09-04T20:11:22Z,2026-09-13T17:00:00Z,Pittsburgh Steelers,Atlanta Falcons,PIT,ATL,fanduel,h2h,Pittsburgh Steelers,-174.0,
95c01d1bb797d6df14824b106c5a9130,2026-09-04T20:11:22Z,2026-09-13T17:00:00Z,Pittsburgh Steelers,Atlanta Falcons,PIT,ATL,fanduel,spreads,Atlanta Falcons,-102.0,3.0
95c01d1bb797d6df14824b106c5a9130,2026-09-04T20:11:22Z,2026-09-13T17:00:00Z,Pittsburgh Steelers,Atlanta Falcons,PIT,ATL,fanduel,spreads,Pittsburgh Steelers,-120.0,-3.0
95c01d1bb797d6df14824b106c5a9130,2026-09-04T20:11:22Z,2026-09-13T17:00:00Z,Pittsburgh Steelers,Atlanta Falcons,PIT,ATL,fanduel,totals,Over,-115.0,41.5
95c01d1bb797d6df14824b106c5a9130,2026-09-04T20:11:22Z,2026-09-13T17:00:00Z,Pittsburgh Steelers,Atlanta Falcons,PIT,ATL,fanduel,totals,Under,-105.0,41.5
95c01d1bb797d6df14824b106c5a9130,2026-09-04T20:11:22Z,2026-09-13T17:00:00Z,Pittsburgh Steelers,Atlanta Falcons,PIT,ATL,lowvig,h2h,Atlanta Falcons,157.0,
95c01d1bb797d6df14824b106c5a9130,2026-09-04T20:11:22Z,2026-09-13T17:00:00Z,Pittsburgh Steelers,Atlanta Falcons,PIT,ATL,lowvig,h2h,Pittsburgh Steelers,-180.0,
95c01d1bb797d6df14824b106c5a9130,2026-09-04T20:11:22Z,2026-09-13T17:00:00Z,Pittsburgh Steelers,Atlanta Falcons,PIT,ATL,lowvig,spreads,Atlanta Falcons,110.0,3.0
95c01d1bb797d6df14824b106c5a9130,2026-09-04T20:11:22Z,2026-09-13T17:00:00Z,Pittsburgh Steelers,Atlanta Falcons,PIT,ATL,lowvig,spreads,Pittsburgh Steelers,-121.0,-3.0
95c01d1bb797d6df14824b106c5a9130,2026-09-04T20:11:22Z,2026-09-13T17:00:00Z,Pittsburgh Steelers,Atlanta Falcons,PIT,ATL,lowvig,totals,Over,-107.0,41.5
95c01d1bb797d6df14824b106c5a9130,2026-09-04T20:11:22Z,2026-09-13T17:00:00Z,Pittsburgh Steelers,Atlanta Falcons,PIT,ATL,lowvig,totals,Under,-107.0,41.5
95c01d1bb797d6df14824b106c5a9130,2026-09-04T20:11:22Z,2026-09-13T17:00:00Z,Pittsburgh Steelers,Atlanta Falcons,PIT,ATL,betus,h2h,Atlanta Falcons,155.0,
95c01d1bb797d6df14824b106c5a9130,2026-09-04T20:11:22Z,2026-09-13T17:00:00Z,Pittsburgh Steelers,Atlanta Falcons,PIT,ATL,betus,h2h,Pittsburgh Steelers,-180.0,
95c01d1bb797d6df14824b106c5a9130,2026-09-04T20:11:22Z,2026-09-13T17:00:00Z,Pittsburgh Steelers,Atlanta Falcons,PIT,ATL,betus,spreads,Atlanta Falcons,105.0,3.0
95c01d1bb797d6df14824b106c5a9130,2026-09-04T20:11:22Z,2026-09-13T17:00:00Z,Pittsburgh Steelers,Atlanta Falcons,PIT,ATL,betus,spreads,Pittsburgh Steelers,-125.0,-3.0
95c01d1bb797d6df14824b106c5a9130,2026-09-04T20:11:22Z,2026-09-13T17:00:00Z,Pittsburgh Steelers,Atlanta Falcons,PIT,ATL,betus,totals,Over,-110.0,42.0
95c01d1bb797d6df14824b106c5a9130,2026-09-04T20:11:22Z,2026-09-13T17:00:00Z,Pittsburgh Steelers,Atlanta Falcons,PIT,ATL,betus,totals,Under,-110.0,42.0
95c01d1bb797d6df14824b106c5a9130,2026-09-04T20:11:22Z,2026-09-13T17:00:00Z,Pittsburgh Steelers,Atlanta Falcons,PIT,ATL,betmgm,h2h,Atlanta Falcons,145.0,
95c01d1bb797d6df14824b106c5a9130,2026-09-04T20:11:22Z,2026-09-13T17:00:00Z,Pittsburgh Steelers,Atlanta Falcons,PIT,ATL,betmgm,h2h,Pittsburgh Steelers,-175.0,
95c01d1bb797d6df14824b106c5a9130,2026-09-04T20:11:22Z,2026-09-13T17:00:00Z,Pittsburgh Steelers,Atlanta Falcons,PIT,ATL,betmgm,spreads,Atlanta Falcons,-105.0,3.0
95c01d1bb797d6df14824b106c5a9130,2026-09-04T20:11:22Z,2026-09-13T17:00:00Z,Pittsburgh Steelers,Atlanta Falcons,PIT,ATL,betmgm,spreads,Pittsburgh Steelers,-112.0,-3.0
95c01d1bb797d6df14824b106c5a9130,2026-09-04T20:11:22Z,2026-09-13T17:00:00Z,Pittsburgh Steelers,Atlanta Falcons,PIT,ATL,betmgm,totals,Over,-108.0,42.0
95c01d1bb797d6df14824b106c5a9130,2026-09-04T20:11:22Z,2026-09-13T17:00:00Z,Pittsburgh Steelers,Atlanta Falcons,PIT,ATL,betmgm,totals,Under,-110.0,42.0
95c01d1bb797d6df14824b106c5a9130,2026-09-04T20:11:22Z,2026-09-13T17:00:00Z,Pittsburgh Steelers,Atlanta Falcons,PIT,ATL,bovada,h2h,Atlanta Falcons,155.0,
95c01d1bb797d6df14824b106c5a9130,2026-09-04T20:11:22Z,2026-09-13T17:00:00Z,Pittsburgh Steelers,Atlanta Falcons,PIT,ATL,bovada,h2h,Pittsburgh Steelers,-180.0,
95c01d1bb797d6df14824b106c5a9130,2026-09-04T20:11:22Z,2026-09-13T17:00:00Z,Pittsburgh Steelers,Atlanta Falcons,PIT,ATL,bovada,spreads,Atlanta Falcons,-120.0,3.5
95c01d1bb797d6df14824b106c5a9130,2026-09-04T20:11:22Z,2026-09-13T17:00:00Z,Pittsburgh Steelers,Atlanta Falcons,PIT,ATL,bovada,spreads,Pittsburgh Steelers,100.0,-3.5
95c01d1bb797d6df14824b106c5a9130,2026-09-04T20:11:22Z,2026-09-13T17:00:00Z,Pittsburgh Steelers,Atlanta Falcons,PIT,ATL,bovada,totals,Over,-105.0,42.5
95c01d1bb797d6df14824b106c5a9130,2026-09-04T20:11:22Z,2026-09-13T17:00:00Z,Pittsburgh Steelers,Atlanta Falcons,PIT,ATL,bovada,totals,Under,-115.0,42.5
95c01d1bb797d6df14824b106c5a9130,2026-09-04T20:11:22Z,2026-09-13T17:00:00Z,Pittsburgh Steelers,Atlanta Falcons,PIT,ATL,mybookieag,h2h,Atlanta Falcons,144.0,
95c01d1bb797d6df14824b106c5a9130,2026-09-04T20:11:22Z,2026-09-13T17:00:00Z,Pittsburgh Steelers,Atlanta Falcons,PIT,ATL,mybookieag,h2h,Pittsburgh Steelers,-185.0,
95c01d1bb797d6df14824b106c5a9130,2026-09-04T20:11:22Z,2026-09-13T17:00:00Z,Pittsburgh Steelers,Atlanta Falcons,PIT,ATL,mybookieag,spreads,Atlanta Falcons,100.0,3.0
95c01d1bb797d6df14824b106c5a9130,2026-09-04T20:11:22Z,2026-09-13T17:00:00Z,Pittsburgh Steelers,Atlanta Falcons,PIT,ATL,mybookieag,spreads,Pittsburgh Steelers,-120.0,-3.0
95c01d1bb797d6df14824b106c5a9130,2026-09-04T20:11:22Z,2026-09-13T17:00:00Z,Pittsburgh Steelers,Atlanta Falcons,PIT,ATL,mybookieag,totals,Over,-110.0,42.0
95c01d1bb797d6df14824b106c5a9130,2026-09-04T20:11:22Z,2026-09-13T17:00:00Z,Pittsburgh Steelers,Atlanta Falcons,PIT,ATL,mybookieag,totals,Under,-110.0,42.0
b6cfdcbafa61ce220ba87dc2d9b80c77,2026-09-04T20:11:22Z,2026-09-13T17:00:00Z,Indianapolis Colts,Baltimore Ravens,IND,BAL,draftkings,h2h,Baltimore Ravens,-175.0,
b6cfdcbafa61ce220ba87dc2d9b80c77,2026-09-04T20:11:22Z,2026-09-13T17:00:00Z,Indianapolis Colts,Baltimore Ravens,IND,BAL,draftkings,h2h,Indianapolis Colts,145.0,
b6cfdcbafa61ce220ba87dc2d9b80c77,2026-09-04T20:11:22Z,2026-09-13T17:00:00Z,Indianapolis Colts,Baltimore Ravens,IND,BAL,draftkings,spreads,Baltimore Ravens,-108.0,-3.5
b6cfdcbafa61ce220ba87dc2d9b80c77,2026-09-04T20:11:22Z,2026-09-13T17:00:00Z,Indianapolis Colts,Baltimore Ravens,IND,BAL,draftkings,spreads,Indianapolis Colts,-112.0,3.5
b6cfdcbafa61ce220ba87dc2d9b80c77,2026-09-04T20:11:22Z,2026-09-13T17:00:00Z,Indianapolis Colts,Baltimore Ravens,IND,BAL,draftkings,totals,Over,-105.0,48.5
b6cfdcbafa61ce220ba87dc2d9b80c77,2026-09-04T20:11:22Z,2026-09-13T17:00:00Z,Indianapolis Colts,Baltimore Ravens,IND,BAL,draftkings,totals,Under,-115.0,48.5
b6cfdcbafa61ce220ba87dc2d9b80c77,2026-09-04T20:11:22Z,2026-09-13T17:00:00Z,Indianapolis Colts,Baltimore Ravens,IND,BAL,betus,h2h,Baltimore Ravens,-170.0,
b6cfdcbafa61ce220ba87dc2d9b80c77,2026-09-04T20:11:22Z,2026-09-13T17:00:00Z,Indianapolis Colts,Baltimore Ravens,IND,BAL,betus,h2h,Indianapolis Colts,146.0,
b6cfdcbafa61ce220ba87dc2d9b80c77,2026-09-04T20:11:22Z,2026-09-13T17:00:00Z,Indianapolis Colts,Baltimore Ravens,IND,BAL,betus,spreads,Baltimore Ravens,100.0,-3.5
b6cfdcbafa61ce220ba87dc2d9b80c77,2026-09-04T20:11:22Z,2026-09-13T17:00:00Z,Indianapolis Colts,Baltimore Ravens,IND,BAL,betus,spreads,Indianapolis Colts,-120.0,3.5
b6cfdcbafa61ce220ba87dc2d9b80c77,2026-09-04T20:11:22Z,2026-09-13T17:00:00Z,Indianapolis Colts,Baltimore Ravens,IND,BAL,betus,totals,Over,-110.0,48.0
b6cfdcbafa61ce220ba87dc2d9b80c77,2026-09-04T20:11:22Z,2026-09-13T17:00:00Z,Indianapolis Colts,Baltimore Ravens,IND,BAL,betus,totals,Under,-110.0,48.0
b6cfdcbafa61ce220ba87dc2d9b80c77,2026-09-04T20:11:22Z,2026-09-13T17:00:00Z,Indianapolis Colts,Baltimore Ravens,IND,BAL,lowvig,h2h,Baltimore Ravens,-171.0,
b6cfdcbafa61ce220ba87dc2d9b80c77,2026-09-04T20:11:22Z,2026-09-13T17:00:00Z,Indianapolis Colts,Baltimore Ravens,IND,BAL,lowvig,h2h,Indianapolis Colts,150.0,
b6cfdcbafa61ce220ba87dc2d9b80c77,2026-09-04T20:11:22Z,2026-09-13T17:00:00Z,Indianapolis Colts,Baltimore Ravens,IND,BAL,lowvig,spreads,Baltimore Ravens,100.0,-3.5
b6cfdcbafa61ce220ba87dc2d9b80c77,2026-09-04T20:11:22Z,2026-09-13T17:00:00Z,Indianapolis Colts,Baltimore Ravens,IND,BAL,lowvig,spreads,Indianapolis Colts,-110.0,3.5
b6cfdcbafa61ce220ba87dc2d9b80c77,2026-09-04T20:11:22Z,2026-09-13T17:00:00Z,Indianapolis Colts,Baltimore Ravens,IND,BAL,lowvig,totals,Over,-102.0,48.0
b6cfdcbafa61ce220ba87dc2d9b80c77,2026-09-04T20:11:22Z,2026-09-13T17:00:00Z,Indianapolis Colts,Baltimore Ravens,IND,BAL,lowvig,totals,Under,-113.0,48.0
b6cfdcbafa61ce220ba87dc2d9b80c77,2026-09-04T20:11:22Z,2026-09-13T17:00:00Z,Indianapolis Colts,Baltimore Ravens,IND,BAL,betrivers,h2h,Baltimore Ravens,-190.0,
b6cfdcbafa61ce220ba87dc2d9b80c77,2026-09-04T20:11:22Z,2026-09-13T17:00:00Z,Indianapolis Colts,Baltimore Ravens,IND,BAL,betrivers,h2h,Indianapolis Colts,155.0,
b6cfdcbafa61ce220ba87dc2d9b80c77,2026-09-04T20:11:22Z,2026-09-13T17:00:00Z,Indianapolis Colts,Baltimore Ravens,IND,BAL,betrivers,spreads,Baltimore Ravens,-112.0,-3.5
b6cfdcbafa61ce220ba87dc2d9b80c77,2026-09-04T20:11:22Z,2026-09-13T17:00:00Z,Indianapolis Colts,Baltimore Ravens,IND,BAL,betrivers,spreads,Indianapolis Colts,-109.0,3.5
b6cfdcbafa61ce220ba87dc2d9b80c77,2026-09-04T20:11:22Z,2026-09-13T17:00:00Z,Indianapolis Colts,Baltimore Ravens,IND,BAL,betrivers,totals,Over,-110.0,48.0
b6cfdcbafa61ce220ba87dc2d9b80c77,2026-09-04T20:11:22Z,2026-09-13T17:00:00Z,Indianapolis Colts,Baltimore Ravens,IND,BAL,betrivers,totals,Under,-110.0,48.0
b6cfdcbafa61ce220ba87dc2d9b80c77,2026-09-04T20:11:22Z,2026-09-13T17:00:00Z,Indianapolis Colts,Baltimore Ravens,IND,BAL,betonlineag,h2h,Baltimore Ravens,-171.0,
b6cfdcbafa61ce220ba87dc2d9b80c77,2026-09-04T20:11:22Z,2026-09-13T17:00:00Z,Indianapolis Colts,Baltimore Ravens,IND,BAL,betonlineag,h2h,Indianapolis Colts,150.0,
b6cfdcbafa61ce220ba87dc2d9b80c77,2026-09-04T20:11:22Z,2026-09-13T17:00:00Z,Indianapolis Colts,Baltimore Ravens,IND,BAL,betonlineag,spreads,Baltimore Ravens,100.0,-3.5
b6cfdcbafa61ce220ba87dc2d9b80c77,2026-09-04T20:11:22Z,2026-09-13T17:00:00Z,Indianapolis Colts,Baltimore Ravens,IND,BAL,betonlineag,spreads,Indianapolis Colts,-120.0,3.5
b6cfdcbafa61ce220ba87dc2d9b80c77,2026-09-04T20:11:22Z,2026-09-13T17:00:00Z,Indianapolis Colts,Baltimore Ravens,IND,BAL,betonlineag,totals,Over,-105.0,48.0
b6cfdcbafa61ce220ba87dc2d9b80c77,2026-09-04T20:11:22Z,2026-09-13T17:00:00Z,Indianapolis Colts,Baltimore Ravens,IND,BAL,betonlineag,totals,Under,-115.0,48.0
b6cfdcbafa61ce220ba87dc2d9b80c77,2026-09-04T20:11:22Z,2026-09-13T17:00:00Z,Indianapolis Colts,Baltimore Ravens,IND,BAL,fanduel,h2h,Baltimore Ravens,-178.0,
b6cfdcbafa61ce220ba87dc2d9b80c77,2026-09-04T20:11:22Z,2026-09-13T17:00:00Z,Indianapolis Colts,Baltimore Ravens,IND,BAL,fanduel,h2h,Indianapolis Colts,150.0,
b6cfdcbafa61ce220ba87dc2d9b80c77,2026-09-04T20:11:22Z,2026-09-13T17:00:00Z,Indianapolis Colts,Baltimore Ravens,IND,BAL,fanduel,spreads,Baltimore Ravens,-105.0,-3.5
b6cfdcbafa61ce220ba87dc2d9b80c77,2026-09-04T20:11:22Z,2026-09-13T17:00:00Z,Indianapolis Colts,Baltimore Ravens,IND,BAL,fanduel,spreads,Indianapolis Colts,-115.0,3.5
b6cfdcbafa61ce220ba87dc2d9b80c77,2026-09-04T20:11:22Z,2026-09-13T17:00:00Z,Indianapolis Colts,Baltimore Ravens,IND,BAL,fanduel,totals,Over,-112.0,47.5
b6cfdcbafa61ce220ba87dc2d9b80c77,2026-09-04T20:11:22Z,2026-09-13T17:00:00Z,Indianapolis Colts,Baltimore Ravens,IND,BAL,fanduel,totals,Under,-108.0,47.5
b6cfdcbafa61ce220ba87dc2d9b80c77,2026-09-04T20:11:22Z,2026-09-13T17:00:00Z,Indianapolis Colts,Baltimore Ravens,IND,BAL,betmgm,h2h,Baltimore Ravens,-175.0,
b6cfdcbafa61ce220ba87dc2d9b80c77,2026-09-04T20:11:22Z,2026-09-13T17:00:00Z,Indianapolis Colts,Baltimore Ravens,IND,BAL,betmgm,h2h,Indianapolis Colts,145.0,
b6cfdcbafa61ce220ba87dc2d9b80c77,2026-09-04T20:11:22Z,2026-09-13T17:00:00Z,Indianapolis Colts,Baltimore Ravens,IND,BAL,betmgm,spreads,Baltimore Ravens,-105.0,-3.5
b6cfdcbafa61ce220ba87dc2d9b80c77,2026-09-04T20:11:22Z,2026-09-13T17:00:00Z,Indianapolis Colts,Baltimore Ravens,IND,BAL,betmgm,spreads,Indianapolis Colts,-112.0,3.5
b6cfdcbafa61ce220ba87dc2d9b80c77,2026-09-04T20:11:22Z,2026-09-13T17:00:00Z,Indianapolis Colts,Baltimore Ravens,IND,BAL,betmgm,totals,Over,-108.0,48.0
b6cfdcbafa61ce220ba87dc2d9b80c77,2026-09-04T20:11:22Z,2026-09-13T17:00:00Z,Indianapolis Colts,Baltimore Ravens,IND,BAL,betmgm,totals,Under,-110.0,48.0
b6cfdcbafa61ce220ba87dc2d9b80c77,2026-09-04T20:11:22Z,2026-09-13T17:00:00Z,Indianapolis Colts,Baltimore Ravens,IND,BAL,bovada,h2h,Baltimore Ravens,-180.0,
b6cfdcbafa61ce220ba87dc2d9b80c77,2026-09-04T20:11:22Z,2026-09-13T17:00:00Z,Indianapolis Colts,Baltimore Ravens,IND,BAL,bovada,h2h,Indianapolis Colts,155.0,
b6cfdcbafa61ce220ba87dc2d9b80c77,2026-09-04T20:11:22Z,2026-09-13T17:00:00Z,Indianapolis Colts,Baltimore Ravens,IND,BAL,bovada,spreads,Baltimore Ravens,100.0,-3.5
b6cfdcbafa61ce220ba87dc2d9b80c77,2026-09-04T20:11:22Z,2026-09-13T17:00:00Z,Indianapolis Colts,Baltimore Ravens,IND,BAL,bovada,spreads,Indianapolis Colts,-120.0,3.5
b6cfdcbafa61ce220ba87dc2d9b80c77,2026-09-04T20:11:22Z,2026-09-13T17:00:00Z,Indianapolis Colts,Baltimore Ravens,IND,BAL,bovada,totals,Over,-110.0,47.5
b6cfdcbafa61ce220ba87dc2d9b80c77,2026-09-04T20:11:22Z,2026-09-13T17:00:00Z,Indianapolis Colts,Baltimore Ravens,IND,BAL,bovada,totals,Under,-110.0,47.5
b6cfdcbafa61ce220ba87dc2d9b80c77,2026-09-04T20:11:22Z,2026-09-13T17:00:00Z,Indianapolis Colts,Baltimore Ravens,IND,BAL,mybookieag,h2h,Baltimore Ravens,-188.0,
b6cfdcbafa61ce220ba87dc2d9b80c77,2026-09-04T20:11:22Z,2026-09-13T17:00:00Z,Indianapolis Colts,Baltimore Ravens,IND,BAL,mybookieag,h2h,Indianapolis Colts,146.0,
b6cfdcbafa61ce220ba87dc2d9b80c77,2026-09-04T20:11:22Z,2026-09-13T17:00:00Z,Indianapolis Colts,Baltimore Ravens,IND,BAL,mybookieag,spreads,Baltimore Ravens,-110.0,-3.5
b6cfdcbafa61ce220ba87dc2d9b80c77,2026-09-04T20:11:22Z,2026-09-13T17:00:00Z,Indianapolis Colts,Baltimore Ravens,IND,BAL,mybookieag,spreads,Indianapolis Colts,-110.0,3.5
b6cfdcbafa61ce220ba87dc2d9b80c77,2026-09-04T20:11:22Z,2026-09-13T17:00:00Z,Indianapolis Colts,Baltimore Ravens,IND,BAL,mybookieag,totals,Over,-110.0,48.0
b6cfdcbafa61ce220ba87dc2d9b80c77,2026-09-04T20:11:22Z,2026-09-13T17:00:00Z,Indianapolis Colts,Baltimore Ravens,IND,BAL,mybookieag,totals,Under,-110.0,48.0
7e09efed7e12c659b82740b67ce2f9a1,2026-09-04T20:11:22Z,2026-09-13T17:00:00Z,Houston Texans,Buffalo Bills,HOU,BUF,draftkings,h2h,Buffalo Bills,-118.0,
7e09efed7e12c659b82740b67ce2f9a1,2026-09-04T20:11:22Z,2026-09-13T17:00:00Z,Houston Texans,Buffalo Bills,HOU,BUF,draftkings,h2h,Houston Texans,-102.0,
7e09efed7e12c659b82740b67ce2f9a1,2026-09-04T20:11:22Z,2026-09-13T17:00:00Z,Houston Texans,Buffalo Bills,HOU,BUF,draftkings,spreads,Buffalo Bills,-105.0,-1.5
7e09efed7e12c659b82740b67ce2f9a1,2026-09-04T20:11:22Z,2026-09-13T17:00:00Z,Houston Texans,Buffalo Bills,HOU,BUF,draftkings,spreads,Houston Texans,-115.0,1.5
7e09efed7e12c659b82740b67ce2f9a1,2026-09-04T20:11:22Z,2026-09-13T17:00:00Z,Houston Texans,Buffalo Bills,HOU,BUF,draftkings,totals,Over,-110.0,44.5
7e09efed7e12c659b82740b67ce2f9a1,2026-09-04T20:11:22Z,2026-09-13T17:00:00Z,Houston Texans,Buffalo Bills,HOU,BUF,draftkings,totals,Under,-110.0,44.5
7e09efed7e12c659b82740b67ce2f9a1,2026-09-04T20:11:22Z,2026-09-13T17:00:00Z,Houston Texans,Buffalo Bills,HOU,BUF,betus,spreads,Buffalo Bills,-110.0,0.0
7e09efed7e12c659b82740b67ce2f9a1,2026-09-04T20:11:22Z,2026-09-13T17:00:00Z,Houston Texans,Buffalo Bills,HOU,BUF,betus,spreads,Houston Texans,-110.0,0.0
7e09efed7e12c659b82740b67ce2f9a1,2026-09-04T20:11:22Z,2026-09-13T17:00:00Z,Houston Texans,Buffalo Bills,HOU,BUF,betus,totals,Over,-110.0,44.5
7e09efed7e12c659b82740b67ce2f9a1,2026-09-04T20:11:22Z,2026-09-13T17:00:00Z,Houston Texans,Buffalo Bills,HOU,BUF,betus,totals,Under,-110.0,44.5
7e09efed7e12c659b82740b67ce2f9a1,2026-09-04T20:11:22Z,2026-09-13T17:00:00Z,Houston Texans,Buffalo Bills,HOU,BUF,lowvig,spreads,Buffalo Bills,-105.0,0.0
7e09efed7e12c659b82740b67ce2f9a1,2026-09-04T20:11:22Z,2026-09-13T17:00:00Z,Houston Texans,Buffalo Bills,HOU,BUF,lowvig,spreads,Houston Texans,-105.0,0.0
7e09efed7e12c659b82740b67ce2f9a1,2026-09-04T20:11:22Z,2026-09-13T17:00:00Z,Houston Texans,Buffalo Bills,HOU,BUF,lowvig,totals,Over,-109.0,44.5
7e09efed7e12c659b82740b67ce2f9a1,2026-09-04T20:11:22Z,2026-09-13T17:00:00Z,Houston Texans,Buffalo Bills,HOU,BUF,lowvig,totals,Under,-105.0,44.5
7e09efed7e12c659b82740b67ce2f9a1,2026-09-04T20:11:22Z,2026-09-13T17:00:00Z,Houston Texans,Buffalo Bills,HOU,BUF,betrivers,h2h,Buffalo Bills,-117.0,
7e09efed7e12c659b82740b67ce2f9a1,2026-09-04T20:11:22Z,2026-09-13T17:00:00Z,Houston Texans,Buffalo Bills,HOU,BUF,betrivers,h2h,Houston Texans,-107.0,
7e09efed7e12c659b82740b67ce2f9a1,2026-09-04T20:11:22Z,2026-09-13T17:00:00Z,Houston Texans,Buffalo Bills,HOU,BUF,betrivers,spreads,Buffalo Bills,-108.0,-1.0
7e09efed7e12c659b82740b67ce2f9a1,2026-09-04T20:11:22Z,2026-09-13T17:00:00Z,Houston Texans,Buffalo Bills,HOU,BUF,betrivers,spreads,Houston Texans,-113.0,1.0
7e09efed7e12c659b82740b67ce2f9a1,2026-09-04T20:11:22Z,2026-09-13T17:00:00Z,Houston Texans,Buffalo Bills,HOU,BUF,betrivers,totals,Over,-109.0,44.5
7e09efed7e12c659b82740b67ce2f9a1,2026-09-04T20:11:22Z,2026-09-13T17:00:00Z,Houston Texans,Buffalo Bills,HOU,BUF,betrivers,totals,Under,-112.0,44.5
7e09efed7e12c659b82740b67ce2f9a1,2026-09-04T20:11:22Z,2026-09-13T17:00:00Z,Houston Texans,Buffalo Bills,HOU,BUF,betonlineag,spreads,Buffalo Bills,-110.0,0.0
7e09efed7e12c659b82740b67ce2f9a1,2026-09-04T20:11:22Z,2026-09-13T17:00:00Z,Houston Texans,Buffalo Bills,HOU,BUF,betonlineag,spreads,Houston Texans,-110.0,0.0
7e09efed7e12c659b82740b67ce2f9a1,2026-09-04T20:11:22Z,2026-09-13T17:00:00Z,Houston Texans,Buffalo Bills,HOU,BUF,betonlineag,totals,Over,-112.0,44.5
7e09efed7e12c659b82740b67ce2f9a1,2026-09-04T20:11:22Z,2026-09-13T17:00:00Z,Houston Texans,Buffalo Bills,HOU,BUF,betonlineag,totals,Under,-108.0,44.5
7e09efed7e12c659b82740b67ce2f9a1,2026-09-04T20:11:22Z,2026-09-13T17:00:00Z,Houston Texans,Buffalo Bills,HOU,BUF,fanduel,h2h,Buffalo Bills,-108.0,
7e09efed7e12c659b82740b67ce2f9a1,2026-09-04T20:11:22Z,2026-09-13T17:00:00Z,Houston Texans,Buffalo Bills,HOU,BUF,fanduel,h2h,Houston Texans,-108.0,
7e09efed7e12c659b82740b67ce2f9a1,2026-09-04T20:11:22Z,2026-09-13T17:00:00Z,Houston Texans,Buffalo Bills,HOU,BUF,fanduel,spreads,Buffalo Bills,100.0,-1.5
7e09efed7e12c659b82740b67ce2f9a1,2026-09-04T20:11:22Z,2026-09-13T17:00:00Z,Houston Texans,Buffalo Bills,HOU,BUF,fanduel,spreads,Houston Texans,-122.0,1.5
7e09efed7e12c659b82740b67ce2f9a1,2026-09-04T20:11:22Z,2026-09-13T17:00:00Z,Houston Texans,Buffalo Bills,HOU,BUF,fanduel,totals,Over,-112.0,44.5
7e09efed7e12c659b82740b67ce2f9a1,2026-09-04T20:11:22Z,2026-09-13T17:00:00Z,Houston Texans,Buffalo Bills,HOU,BUF,fanduel,totals,Under,-108.0,44.5
7e09efed7e12c659b82740b67ce2f9a1,2026-09-04T20:11:22Z,2026-09-13T17:00:00Z,Houston Texans,Buffalo Bills,HOU,BUF,betmgm,h2h,Buffalo Bills,-110.0,
7e09efed7e12c659b82740b67ce2f9a1,2026-09-04T20:11:22Z,2026-09-13T17:00:00Z,Houston Texans,Buffalo Bills,HOU,BUF,betmgm,h2h,Houston Texans,-108.0,
7e09efed7e12c659b82740b67ce2f9a1,2026-09-04T20:11:22Z,2026-09-13T17:00:00Z,Houston Texans,Buffalo Bills,HOU,BUF,betmgm,spreads,Buffalo Bills,-105.0,-1.0
7e09efed7e12c659b82740b67ce2f9a1,2026-09-04T20:11:22Z,2026-09-13T17:00:00Z,Houston Texans,Buffalo Bills,HOU,BUF,betmgm,spreads,Houston Texans,-115.0,1.0
7e09efed7e12c659b82740b67ce2f9a1,2026-09-04T20:11:22Z,2026-09-13T17:00:00Z,Houston Texans,Buffalo Bills,HOU,BUF,betmgm,totals,Over,-110.0,44.5
7e09efed7e12c659b82740b67ce2f9a1,2026-09-04T20:11:22Z,2026-09-13T17:00:00Z,Houston Texans,Buffalo Bills,HOU,BUF,betmgm,totals,Under,-108.0,44.5
7e09efed7e12c659b82740b67ce2f9a1,2026-09-04T20:11:22Z,2026-09-13T17:00:00Z,Houston Texans,Buffalo Bills,HOU,BUF,bovada,h2h,Buffalo Bills,-110.0,
7e09efed7e12c659b82740b67ce2f9a1,2026-09-04T20:11:22Z,2026-09-13T17:00:00Z,Houston Texans,Buffalo Bills,HOU,BUF,bovada,h2h,Houston Texans,-110.0,
7e09efed7e12c659b82740b67ce2f9a1,2026-09-04T20:11:22Z,2026-09-13T17:00:00Z,Houston Texans,Buffalo Bills,HOU,BUF,bovada,spreads,Buffalo Bills,-115.0,1.0
7e09efed7e12c659b82740b67ce2f9a1,2026-09-04T20:11:22Z,2026-09-13T17:00:00Z,Houston Texans,Buffalo Bills,HOU,BUF,bovada,spreads,Houston Texans,-105.0,-1.0
7e09efed7e12c659b82740b67ce2f9a1,2026-09-04T20:11:22Z,2026-09-13T17:00:00Z,Houston Texans,Buffalo Bills,HOU,BUF,bovada,totals,Over,-110.0,44.5
7e09efed7e12c659b82740b67ce2f9a1,2026-09-04T20:11:22Z,2026-09-13T17:00:00Z,Houston Texans,Buffalo Bills,HOU,BUF,bovada,totals,Under,-110.0,44.5
7e09efed7e12c659b82740b67ce2f9a1,2026-09-04T20:11:22Z,2026-09-13T17:00:00Z,Houston Texans,Buffalo Bills,HOU,BUF,mybookieag,h2h,Buffalo Bills,-114.0,
7e09efed7e12c659b82740b67ce2f9a1,2026-09-04T20:11:22Z,2026-09-13T17:00:00Z,Houston Texans,Buffalo Bills,HOU,BUF,mybookieag,h2h,Houston Texans,-112.0,
7e09efed7e12c659b82740b67ce2f9a1,2026-09-04T20:11:22Z,2026-09-13T17:00:00Z,Houston Texans,Buffalo Bills,HOU,BUF,mybookieag,spreads,Buffalo Bills,-110.0,1.0
7e09efed7e12c659b82740b67ce2f9a1,2026-09-04T20:11:22Z,2026-09-13T17:00:00Z,Houston Texans,Buffalo Bills,HOU,BUF,mybookieag,spreads,Houston Texans,-110.0,-1.0
7e09efed7e12c659b82740b67ce2f9a1,2026-09-04T20:11:22Z,2026-09-13T17:00:00Z,Houston Texans,Buffalo Bills,HOU,BUF,mybookieag,totals,Over,-110.0,44.5
7e09efed7e12c659b82740b67ce2f9a1,2026-09-04T20:11:22Z,2026-09-13T17:00:00Z,Houston Texans,Buffalo Bills,HOU,BUF,mybookieag,totals,Under,-110.0,44.5
fc362aff0d889ec52d358307a70c32ed,2026-09-04T20:11:22Z,2026-09-13T17:00:00Z,Carolina Panthers,Chicago Bears,CAR,CHI,draftkings,h2h,Carolina Panthers,130.0,
fc362aff0d889ec52d358307a70c32ed,2026-09-04T20:11:22Z,2026-09-13T17:00:00Z,Carolina Panthers,Chicago Bears,CAR,CHI,draftkings,h2h,Chicago Bears,-155.0,
fc362aff0d889ec52d358307a70c32ed,2026-09-04T20:11:22Z,2026-09-13T17:00:00Z,Carolina Panthers,Chicago Bears,CAR,CHI,draftkings,spreads,Carolina Panthers,-102.0,2.5
fc362aff0d889ec52d358307a70c32ed,2026-09-04T20:11:22Z,2026-09-13T17:00:00Z,Carolina Panthers,Chicago Bears,CAR,CHI,draftkings,spreads,Chicago Bears,-118.0,-2.5
fc362aff0d889ec52d358307a70c32ed,2026-09-04T20:11:22Z,2026-09-13T17:00:00Z,Carolina Panthers,Chicago Bears,CAR,CHI,draftkings,totals,Over,-110.0,47.5
fc362aff0d889ec52d358307a70c32ed,2026-09-04T20:11:22Z,2026-09-13T17:00:00Z,Carolina Panthers,Chicago Bears,CAR,CHI,draftkings,totals,Under,-110.0,47.5
fc362aff0d889ec52d358307a70c32ed,2026-09-04T20:11:22Z,2026-09-13T17:00:00Z,Carolina Panthers,Chicago Bears,CAR,CHI,fanduel,h2h,Carolina Panthers,130.0,
fc362aff0d889ec52d358307a70c32ed,2026-09-04T20:11:22Z,2026-09-13T17:00:00Z,Carolina Panthers,Chicago Bears,CAR,CHI,fanduel,h2h,Chicago Bears,-154.0,
fc362aff0d889ec52d358307a70c32ed,2026-09-04T20:11:22Z,2026-09-13T17:00:00Z,Carolina Panthers,Chicago Bears,CAR,CHI,fanduel,spreads,Carolina Panthers,100.0,2.5
fc362aff0d889ec52d358307a70c32ed,2026-09-04T20:11:22Z,2026-09-13T17:00:00Z,Carolina Panthers,Chicago Bears,CAR,CHI,fanduel,spreads,Chicago Bears,-122.0,-2.5
fc362aff0d889ec52d358307a70c32ed,2026-09-04T20:11:22Z,2026-09-13T17:00:00Z,Carolina Panthers,Chicago Bears,CAR,CHI,fanduel,totals,Over,-105.0,47.5
fc362aff0d889ec52d358307a70c32ed,2026-09-04T20:11:22Z,2026-09-13T17:00:00Z,Carolina Panthers,Chicago Bears,CAR,CHI,fanduel,totals,Under,-115.0,47.5
fc362aff0d889ec52d358307a70c32ed,2026-09-04T20:11:22Z,2026-09-13T17:00:00Z,Carolina Panthers,Chicago Bears,CAR,CHI,lowvig,h2h,Carolina Panthers,132.0,
fc362aff0d889ec52d358307a70c32ed,2026-09-04T20:11:22Z,2026-09-13T17:00:00Z,Carolina Panthers,Chicago Bears,CAR,CHI,lowvig,h2h,Chicago Bears,-152.0,
fc362aff0d889ec52d358307a70c32ed,2026-09-04T20:11:22Z,2026-09-13T17:00:00Z,Carolina Panthers,Chicago Bears,CAR,CHI,lowvig,spreads,Carolina Panthers,105.0,2.5
fc362aff0d889ec52d358307a70c32ed,2026-09-04T20:11:22Z,2026-09-13T17:00:00Z,Carolina Panthers,Chicago Bears,CAR,CHI,lowvig,spreads,Chicago Bears,-116.0,-2.5
fc362aff0d889ec52d358307a70c32ed,2026-09-04T20:11:22Z,2026-09-13T17:00:00Z,Carolina Panthers,Chicago Bears,CAR,CHI,lowvig,totals,Over,-102.0,47.5
fc362aff0d889ec52d358307a70c32ed,2026-09-04T20:11:22Z,2026-09-13T17:00:00Z,Carolina Panthers,Chicago Bears,CAR,CHI,lowvig,totals,Under,-113.0,47.5
fc362aff0d889ec52d358307a70c32ed,2026-09-04T20:11:22Z,2026-09-13T17:00:00Z,Carolina Panthers,Chicago Bears,CAR,CHI,betus,h2h,Carolina Panthers,129.0,
fc362aff0d889ec52d358307a70c32ed,2026-09-04T20:11:22Z,2026-09-13T17:00:00Z,Carolina Panthers,Chicago Bears,CAR,CHI,betus,h2h,Chicago Bears,-150.0,
fc362aff0d889ec52d358307a70c32ed,2026-09-04T20:11:22Z,2026-09-13T17:00:00Z,Carolina Panthers,Chicago Bears,CAR,CHI,betus,spreads,Carolina Panthers,-120.0,3.0
fc362aff0d889ec52d358307a70c32ed,2026-09-04T20:11:22Z,2026-09-13T17:00:00Z,Carolina Panthers,Chicago Bears,CAR,CHI,betus,spreads,Chicago Bears,100.0,-3.0
fc362aff0d889ec52d358307a70c32ed,2026-09-04T20:11:22Z,2026-09-13T17:00:00Z,Carolina Panthers,Chicago Bears,CAR,CHI,betus,totals,Over,-110.0,47.5
fc362aff0d889ec52d358307a70c32ed,2026-09-04T20:11:22Z,2026-09-13T17:00:00Z,Carolina Panthers,Chicago Bears,CAR,CHI,betus,totals,Under,-110.0,47.5
fc362aff0d889ec52d358307a70c32ed,2026-09-04T20:11:22Z,2026-09-13T17:00:00Z,Carolina Panthers,Chicago Bears,CAR,CHI,betonlineag,h2h,Carolina Panthers,132.0,
fc362aff0d889ec52d358307a70c32ed,2026-09-04T20:11:22Z,2026-09-13T17:00:00Z,Carolina Panthers,Chicago Bears,CAR,CHI,betonlineag,h2h,Chicago Bears,-152.0,
fc362aff0d889ec52d358307a70c32ed,2026-09-04T20:11:22Z,2026-09-13T17:00:00Z,Carolina Panthers,Chicago Bears,CAR,CHI,betonlineag,spreads,Carolina Panthers,100.0,2.5
fc362aff0d889ec52d358307a70c32ed,2026-09-04T20:11:22Z,2026-09-13T17:00:00Z,Carolina Panthers,Chicago Bears,CAR,CHI,betonlineag,spreads,Chicago Bears,-120.0,-2.5
fc362aff0d889ec52d358307a70c32ed,2026-09-04T20:11:22Z,2026-09-13T17:00:00Z,Carolina Panthers,Chicago Bears,CAR,CHI,betonlineag,totals,Over,-105.0,47.5
fc362aff0d889ec52d358307a70c32ed,2026-09-04T20:11:22Z,2026-09-13T17:00:00Z,Carolina Panthers,Chicago Bears,CAR,CHI,betonlineag,totals,Under,-115.0,47.5
fc362aff0d889ec52d358307a70c32ed,2026-09-04T20:11:22Z,2026-09-13T17:00:00Z,Carolina Panthers,Chicago Bears,CAR,CHI,betrivers,h2h,Carolina Panthers,128.0,
fc362aff0d889ec52d358307a70c32ed,2026-09-04T20:11:22Z,2026-09-13T17:00:00Z,Carolina Panthers,Chicago Bears,CAR,CHI,betrivers,h2h,Chicago Bears,-157.0,
fc362aff0d889ec52d358307a70c32ed,2026-09-04T20:11:22Z,2026-09-13T17:00:00Z,Carolina Panthers,Chicago Bears,CAR,CHI,betrivers,spreads,Carolina Panthers,-117.0,3.0
fc362aff0d889ec52d358307a70c32ed,2026-09-04T20:11:22Z,2026-09-13T17:00:00Z,Carolina Panthers,Chicago Bears,CAR,CHI,betrivers,spreads,Chicago Bears,-105.0,-3.0
fc362aff0d889ec52d358307a70c32ed,2026-09-04T20:11:22Z,2026-09-13T17:00:00Z,Carolina Panthers,Chicago Bears,CAR,CHI,betrivers,totals,Over,-110.0,47.5
fc362aff0d889ec52d358307a70c32ed,2026-09-04T20:11:22Z,2026-09-13T17:00:00Z,Carolina Panthers,Chicago Bears,CAR,CHI,betrivers,totals,Under,-110.0,47.5
fc362aff0d889ec52d358307a70c32ed,2026-09-04T20:11:22Z,2026-09-13T17:00:00Z,Carolina Panthers,Chicago Bears,CAR,CHI,betmgm,h2h,Carolina Panthers,130.0,
fc362aff0d889ec52d358307a70c32ed,2026-09-04T20:11:22Z,2026-09-13T17:00:00Z,Carolina Panthers,Chicago Bears,CAR,CHI,betmgm,h2h,Chicago Bears,-155.0,
fc362aff0d889ec52d358307a70c32ed,2026-09-04T20:11:22Z,2026-09-13T17:00:00Z,Carolina Panthers,Chicago Bears,CAR,CHI,betmgm,spreads,Carolina Panthers,-118.0,3.0
fc362aff0d889ec52d358307a70c32ed,2026-09-04T20:11:22Z,2026-09-13T17:00:00Z,Carolina Panthers,Chicago Bears,CAR,CHI,betmgm,spreads,Chicago Bears,-102.0,-3.0
fc362aff0d889ec52d358307a70c32ed,2026-09-04T20:11:22Z,2026-09-13T17:00:00Z,Carolina Panthers,Chicago Bears,CAR,CHI,betmgm,totals,Over,-108.0,47.5
fc362aff0d889ec52d358307a70c32ed,2026-09-04T20:11:22Z,2026-09-13T17:00:00Z,Carolina Panthers,Chicago Bears,CAR,CHI,betmgm,totals,Under,-110.0,47.5
fc362aff0d889ec52d358307a70c32ed,2026-09-04T20:11:22Z,2026-09-13T17:00:00Z,Carolina Panthers,Chicago Bears,CAR,CHI,bovada,h2h,Carolina Panthers,130.0,
fc362aff0d889ec52d358307a70c32ed,2026-09-04T20:11:22Z,2026-09-13T17:00:00Z,Carolina Panthers,Chicago Bears,CAR,CHI,bovada,h2h,Chicago Bears,-150.0,
fc362aff0d889ec52d358307a70c32ed,2026-09-04T20:11:22Z,2026-09-13T17:00:00Z,Carolina Panthers,Chicago Bears,CAR,CHI,bovada,spreads,Carolina Panthers,100.0,2.5
fc362aff0d889ec52d358307a70c32ed,2026-09-04T20:11:22Z,2026-09-13T17:00:00Z,Carolina Panthers,Chicago Bears,CAR,CHI,bovada,spreads,Chicago Bears,-120.0,-2.5
fc362aff0d889ec52d358307a70c32ed,2026-09-04T20:11:22Z,2026-09-13T17:00:00Z,Carolina Panthers,Chicago Bears,CAR,CHI,bovada,totals,Over,-115.0,47.0
fc362aff0d889ec52d358307a70c32ed,2026-09-04T20:11:22Z,2026-09-13T17:00:00Z,Carolina Panthers,Chicago Bears,CAR,CHI,bovada,totals,Under,-105.0,47.0
fc362aff0d889ec52d358307a70c32ed,2026-09-04T20:11:22Z,2026-09-13T17:00:00Z,Carolina Panthers,Chicago Bears,CAR,CHI,mybookieag,h2h,Carolina Panthers,125.0,
fc362aff0d889ec52d358307a70c32ed,2026-09-04T20:11:22Z,2026-09-13T17:00:00Z,Carolina Panthers,Chicago Bears,CAR,CHI,mybookieag,h2h,Chicago Bears,-160.0,
fc362aff0d889ec52d358307a70c32ed,2026-09-04T20:11:22Z,2026-09-13T17:00:00Z,Carolina Panthers,Chicago Bears,CAR,CHI,mybookieag,spreads,Carolina Panthers,-120.0,3.0
fc362aff0d889ec52d358307a70c32ed,2026-09-04T20:11:22Z,2026-09-13T17:00:00Z,Carolina Panthers,Chicago Bears,CAR,CHI,mybookieag,spreads,Chicago Bears,100.0,-3.0
fc362aff0d889ec52d358307a70c32ed,2026-09-04T20:11:22Z,2026-09-13T17:00:00Z,Carolina Panthers,Chicago Bears,CAR,CHI,mybookieag,totals,Over,-110.0,47.5
fc362aff0d889ec52d358307a70c32ed,2026-09-04T20:11:22Z,2026-09-13T17:00:00Z,Carolina Panthers,Chicago Bears,CAR,CHI,mybookieag,totals,Under,-110.0,47.5
ed6d24ff979f9c71979fead577b0b3f7,2026-09-04T20:11:22Z,2026-09-13T17:00:00Z,Cincinnati Bengals,Tampa Bay Buccaneers,CIN,TB,draftkings,h2h,Cincinnati Bengals,-205.0,
ed6d24ff979f9c71979fead577b0b3f7,2026-09-04T20:11:22Z,2026-09-13T17:00:00Z,Cincinnati Bengals,Tampa Bay Buccaneers,CIN,TB,draftkings,h2h,Tampa Bay Buccaneers,170.0,
ed6d24ff979f9c71979fead577b0b3f7,2026-09-04T20:11:22Z,2026-09-13T17:00:00Z,Cincinnati Bengals,Tampa Bay Buccaneers,CIN,TB,draftkings,spreads,Cincinnati Bengals,-115.0,-3.5
ed6d24ff979f9c71979fead577b0b3f7,2026-09-04T20:11:22Z,2026-09-13T17:00:00Z,Cincinnati Bengals,Tampa Bay Buccaneers,CIN,TB,draftkings,spreads,Tampa Bay Buccaneers,-105.0,3.5
ed6d24ff979f9c71979fead577b0b3f7,2026-09-04T20:11:22Z,2026-09-13T17:00:00Z,Cincinnati Bengals,Tampa Bay Buccaneers,CIN,TB,draftkings,totals,Over,-102.0,51.5
ed6d24ff979f9c71979fead577b0b3f7,2026-09-04T20:11:22Z,2026-09-13T17:00:00Z,Cincinnati Bengals,Tampa Bay Buccaneers,CIN,TB,draftkings,totals,Under,-118.0,51.5
ed6d24ff979f9c71979fead577b0b3f7,2026-09-04T20:11:22Z,2026-09-13T17:00:00Z,Cincinnati Bengals,Tampa Bay Buccaneers,CIN,TB,fanduel,h2h,Cincinnati Bengals,-205.0,
ed6d24ff979f9c71979fead577b0b3f7,2026-09-04T20:11:22Z,2026-09-13T17:00:00Z,Cincinnati Bengals,Tampa Bay Buccaneers,CIN,TB,fanduel,h2h,Tampa Bay Buccaneers,172.0,
ed6d24ff979f9c71979fead577b0b3f7,2026-09-04T20:11:22Z,2026-09-13T17:00:00Z,Cincinnati Bengals,Tampa Bay Buccaneers,CIN,TB,fanduel,spreads,Cincinnati Bengals,-115.0,-3.5
ed6d24ff979f9c71979fead577b0b3f7,2026-09-04T20:11:22Z,2026-09-13T17:00:00Z,Cincinnati Bengals,Tampa Bay Buccaneers,CIN,TB,fanduel,spreads,Tampa Bay Buccaneers,-105.0,3.5
ed6d24ff979f9c71979fead577b0b3f7,2026-09-04T20:11:22Z,2026-09-13T17:00:00Z,Cincinnati Bengals,Tampa Bay Buccaneers,CIN,TB,fanduel,totals,Over,-112.0,50.5
ed6d24ff979f9c71979fead577b0b3f7,2026-09-04T20:11:22Z,2026-09-13T17:00:00Z,Cincinnati Bengals,Tampa Bay Buccaneers,CIN,TB,fanduel,totals,Under,-108.0,50.5
ed6d24ff979f9c71979fead577b0b3f7,2026-09-04T20:11:22Z,2026-09-13T17:00:00Z,Cincinnati Bengals,Tampa Bay Buccaneers,CIN,TB,lowvig,h2h,Cincinnati Bengals,-210.0,
ed6d24ff979f9c71979fead577b0b3f7,2026-09-04T20:11:22Z,2026-09-13T17:00:00Z,Cincinnati Bengals,Tampa Bay Buccaneers,CIN,TB,lowvig,h2h,Tampa Bay Buccaneers,180.0,
ed6d24ff979f9c71979fead577b0b3f7,2026-09-04T20:11:22Z,2026-09-13T17:00:00Z,Cincinnati Bengals,Tampa Bay Buccaneers,CIN,TB,lowvig,spreads,Cincinnati Bengals,-102.0,-4.0
ed6d24ff979f9c71979fead577b0b3f7,2026-09-04T20:11:22Z,2026-09-13T17:00:00Z,Cincinnati Bengals,Tampa Bay Buccaneers,CIN,TB,lowvig,spreads,Tampa Bay Buccaneers,-108.0,4.0
ed6d24ff979f9c71979fead577b0b3f7,2026-09-04T20:11:22Z,2026-09-13T17:00:00Z,Cincinnati Bengals,Tampa Bay Buccaneers,CIN,TB,lowvig,totals,Over,-102.0,50.5
ed6d24ff979f9c71979fead577b0b3f7,2026-09-04T20:11:22Z,2026-09-13T17:00:00Z,Cincinnati Bengals,Tampa Bay Buccaneers,CIN,TB,lowvig,totals,Under,-113.0,50.5
ed6d24ff979f9c71979fead577b0b3f7,2026-09-04T20:11:22Z,2026-09-13T17:00:00Z,Cincinnati Bengals,Tampa Bay Buccaneers,CIN,TB,betus,h2h,Cincinnati Bengals,-210.0,
ed6d24ff979f9c71979fead577b0b3f7,2026-09-04T20:11:22Z,2026-09-13T17:00:00Z,Cincinnati Bengals,Tampa Bay Buccaneers,CIN,TB,betus,h2h,Tampa Bay Buccaneers,180.0,
ed6d24ff979f9c71979fead577b0b3f7,2026-09-04T20:11:22Z,2026-09-13T17:00:00Z,Cincinnati Bengals,Tampa Bay Buccaneers,CIN,TB,betus,spreads,Cincinnati Bengals,-110.0,-4.0
ed6d24ff979f9c71979fead577b0b3f7,2026-09-04T20:11:22Z,2026-09-13T17:00:00Z,Cincinnati Bengals,Tampa Bay Buccaneers,CIN,TB,betus,spreads,Tampa Bay Buccaneers,-110.0,4.0
ed6d24ff979f9c71979fead577b0b3f7,2026-09-04T20:11:22Z,2026-09-13T17:00:00Z,Cincinnati Bengals,Tampa Bay Buccaneers,CIN,TB,betus,totals,Over,-105.0,50.5
ed6d24ff979f9c71979fead577b0b3f7,2026-09-04T20:11:22Z,2026-09-13T17:00:00Z,Cincinnati Bengals,Tampa Bay Buccaneers,CIN,TB,betus,totals,Under,-115.0,50.5
ed6d24ff979f9c71979fead577b0b3f7,2026-09-04T20:11:22Z,2026-09-13T17:00:00Z,Cincinnati Bengals,Tampa Bay Buccaneers,CIN,TB,betonlineag,h2h,Cincinnati Bengals,-210.0,
ed6d24ff979f9c71979fead577b0b3f7,2026-09-04T20:11:22Z,2026-09-13T17:00:00Z,Cincinnati Bengals,Tampa Bay Buccaneers,CIN,TB,betonlineag,h2h,Tampa Bay Buccaneers,180.0,
ed6d24ff979f9c71979fead577b0b3f7,2026-09-04T20:11:22Z,2026-09-13T17:00:00Z,Cincinnati Bengals,Tampa Bay Buccaneers,CIN,TB,betonlineag,spreads,Cincinnati Bengals,-107.0,-4.0
ed6d24ff979f9c71979fead577b0b3f7,2026-09-04T20:11:22Z,2026-09-13T17:00:00Z,Cincinnati Bengals,Tampa Bay Buccaneers,CIN,TB,betonlineag,spreads,Tampa Bay Buccaneers,-113.0,4.0
ed6d24ff979f9c71979fead577b0b3f7,2026-09-04T20:11:22Z,2026-09-13T17:00:00Z,Cincinnati Bengals,Tampa Bay Buccaneers,CIN,TB,betonlineag,totals,Over,-105.0,50.5
ed6d24ff979f9c71979fead577b0b3f7,2026-09-04T20:11:22Z,2026-09-13T17:00:00Z,Cincinnati Bengals,Tampa Bay Buccaneers,CIN,TB,betonlineag,totals,Under,-115.0,50.5
ed6d24ff979f9c71979fead577b0b3f7,2026-09-04T20:11:22Z,2026-09-13T17:00:00Z,Cincinnati Bengals,Tampa Bay Buccaneers,CIN,TB,betrivers,h2h,Cincinnati Bengals,-205.0,
ed6d24ff979f9c71979fead577b0b3f7,2026-09-04T20:11:22Z,2026-09-13T17:00:00Z,Cincinnati Bengals,Tampa Bay Buccaneers,CIN,TB,betrivers,h2h,Tampa Bay Buccaneers,163.0,
ed6d24ff979f9c71979fead577b0b3f7,2026-09-04T20:11:22Z,2026-09-13T17:00:00Z,Cincinnati Bengals,Tampa Bay Buccaneers,CIN,TB,betrivers,spreads,Cincinnati Bengals,-113.0,-3.5
ed6d24ff979f9c71979fead577b0b3f7,2026-09-04T20:11:22Z,2026-09-13T17:00:00Z,Cincinnati Bengals,Tampa Bay Buccaneers,CIN,TB,betrivers,spreads,Tampa Bay Buccaneers,-108.0,3.5
ed6d24ff979f9c71979fead577b0b3f7,2026-09-04T20:11:22Z,2026-09-13T17:00:00Z,Cincinnati Bengals,Tampa Bay Buccaneers,CIN,TB,betrivers,totals,Over,-112.0,50.5
ed6d24ff979f9c71979fead577b0b3f7,2026-09-04T20:11:22Z,2026-09-13T17:00:00Z,Cincinnati Bengals,Tampa Bay Buccaneers,CIN,TB,betrivers,totals,Under,-109.0,50.5
ed6d24ff979f9c71979fead577b0b3f7,2026-09-04T20:11:22Z,2026-09-13T17:00:00Z,Cincinnati Bengals,Tampa Bay Buccaneers,CIN,TB,betmgm,h2h,Cincinnati Bengals,-210.0,
ed6d24ff979f9c71979fead577b0b3f7,2026-09-04T20:11:22Z,2026-09-13T17:00:00Z,Cincinnati Bengals,Tampa Bay Buccaneers,CIN,TB,betmgm,h2h,Tampa Bay Buccaneers,170.0,
ed6d24ff979f9c71979fead577b0b3f7,2026-09-04T20:11:22Z,2026-09-13T17:00:00Z,Cincinnati Bengals,Tampa Bay Buccaneers,CIN,TB,betmgm,spreads,Cincinnati Bengals,-108.0,-4.0
ed6d24ff979f9c71979fead577b0b3f7,2026-09-04T20:11:22Z,2026-09-13T17:00:00Z,Cincinnati Bengals,Tampa Bay Buccaneers,CIN,TB,betmgm,spreads,Tampa Bay Buccaneers,-110.0,4.0
ed6d24ff979f9c71979fead577b0b3f7,2026-09-04T20:11:22Z,2026-09-13T17:00:00Z,Cincinnati Bengals,Tampa Bay Buccaneers,CIN,TB,betmgm,totals,Over,-112.0,50.5
ed6d24ff979f9c71979fead577b0b3f7,2026-09-04T20:11:22Z,2026-09-13T17:00:00Z,Cincinnati Bengals,Tampa Bay Buccaneers,CIN,TB,betmgm,totals,Under,-108.0,50.5
ed6d24ff979f9c71979fead577b0b3f7,2026-09-04T20:11:22Z,2026-09-13T17:00:00Z,Cincinnati Bengals,Tampa Bay Buccaneers,CIN,TB,bovada,h2h,Cincinnati Bengals,-220.0,
ed6d24ff979f9c71979fead577b0b3f7,2026-09-04T20:11:22Z,2026-09-13T17:00:00Z,Cincinnati Bengals,Tampa Bay Buccaneers,CIN,TB,bovada,h2h,Tampa Bay Buccaneers,180.0,
ed6d24ff979f9c71979fead577b0b3f7,2026-09-04T20:11:22Z,2026-09-13T17:00:00Z,Cincinnati Bengals,Tampa Bay Buccaneers,CIN,TB,bovada,spreads,Cincinnati Bengals,-110.0,-4.0
ed6d24ff979f9c71979fead577b0b3f7,2026-09-04T20:11:22Z,2026-09-13T17:00:00Z,Cincinnati Bengals,Tampa Bay Buccaneers,CIN,TB,bovada,spreads,Tampa Bay Buccaneers,-110.0,4.0
ed6d24ff979f9c71979fead577b0b3f7,2026-09-04T20:11:22Z,2026-09-13T17:00:00Z,Cincinnati Bengals,Tampa Bay Buccaneers,CIN,TB,bovada,totals,Over,-115.0,50.5
ed6d24ff979f9c71979fead577b0b3f7,2026-09-04T20:11:22Z,2026-09-13T17:00:00Z,Cincinnati Bengals,Tampa Bay Buccaneers,CIN,TB,bovada,totals,Under,-105.0,50.5
ed6d24ff979f9c71979fead577b0b3f7,2026-09-04T20:11:22Z,2026-09-13T17:00:00Z,Cincinnati Bengals,Tampa Bay Buccaneers,CIN,TB,mybookieag,h2h,Cincinnati Bengals,-216.0,
ed6d24ff979f9c71979fead577b0b3f7,2026-09-04T20:11:22Z,2026-09-13T17:00:00Z,Cincinnati Bengals,Tampa Bay Buccaneers,CIN,TB,mybookieag,h2h,Tampa Bay Buccaneers,166.0,
ed6d24ff979f9c71979fead577b0b3f7,2026-09-04T20:11:22Z,2026-09-13T17:00:00Z,Cincinnati Bengals,Tampa Bay Buccaneers,CIN,TB,mybookieag,spreads,Cincinnati Bengals,-110.0,-4.0
ed6d24ff979f9c71979fead577b0b3f7,2026-09-04T20:11:22Z,2026-09-13T17:00:00Z,Cincinnati Bengals,Tampa Bay Buccaneers,CIN,TB,mybookieag,spreads,Tampa Bay Buccaneers,-110.0,4.0
ed6d24ff979f9c71979fead577b0b3f7,2026-09-04T20:11:22Z,2026-09-13T17:00:00Z,Cincinnati Bengals,Tampa Bay Buccaneers,CIN,TB,mybookieag,totals,Over,-110.0,50.5
ed6d24ff979f9c71979fead577b0b3f7,2026-09-04T20:11:22Z,2026-09-13T17:00:00Z,Cincinnati Bengals,Tampa Bay Buccaneers,CIN,TB,mybookieag,totals,Under,-110.0,50.5
e55c6fe19fce094ce214c8b0e5b504e9,2026-09-04T20:11:22Z,2026-09-13T17:00:00Z,Jacksonville Jaguars,Cleveland Browns,JAX,CLE,draftkings,h2h,Cleveland Browns,320.0,
e55c6fe19fce094ce214c8b0e5b504e9,2026-09-04T20:11:22Z,2026-09-13T17:00:00Z,Jacksonville Jaguars,Cleveland Browns,JAX,CLE,draftkings,h2h,Jacksonville Jaguars,-410.0,
e55c6fe19fce094ce214c8b0e5b504e9,2026-09-04T20:11:22Z,2026-09-13T17:00:00Z,Jacksonville Jaguars,Cleveland Browns,JAX,CLE,draftkings,spreads,Cleveland Browns,-110.0,7.5
e55c6fe19fce094ce214c8b0e5b504e9,2026-09-04T20:11:22Z,2026-09-13T17:00:00Z,Jacksonville Jaguars,Cleveland Browns,JAX,CLE,draftkings,spreads,Jacksonville Jaguars,-110.0,-7.5
e55c6fe19fce094ce214c8b0e5b504e9,2026-09-04T20:11:22Z,2026-09-13T17:00:00Z,Jacksonville Jaguars,Cleveland Browns,JAX,CLE,draftkings,totals,Over,-110.0,40.5
e55c6fe19fce094ce214c8b0e5b504e9,2026-09-04T20:11:22Z,2026-09-13T17:00:00Z,Jacksonville Jaguars,Cleveland Browns,JAX,CLE,draftkings,totals,Under,-110.0,40.5
e55c6fe19fce094ce214c8b0e5b504e9,2026-09-04T20:11:22Z,2026-09-13T17:00:00Z,Jacksonville Jaguars,Cleveland Browns,JAX,CLE,fanduel,h2h,Cleveland Browns,315.0,
e55c6fe19fce094ce214c8b0e5b504e9,2026-09-04T20:11:22Z,2026-09-13T17:00:00Z,Jacksonville Jaguars,Cleveland Browns,JAX,CLE,fanduel,h2h,Jacksonville Jaguars,-400.0,
e55c6fe19fce094ce214c8b0e5b504e9,2026-09-04T20:11:22Z,2026-09-13T17:00:00Z,Jacksonville Jaguars,Cleveland Browns,JAX,CLE,fanduel,spreads,Cleveland Browns,-105.0,7.5
e55c6fe19fce094ce214c8b0e5b504e9,2026-09-04T20:11:22Z,2026-09-13T17:00:00Z,Jacksonville Jaguars,Cleveland Browns,JAX,CLE,fanduel,spreads,Jacksonville Jaguars,-115.0,-7.5
e55c6fe19fce094ce214c8b0e5b504e9,2026-09-04T20:11:22Z,2026-09-13T17:00:00Z,Jacksonville Jaguars,Cleveland Browns,JAX,CLE,fanduel,totals,Over,-110.0,40.5
e55c6fe19fce094ce214c8b0e5b504e9,2026-09-04T20:11:22Z,2026-09-13T17:00:00Z,Jacksonville Jaguars,Cleveland Browns,JAX,CLE,fanduel,totals,Under,-110.0,40.5
e55c6fe19fce094ce214c8b0e5b504e9,2026-09-04T20:11:22Z,2026-09-13T17:00:00Z,Jacksonville Jaguars,Cleveland Browns,JAX,CLE,betus,h2h,Cleveland Browns,312.0,
e55c6fe19fce094ce214c8b0e5b504e9,2026-09-04T20:11:22Z,2026-09-13T17:00:00Z,Jacksonville Jaguars,Cleveland Browns,JAX,CLE,betus,h2h,Jacksonville Jaguars,-390.0,
e55c6fe19fce094ce214c8b0e5b504e9,2026-09-04T20:11:22Z,2026-09-13T17:00:00Z,Jacksonville Jaguars,Cleveland Browns,JAX,CLE,betus,spreads,Cleveland Browns,-125.0,9.0
e55c6fe19fce094ce214c8b0e5b504e9,2026-09-04T20:11:22Z,2026-09-13T17:00:00Z,Jacksonville Jaguars,Cleveland Browns,JAX,CLE,betus,spreads,Jacksonville Jaguars,105.0,-9.0
e55c6fe19fce094ce214c8b0e5b504e9,2026-09-04T20:11:22Z,2026-09-13T17:00:00Z,Jacksonville Jaguars,Cleveland Browns,JAX,CLE,betus,totals,Over,-110.0,40.5
e55c6fe19fce094ce214c8b0e5b504e9,2026-09-04T20:11:22Z,2026-09-13T17:00:00Z,Jacksonville Jaguars,Cleveland Browns,JAX,CLE,betus,totals,Under,-110.0,40.5
e55c6fe19fce094ce214c8b0e5b504e9,2026-09-04T20:11:22Z,2026-09-13T17:00:00Z,Jacksonville Jaguars,Cleveland Browns,JAX,CLE,betrivers,h2h,Cleveland Browns,300.0,
e55c6fe19fce094ce214c8b0e5b504e9,2026-09-04T20:11:22Z,2026-09-13T17:00:00Z,Jacksonville Jaguars,Cleveland Browns,JAX,CLE,betrivers,h2h,Jacksonville Jaguars,-400.0,
e55c6fe19fce094ce214c8b0e5b504e9,2026-09-04T20:11:22Z,2026-09-13T17:00:00Z,Jacksonville Jaguars,Cleveland Browns,JAX,CLE,betrivers,spreads,Cleveland Browns,-114.0,8.5
e55c6fe19fce094ce214c8b0e5b504e9,2026-09-04T20:11:22Z,2026-09-13T17:00:00Z,Jacksonville Jaguars,Cleveland Browns,JAX,CLE,betrivers,spreads,Jacksonville Jaguars,-107.0,-8.5
e55c6fe19fce094ce214c8b0e5b504e9,2026-09-04T20:11:22Z,2026-09-13T17:00:00Z,Jacksonville Jaguars,Cleveland Browns,JAX,CLE,betrivers,totals,Over,-113.0,40.5
e55c6fe19fce094ce214c8b0e5b504e9,2026-09-04T20:11:22Z,2026-09-13T17:00:00Z,Jacksonville Jaguars,Cleveland Browns,JAX,CLE,betrivers,totals,Under,-108.0,40.5
e55c6fe19fce094ce214c8b0e5b504e9,2026-09-04T20:11:22Z,2026-09-13T17:00:00Z,Jacksonville Jaguars,Cleveland Browns,JAX,CLE,betonlineag,h2h,Cleveland Browns,310.0,
e55c6fe19fce094ce214c8b0e5b504e9,2026-09-04T20:11:22Z,2026-09-13T17:00:00Z,Jacksonville Jaguars,Cleveland Browns,JAX,CLE,betonlineag,h2h,Jacksonville Jaguars,-390.0,
e55c6fe19fce094ce214c8b0e5b504e9,2026-09-04T20:11:22Z,2026-09-13T17:00:00Z,Jacksonville Jaguars,Cleveland Browns,JAX,CLE,betonlineag,spreads,Cleveland Browns,-113.0,8.0
e55c6fe19fce094ce214c8b0e5b504e9,2026-09-04T20:11:22Z,2026-09-13T17:00:00Z,Jacksonville Jaguars,Cleveland Browns,JAX,CLE,betonlineag,spreads,Jacksonville Jaguars,-107.0,-8.0
e55c6fe19fce094ce214c8b0e5b504e9,2026-09-04T20:11:22Z,2026-09-13T17:00:00Z,Jacksonville Jaguars,Cleveland Browns,JAX,CLE,betonlineag,totals,Over,-110.0,40.5
e55c6fe19fce094ce214c8b0e5b504e9,2026-09-04T20:11:22Z,2026-09-13T17:00:00Z,Jacksonville Jaguars,Cleveland Browns,JAX,CLE,betonlineag,totals,Under,-110.0,40.5
e55c6fe19fce094ce214c8b0e5b504e9,2026-09-04T20:11:22Z,2026-09-13T17:00:00Z,Jacksonville Jaguars,Cleveland Browns,JAX,CLE,lowvig,h2h,Cleveland Browns,310.0,
e55c6fe19fce094ce214c8b0e5b504e9,2026-09-04T20:11:22Z,2026-09-13T17:00:00Z,Jacksonville Jaguars,Cleveland Browns,JAX,CLE,lowvig,h2h,Jacksonville Jaguars,-390.0,
e55c6fe19fce094ce214c8b0e5b504e9,2026-09-04T20:11:22Z,2026-09-13T17:00:00Z,Jacksonville Jaguars,Cleveland Browns,JAX,CLE,lowvig,spreads,Cleveland Browns,-108.0,8.0
e55c6fe19fce094ce214c8b0e5b504e9,2026-09-04T20:11:22Z,2026-09-13T17:00:00Z,Jacksonville Jaguars,Cleveland Browns,JAX,CLE,lowvig,spreads,Jacksonville Jaguars,-102.0,-8.0
e55c6fe19fce094ce214c8b0e5b504e9,2026-09-04T20:11:22Z,2026-09-13T17:00:00Z,Jacksonville Jaguars,Cleveland Browns,JAX,CLE,lowvig,totals,Over,-107.0,40.5
e55c6fe19fce094ce214c8b0e5b504e9,2026-09-04T20:11:22Z,2026-09-13T17:00:00Z,Jacksonville Jaguars,Cleveland Browns,JAX,CLE,lowvig,totals,Under,-107.0,40.5
e55c6fe19fce094ce214c8b0e5b504e9,2026-09-04T20:11:22Z,2026-09-13T17:00:00Z,Jacksonville Jaguars,Cleveland Browns,JAX,CLE,betmgm,h2h,Cleveland Browns,320.0,
e55c6fe19fce094ce214c8b0e5b504e9,2026-09-04T20:11:22Z,2026-09-13T17:00:00Z,Jacksonville Jaguars,Cleveland Browns,JAX,CLE,betmgm,h2h,Jacksonville Jaguars,-400.0,
e55c6fe19fce094ce214c8b0e5b504e9,2026-09-04T20:11:22Z,2026-09-13T17:00:00Z,Jacksonville Jaguars,Cleveland Browns,JAX,CLE,betmgm,spreads,Cleveland Browns,-110.0,8.0
e55c6fe19fce094ce214c8b0e5b504e9,2026-09-04T20:11:22Z,2026-09-13T17:00:00Z,Jacksonville Jaguars,Cleveland Browns,JAX,CLE,betmgm,spreads,Jacksonville Jaguars,-108.0,-8.0
e55c6fe19fce094ce214c8b0e5b504e9,2026-09-04T20:11:22Z,2026-09-13T17:00:00Z,Jacksonville Jaguars,Cleveland Browns,JAX,CLE,betmgm,totals,Over,-110.0,40.5
e55c6fe19fce094ce214c8b0e5b504e9,2026-09-04T20:11:22Z,2026-09-13T17:00:00Z,Jacksonville Jaguars,Cleveland Browns,JAX,CLE,betmgm,totals,Under,-108.0,40.5
e55c6fe19fce094ce214c8b0e5b504e9,2026-09-04T20:11:22Z,2026-09-13T17:00:00Z,Jacksonville Jaguars,Cleveland Browns,JAX,CLE,bovada,h2h,Cleveland Browns,305.0,
e55c6fe19fce094ce214c8b0e5b504e9,2026-09-04T20:11:22Z,2026-09-13T17:00:00Z,Jacksonville Jaguars,Cleveland Browns,JAX,CLE,bovada,h2h,Jacksonville Jaguars,-410.0,
e55c6fe19fce094ce214c8b0e5b504e9,2026-09-04T20:11:22Z,2026-09-13T17:00:00Z,Jacksonville Jaguars,Cleveland Browns,JAX,CLE,bovada,spreads,Cleveland Browns,-120.0,8.5
e55c6fe19fce094ce214c8b0e5b504e9,2026-09-04T20:11:22Z,2026-09-13T17:00:00Z,Jacksonville Jaguars,Cleveland Browns,JAX,CLE,bovada,spreads,Jacksonville Jaguars,100.0,-8.5
e55c6fe19fce094ce214c8b0e5b504e9,2026-09-04T20:11:22Z,2026-09-13T17:00:00Z,Jacksonville Jaguars,Cleveland Browns,JAX,CLE,bovada,totals,Over,-110.0,40.5
e55c6fe19fce094ce214c8b0e5b504e9,2026-09-04T20:11:22Z,2026-09-13T17:00:00Z,Jacksonville Jaguars,Cleveland Browns,JAX,CLE,bovada,totals,Under,-110.0,40.5
e55c6fe19fce094ce214c8b0e5b504e9,2026-09-04T20:11:22Z,2026-09-13T17:00:00Z,Jacksonville Jaguars,Cleveland Browns,JAX,CLE,mybookieag,h2h,Cleveland Browns,320.0,
e55c6fe19fce094ce214c8b0e5b504e9,2026-09-04T20:11:22Z,2026-09-13T17:00:00Z,Jacksonville Jaguars,Cleveland Browns,JAX,CLE,mybookieag,h2h,Jacksonville Jaguars,-461.0,
e55c6fe19fce094ce214c8b0e5b504e9,2026-09-04T20:11:22Z,2026-09-13T17:00:00Z,Jacksonville Jaguars,Cleveland Browns,JAX,CLE,mybookieag,spreads,Cleveland Browns,-110.0,8.0
e55c6fe19fce094ce214c8b0e5b504e9,2026-09-04T20:11:22Z,2026-09-13T17:00:00Z,Jacksonville Jaguars,Cleveland Browns,JAX,CLE,mybookieag,spreads,Jacksonville Jaguars,-110.0,-8.0
e55c6fe19fce094ce214c8b0e5b504e9,2026-09-04T20:11:22Z,2026-09-13T17:00:00Z,Jacksonville Jaguars,Cleveland Browns,JAX,CLE,mybookieag,totals,Over,-110.0,40.5
e55c6fe19fce094ce214c8b0e5b504e9,2026-09-04T20:11:22Z,2026-09-13T17:00:00Z,Jacksonville Jaguars,Cleveland Browns,JAX,CLE,mybookieag,totals,Under,-110.0,40.5
c1d3fcec25aaeb06ebd2244d33d338e0,2026-09-04T20:11:22Z,2026-09-13T17:00:00Z,Detroit Lions,New Orleans Saints,DET,NO,draftkings,h2h,Detroit Lions,-310.0,
c1d3fcec25aaeb06ebd2244d33d338e0,2026-09-04T20:11:22Z,2026-09-13T17:00:00Z,Detroit Lions,New Orleans Saints,DET,NO,draftkings,h2h,New Orleans Saints,250.0,
c1d3fcec25aaeb06ebd2244d33d338e0,2026-09-04T20:11:22Z,2026-09-13T17:00:00Z,Detroit Lions,New Orleans Saints,DET,NO,draftkings,spreads,Detroit Lions,-110.0,-7.0
c1d3fcec25aaeb06ebd2244d33d338e0,2026-09-04T20:11:22Z,2026-09-13T17:00:00Z,Detroit Lions,New Orleans Saints,DET,NO,draftkings,spreads,New Orleans Saints,-110.0,7.0
c1d3fcec25aaeb06ebd2244d33d338e0,2026-09-04T20:11:22Z,2026-09-13T17:00:00Z,Detroit Lions,New Orleans Saints,DET,NO,draftkings,totals,Over,-115.0,49.5
c1d3fcec25aaeb06ebd2244d33d338e0,2026-09-04T20:11:22Z,2026-09-13T17:00:00Z,Detroit Lions,New Orleans Saints,DET,NO,draftkings,totals,Under,-105.0,49.5
c1d3fcec25aaeb06ebd2244d33d338e0,2026-09-04T20:11:22Z,2026-09-13T17:00:00Z,Detroit Lions,New Orleans Saints,DET,NO,fanduel,h2h,Detroit Lions,-335.0,
c1d3fcec25aaeb06ebd2244d33d338e0,2026-09-04T20:11:22Z,2026-09-13T17:00:00Z,Detroit Lions,New Orleans Saints,DET,NO,fanduel,h2h,New Orleans Saints,270.0,
c1d3fcec25aaeb06ebd2244d33d338e0,2026-09-04T20:11:22Z,2026-09-13T17:00:00Z,Detroit Lions,New Orleans Saints,DET,NO,fanduel,spreads,Detroit Lions,-122.0,-6.5
c1d3fcec25aaeb06ebd2244d33d338e0,2026-09-04T20:11:22Z,2026-09-13T17:00:00Z,Detroit Lions,New Orleans Saints,DET,NO,fanduel,spreads,New Orleans Saints,100.0,6.5
c1d3fcec25aaeb06ebd2244d33d338e0,2026-09-04T20:11:22Z,2026-09-13T17:00:00Z,Detroit Lions,New Orleans Saints,DET,NO,fanduel,totals,Over,-115.0,49.5
c1d3fcec25aaeb06ebd2244d33d338e0,2026-09-04T20:11:22Z,2026-09-13T17:00:00Z,Detroit Lions,New Orleans Saints,DET,NO,fanduel,totals,Under,-105.0,49.5
c1d3fcec25aaeb06ebd2244d33d338e0,2026-09-04T20:11:22Z,2026-09-13T17:00:00Z,Detroit Lions,New Orleans Saints,DET,NO,lowvig,h2h,Detroit Lions,-305.0,
c1d3fcec25aaeb06ebd2244d33d338e0,2026-09-04T20:11:22Z,2026-09-13T17:00:00Z,Detroit Lions,New Orleans Saints,DET,NO,lowvig,h2h,New Orleans Saints,249.0,
c1d3fcec25aaeb06ebd2244d33d338e0,2026-09-04T20:11:22Z,2026-09-13T17:00:00Z,Detroit Lions,New Orleans Saints,DET,NO,lowvig,spreads,Detroit Lions,101.0,-7.0
c1d3fcec25aaeb06ebd2244d33d338e0,2026-09-04T20:11:22Z,2026-09-13T17:00:00Z,Detroit Lions,New Orleans Saints,DET,NO,lowvig,spreads,New Orleans Saints,-112.0,7.0
c1d3fcec25aaeb06ebd2244d33d338e0,2026-09-04T20:11:22Z,2026-09-13T17:00:00Z,Detroit Lions,New Orleans Saints,DET,NO,lowvig,totals,Over,-107.0,50.0
c1d3fcec25aaeb06ebd2244d33d338e0,2026-09-04T20:11:22Z,2026-09-13T17:00:00Z,Detroit Lions,New Orleans Saints,DET,NO,lowvig,totals,Under,-107.0,50.0
c1d3fcec25aaeb06ebd2244d33d338e0,2026-09-04T20:11:22Z,2026-09-13T17:00:00Z,Detroit Lions,New Orleans Saints,DET,NO,betonlineag,h2h,Detroit Lions,-305.0,
c1d3fcec25aaeb06ebd2244d33d338e0,2026-09-04T20:11:22Z,2026-09-13T17:00:00Z,Detroit Lions,New Orleans Saints,DET,NO,betonlineag,h2h,New Orleans Saints,249.0,
c1d3fcec25aaeb06ebd2244d33d338e0,2026-09-04T20:11:22Z,2026-09-13T17:00:00Z,Detroit Lions,New Orleans Saints,DET,NO,betonlineag,spreads,Detroit Lions,-104.0,-7.0
c1d3fcec25aaeb06ebd2244d33d338e0,2026-09-04T20:11:22Z,2026-09-13T17:00:00Z,Detroit Lions,New Orleans Saints,DET,NO,betonlineag,spreads,New Orleans Saints,-116.0,7.0
c1d3fcec25aaeb06ebd2244d33d338e0,2026-09-04T20:11:22Z,2026-09-13T17:00:00Z,Detroit Lions,New Orleans Saints,DET,NO,betonlineag,totals,Over,-110.0,50.0
c1d3fcec25aaeb06ebd2244d33d338e0,2026-09-04T20:11:22Z,2026-09-13T17:00:00Z,Detroit Lions,New Orleans Saints,DET,NO,betonlineag,totals,Under,-110.0,50.0
c1d3fcec25aaeb06ebd2244d33d338e0,2026-09-04T20:11:22Z,2026-09-13T17:00:00Z,Detroit Lions,New Orleans Saints,DET,NO,betus,h2h,Detroit Lions,-305.0,
c1d3fcec25aaeb06ebd2244d33d338e0,2026-09-04T20:11:22Z,2026-09-13T17:00:00Z,Detroit Lions,New Orleans Saints,DET,NO,betus,h2h,New Orleans Saints,253.0,
c1d3fcec25aaeb06ebd2244d33d338e0,2026-09-04T20:11:22Z,2026-09-13T17:00:00Z,Detroit Lions,New Orleans Saints,DET,NO,betus,spreads,Detroit Lions,-105.0,-7.0
c1d3fcec25aaeb06ebd2244d33d338e0,2026-09-04T20:11:22Z,2026-09-13T17:00:00Z,Detroit Lions,New Orleans Saints,DET,NO,betus,spreads,New Orleans Saints,-115.0,7.0
c1d3fcec25aaeb06ebd2244d33d338e0,2026-09-04T20:11:22Z,2026-09-13T17:00:00Z,Detroit Lions,New Orleans Saints,DET,NO,betus,totals,Over,-110.0,50.0
c1d3fcec25aaeb06ebd2244d33d338e0,2026-09-04T20:11:22Z,2026-09-13T17:00:00Z,Detroit Lions,New Orleans Saints,DET,NO,betus,totals,Under,-110.0,50.0
c1d3fcec25aaeb06ebd2244d33d338e0,2026-09-04T20:11:22Z,2026-09-13T17:00:00Z,Detroit Lions,New Orleans Saints,DET,NO,betrivers,h2h,Detroit Lions,-345.0,
c1d3fcec25aaeb06ebd2244d33d338e0,2026-09-04T20:11:22Z,2026-09-13T17:00:00Z,Detroit Lions,New Orleans Saints,DET,NO,betrivers,h2h,New Orleans Saints,265.0,
c1d3fcec25aaeb06ebd2244d33d338e0,2026-09-04T20:11:22Z,2026-09-13T17:00:00Z,Detroit Lions,New Orleans Saints,DET,NO,betrivers,spreads,Detroit Lions,-112.0,-7.0
c1d3fcec25aaeb06ebd2244d33d338e0,2026-09-04T20:11:22Z,2026-09-13T17:00:00Z,Detroit Lions,New Orleans Saints,DET,NO,betrivers,spreads,New Orleans Saints,-109.0,7.0
c1d3fcec25aaeb06ebd2244d33d338e0,2026-09-04T20:11:22Z,2026-09-13T17:00:00Z,Detroit Lions,New Orleans Saints,DET,NO,betrivers,totals,Over,-107.0,50.5
c1d3fcec25aaeb06ebd2244d33d338e0,2026-09-04T20:11:22Z,2026-09-13T17:00:00Z,Detroit Lions,New Orleans Saints,DET,NO,betrivers,totals,Under,-114.0,50.5
c1d3fcec25aaeb06ebd2244d33d338e0,2026-09-04T20:11:22Z,2026-09-13T17:00:00Z,Detroit Lions,New Orleans Saints,DET,NO,betmgm,h2h,Detroit Lions,-300.0,
c1d3fcec25aaeb06ebd2244d33d338e0,2026-09-04T20:11:22Z,2026-09-13T17:00:00Z,Detroit Lions,New Orleans Saints,DET,NO,betmgm,h2h,New Orleans Saints,250.0,
c1d3fcec25aaeb06ebd2244d33d338e0,2026-09-04T20:11:22Z,2026-09-13T17:00:00Z,Detroit Lions,New Orleans Saints,DET,NO,betmgm,spreads,Detroit Lions,-108.0,-7.0
c1d3fcec25aaeb06ebd2244d33d338e0,2026-09-04T20:11:22Z,2026-09-13T17:00:00Z,Detroit Lions,New Orleans Saints,DET,NO,betmgm,spreads,New Orleans Saints,-110.0,7.0
c1d3fcec25aaeb06ebd2244d33d338e0,2026-09-04T20:11:22Z,2026-09-13T17:00:00Z,Detroit Lions,New Orleans Saints,DET,NO,betmgm,totals,Over,-108.0,50.0
c1d3fcec25aaeb06ebd2244d33d338e0,2026-09-04T20:11:22Z,2026-09-13T17:00:00Z,Detroit Lions,New Orleans Saints,DET,NO,betmgm,totals,Under,-110.0,50.0
c1d3fcec25aaeb06ebd2244d33d338e0,2026-09-04T20:11:22Z,2026-09-13T17:00:00Z,Detroit Lions,New Orleans Saints,DET,NO,bovada,h2h,Detroit Lions,-330.0,
c1d3fcec25aaeb06ebd2244d33d338e0,2026-09-04T20:11:22Z,2026-09-13T17:00:00Z,Detroit Lions,New Orleans Saints,DET,NO,bovada,h2h,New Orleans Saints,265.0,
c1d3fcec25aaeb06ebd2244d33d338e0,2026-09-04T20:11:22Z,2026-09-13T17:00:00Z,Detroit Lions,New Orleans Saints,DET,NO,bovada,spreads,Detroit Lions,-105.0,-7.0
c1d3fcec25aaeb06ebd2244d33d338e0,2026-09-04T20:11:22Z,2026-09-13T17:00:00Z,Detroit Lions,New Orleans Saints,DET,NO,bovada,spreads,New Orleans Saints,-115.0,7.0
c1d3fcec25aaeb06ebd2244d33d338e0,2026-09-04T20:11:22Z,2026-09-13T17:00:00Z,Detroit Lions,New Orleans Saints,DET,NO,bovada,totals,Over,-105.0,50.0
c1d3fcec25aaeb06ebd2244d33d338e0,2026-09-04T20:11:22Z,2026-09-13T17:00:00Z,Detroit Lions,New Orleans Saints,DET,NO,bovada,totals,Under,-115.0,50.0
c1d3fcec25aaeb06ebd2244d33d338e0,2026-09-04T20:11:22Z,2026-09-13T17:00:00Z,Detroit Lions,New Orleans Saints,DET,NO,mybookieag,h2h,Detroit Lions,-330.0,
c1d3fcec25aaeb06ebd2244d33d338e0,2026-09-04T20:11:22Z,2026-09-13T17:00:00Z,Detroit Lions,New Orleans Saints,DET,NO,mybookieag,h2h,New Orleans Saints,240.0,
c1d3fcec25aaeb06ebd2244d33d338e0,2026-09-04T20:11:22Z,2026-09-13T17:00:00Z,Detroit Lions,New Orleans Saints,DET,NO,mybookieag,spreads,Detroit Lions,-110.0,-7.0
c1d3fcec25aaeb06ebd2244d33d338e0,2026-09-04T20:11:22Z,2026-09-13T17:00:00Z,Detroit Lions,New Orleans Saints,DET,NO,mybookieag,spreads,New Orleans Saints,-110.0,7.0
c1d3fcec25aaeb06ebd2244d33d338e0,2026-09-04T20:11:22Z,2026-09-13T17:00:00Z,Detroit Lions,New Orleans Saints,DET,NO,mybookieag,totals,Over,-110.0,50.0
c1d3fcec25aaeb06ebd2244d33d338e0,2026-09-04T20:11:22Z,2026-09-13T17:00:00Z,Detroit Lions,New Orleans Saints,DET,NO,mybookieag,totals,Under,-110.0,50.0
7dddb296a42e7a41a774b24bd1709ce1,2026-09-04T20:11:22Z,2026-09-13T17:00:00Z,Tennessee Titans,New York Jets,TEN,NYJ,draftkings,h2h,New York Jets,110.0,
7dddb296a42e7a41a774b24bd1709ce1,2026-09-04T20:11:22Z,2026-09-13T17:00:00Z,Tennessee Titans,New York Jets,TEN,NYJ,draftkings,h2h,Tennessee Titans,-130.0,
7dddb296a42e7a41a774b24bd1709ce1,2026-09-04T20:11:22Z,2026-09-13T17:00:00Z,Tennessee Titans,New York Jets,TEN,NYJ,draftkings,spreads,New York Jets,-105.0,1.5
7dddb296a42e7a41a774b24bd1709ce1,2026-09-04T20:11:22Z,2026-09-13T17:00:00Z,Tennessee Titans,New York Jets,TEN,NYJ,draftkings,spreads,Tennessee Titans,-115.0,-1.5
7dddb296a42e7a41a774b24bd1709ce1,2026-09-04T20:11:22Z,2026-09-13T17:00:00Z,Tennessee Titans,New York Jets,TEN,NYJ,draftkings,totals,Over,-115.0,38.5
7dddb296a42e7a41a774b24bd1709ce1,2026-09-04T20:11:22Z,2026-09-13T17:00:00Z,Tennessee Titans,New York Jets,TEN,NYJ,draftkings,totals,Under,-105.0,38.5
7dddb296a42e7a41a774b24bd1709ce1,2026-09-04T20:11:22Z,2026-09-13T17:00:00Z,Tennessee Titans,New York Jets,TEN,NYJ,fanduel,h2h,New York Jets,110.0,
7dddb296a42e7a41a774b24bd1709ce1,2026-09-04T20:11:22Z,2026-09-13T17:00:00Z,Tennessee Titans,New York Jets,TEN,NYJ,fanduel,h2h,Tennessee Titans,-130.0,
7dddb296a42e7a41a774b24bd1709ce1,2026-09-04T20:11:22Z,2026-09-13T17:00:00Z,Tennessee Titans,New York Jets,TEN,NYJ,fanduel,spreads,New York Jets,-120.0,2.5
7dddb296a42e7a41a774b24bd1709ce1,2026-09-04T20:11:22Z,2026-09-13T17:00:00Z,Tennessee Titans,New York Jets,TEN,NYJ,fanduel,spreads,Tennessee Titans,-102.0,-2.5
7dddb296a42e7a41a774b24bd1709ce1,2026-09-04T20:11:22Z,2026-09-13T17:00:00Z,Tennessee Titans,New York Jets,TEN,NYJ,fanduel,totals,Over,-110.0,39.5
7dddb296a42e7a41a774b24bd1709ce1,2026-09-04T20:11:22Z,2026-09-13T17:00:00Z,Tennessee Titans,New York Jets,TEN,NYJ,fanduel,totals,Under,-110.0,39.5
7dddb296a42e7a41a774b24bd1709ce1,2026-09-04T20:11:22Z,2026-09-13T17:00:00Z,Tennessee Titans,New York Jets,TEN,NYJ,lowvig,spreads,New York Jets,107.0,0.0
7dddb296a42e7a41a774b24bd1709ce1,2026-09-04T20:11:22Z,2026-09-13T17:00:00Z,Tennessee Titans,New York Jets,TEN,NYJ,lowvig,spreads,Tennessee Titans,-118.0,0.0
7dddb296a42e7a41a774b24bd1709ce1,2026-09-04T20:11:22Z,2026-09-13T17:00:00Z,Tennessee Titans,New York Jets,TEN,NYJ,lowvig,totals,Over,-102.0,39.5
7dddb296a42e7a41a774b24bd1709ce1,2026-09-04T20:11:22Z,2026-09-13T17:00:00Z,Tennessee Titans,New York Jets,TEN,NYJ,lowvig,totals,Under,-113.0,39.5
7dddb296a42e7a41a774b24bd1709ce1,2026-09-04T20:11:22Z,2026-09-13T17:00:00Z,Tennessee Titans,New York Jets,TEN,NYJ,betus,spreads,New York Jets,100.0,0.0
7dddb296a42e7a41a774b24bd1709ce1,2026-09-04T20:11:22Z,2026-09-13T17:00:00Z,Tennessee Titans,New York Jets,TEN,NYJ,betus,spreads,Tennessee Titans,-120.0,0.0
7dddb296a42e7a41a774b24bd1709ce1,2026-09-04T20:11:22Z,2026-09-13T17:00:00Z,Tennessee Titans,New York Jets,TEN,NYJ,betus,totals,Over,-105.0,39.5
7dddb296a42e7a41a774b24bd1709ce1,2026-09-04T20:11:22Z,2026-09-13T17:00:00Z,Tennessee Titans,New York Jets,TEN,NYJ,betus,totals,Under,-115.0,39.5
7dddb296a42e7a41a774b24bd1709ce1,2026-09-04T20:11:22Z,2026-09-13T17:00:00Z,Tennessee Titans,New York Jets,TEN,NYJ,betonlineag,spreads,New York Jets,102.0,0.0
7dddb296a42e7a41a774b24bd1709ce1,2026-09-04T20:11:22Z,2026-09-13T17:00:00Z,Tennessee Titans,New York Jets,TEN,NYJ,betonlineag,spreads,Tennessee Titans,-122.0,0.0
7dddb296a42e7a41a774b24bd1709ce1,2026-09-04T20:11:22Z,2026-09-13T17:00:00Z,Tennessee Titans,New York Jets,TEN,NYJ,betonlineag,totals,Over,-105.0,39.5
7dddb296a42e7a41a774b24bd1709ce1,2026-09-04T20:11:22Z,2026-09-13T17:00:00Z,Tennessee Titans,New York Jets,TEN,NYJ,betonlineag,totals,Under,-115.0,39.5
7dddb296a42e7a41a774b24bd1709ce1,2026-09-04T20:11:22Z,2026-09-13T17:00:00Z,Tennessee Titans,New York Jets,TEN,NYJ,betrivers,h2h,New York Jets,110.0,
7dddb296a42e7a41a774b24bd1709ce1,2026-09-04T20:11:22Z,2026-09-13T17:00:00Z,Tennessee Titans,New York Jets,TEN,NYJ,betrivers,h2h,Tennessee Titans,-136.0,
7dddb296a42e7a41a774b24bd1709ce1,2026-09-04T20:11:22Z,2026-09-13T17:00:00Z,Tennessee Titans,New York Jets,TEN,NYJ,betrivers,spreads,New York Jets,-112.0,2.0
7dddb296a42e7a41a774b24bd1709ce1,2026-09-04T20:11:22Z,2026-09-13T17:00:00Z,Tennessee Titans,New York Jets,TEN,NYJ,betrivers,spreads,Tennessee Titans,-109.0,-2.0
7dddb296a42e7a41a774b24bd1709ce1,2026-09-04T20:11:22Z,2026-09-13T17:00:00Z,Tennessee Titans,New York Jets,TEN,NYJ,betrivers,totals,Over,-110.0,39.0
7dddb296a42e7a41a774b24bd1709ce1,2026-09-04T20:11:22Z,2026-09-13T17:00:00Z,Tennessee Titans,New York Jets,TEN,NYJ,betrivers,totals,Under,-110.0,39.0
7dddb296a42e7a41a774b24bd1709ce1,2026-09-04T20:11:22Z,2026-09-13T17:00:00Z,Tennessee Titans,New York Jets,TEN,NYJ,betmgm,h2h,New York Jets,105.0,
7dddb296a42e7a41a774b24bd1709ce1,2026-09-04T20:11:22Z,2026-09-13T17:00:00Z,Tennessee Titans,New York Jets,TEN,NYJ,betmgm,h2h,Tennessee Titans,-125.0,
7dddb296a42e7a41a774b24bd1709ce1,2026-09-04T20:11:22Z,2026-09-13T17:00:00Z,Tennessee Titans,New York Jets,TEN,NYJ,betmgm,spreads,New York Jets,-110.0,1.5
7dddb296a42e7a41a774b24bd1709ce1,2026-09-04T20:11:22Z,2026-09-13T17:00:00Z,Tennessee Titans,New York Jets,TEN,NYJ,betmgm,spreads,Tennessee Titans,-108.0,-1.5
7dddb296a42e7a41a774b24bd1709ce1,2026-09-04T20:11:22Z,2026-09-13T17:00:00Z,Tennessee Titans,New York Jets,TEN,NYJ,betmgm,totals,Over,-108.0,39.5
7dddb296a42e7a41a774b24bd1709ce1,2026-09-04T20:11:22Z,2026-09-13T17:00:00Z,Tennessee Titans,New York Jets,TEN,NYJ,betmgm,totals,Under,-110.0,39.5
7dddb296a42e7a41a774b24bd1709ce1,2026-09-04T20:11:22Z,2026-09-13T17:00:00Z,Tennessee Titans,New York Jets,TEN,NYJ,bovada,h2h,New York Jets,105.0,
7dddb296a42e7a41a774b24bd1709ce1,2026-09-04T20:11:22Z,2026-09-13T17:00:00Z,Tennessee Titans,New York Jets,TEN,NYJ,bovada,h2h,Tennessee Titans,-125.0,
7dddb296a42e7a41a774b24bd1709ce1,2026-09-04T20:11:22Z,2026-09-13T17:00:00Z,Tennessee Titans,New York Jets,TEN,NYJ,bovada,spreads,New York Jets,-110.0,1.5
7dddb296a42e7a41a774b24bd1709ce1,2026-09-04T20:11:22Z,2026-09-13T17:00:00Z,Tennessee Titans,New York Jets,TEN,NYJ,bovada,spreads,Tennessee Titans,-110.0,-1.5
7dddb296a42e7a41a774b24bd1709ce1,2026-09-04T20:11:22Z,2026-09-13T17:00:00Z,Tennessee Titans,New York Jets,TEN,NYJ,bovada,totals,Over,-115.0,39.0
7dddb296a42e7a41a774b24bd1709ce1,2026-09-04T20:11:22Z,2026-09-13T17:00:00Z,Tennessee Titans,New York Jets,TEN,NYJ,bovada,totals,Under,-105.0,39.0
7dddb296a42e7a41a774b24bd1709ce1,2026-09-04T20:11:22Z,2026-09-13T17:00:00Z,Tennessee Titans,New York Jets,TEN,NYJ,mybookieag,h2h,New York Jets,104.0,
7dddb296a42e7a41a774b24bd1709ce1,2026-09-04T20:11:22Z,2026-09-13T17:00:00Z,Tennessee Titans,New York Jets,TEN,NYJ,mybookieag,h2h,Tennessee Titans,-132.0,
7dddb296a42e7a41a774b24bd1709ce1,2026-09-04T20:11:22Z,2026-09-13T17:00:00Z,Tennessee Titans,New York Jets,TEN,NYJ,mybookieag,spreads,New York Jets,-110.0,1.5
7dddb296a42e7a41a774b24bd1709ce1,2026-09-04T20:11:22Z,2026-09-13T17:00:00Z,Tennessee Titans,New York Jets,TEN,NYJ,mybookieag,spreads,Tennessee Titans,-110.0,-1.5
7dddb296a42e7a41a774b24bd1709ce1,2026-09-04T20:11:22Z,2026-09-13T17:00:00Z,Tennessee Titans,New York Jets,TEN,NYJ,mybookieag,totals,Over,-110.0,39.5
7dddb296a42e7a41a774b24bd1709ce1,2026-09-04T20:11:22Z,2026-09-13T17:00:00Z,Tennessee Titans,New York Jets,TEN,NYJ,mybookieag,totals,Under,-110.0,39.5
95c01d1bb797d6df14824b106c5a9130,2026-09-04T20:18:58Z,2026-09-13T17:00:00Z,Pittsburgh Steelers,Atlanta Falcons,PIT,ATL,draftkings,h2h,Atlanta Falcons,154.0,
95c01d1bb797d6df14824b106c5a9130,2026-09-04T20:18:58Z,2026-09-13T17:00:00Z,Pittsburgh Steelers,Atlanta Falcons,PIT,ATL,draftkings,h2h,Pittsburgh Steelers,-185.0,
95c01d1bb797d6df14824b106c5a9130,2026-09-04T20:18:58Z,2026-09-13T17:00:00Z,Pittsburgh Steelers,Atlanta Falcons,PIT,ATL,draftkings,spreads,Atlanta Falcons,-118.0,3.5
95c01d1bb797d6df14824b106c5a9130,2026-09-04T20:18:58Z,2026-09-13T17:00:00Z,Pittsburgh Steelers,Atlanta Falcons,PIT,ATL,draftkings,spreads,Pittsburgh Steelers,-102.0,-3.5
95c01d1bb797d6df14824b106c5a9130,2026-09-04T20:18:58Z,2026-09-13T17:00:00Z,Pittsburgh Steelers,Atlanta Falcons,PIT,ATL,draftkings,totals,Over,-105.0,42.5
95c01d1bb797d6df14824b106c5a9130,2026-09-04T20:18:58Z,2026-09-13T17:00:00Z,Pittsburgh Steelers,Atlanta Falcons,PIT,ATL,draftkings,totals,Under,-115.0,42.5
95c01d1bb797d6df14824b106c5a9130,2026-09-04T20:18:58Z,2026-09-13T17:00:00Z,Pittsburgh Steelers,Atlanta Falcons,PIT,ATL,betrivers,h2h,Atlanta Falcons,140.0,
95c01d1bb797d6df14824b106c5a9130,2026-09-04T20:18:58Z,2026-09-13T17:00:00Z,Pittsburgh Steelers,Atlanta Falcons,PIT,ATL,betrivers,h2h,Pittsburgh Steelers,-177.0,
95c01d1bb797d6df14824b106c5a9130,2026-09-04T20:18:58Z,2026-09-13T17:00:00Z,Pittsburgh Steelers,Atlanta Falcons,PIT,ATL,betrivers,spreads,Atlanta Falcons,-106.0,3.0
95c01d1bb797d6df14824b106c5a9130,2026-09-04T20:18:58Z,2026-09-13T17:00:00Z,Pittsburgh Steelers,Atlanta Falcons,PIT,ATL,betrivers,spreads,Pittsburgh Steelers,-115.0,-3.0
95c01d1bb797d6df14824b106c5a9130,2026-09-04T20:18:58Z,2026-09-13T17:00:00Z,Pittsburgh Steelers,Atlanta Falcons,PIT,ATL,betrivers,totals,Over,-113.0,42.0
95c01d1bb797d6df14824b106c5a9130,2026-09-04T20:18:58Z,2026-09-13T17:00:00Z,Pittsburgh Steelers,Atlanta Falcons,PIT,ATL,betrivers,totals,Under,-108.0,42.0
95c01d1bb797d6df14824b106c5a9130,2026-09-04T20:18:58Z,2026-09-13T17:00:00Z,Pittsburgh Steelers,Atlanta Falcons,PIT,ATL,betonlineag,h2h,Atlanta Falcons,157.0,
95c01d1bb797d6df14824b106c5a9130,2026-09-04T20:18:58Z,2026-09-13T17:00:00Z,Pittsburgh Steelers,Atlanta Falcons,PIT,ATL,betonlineag,h2h,Pittsburgh Steelers,-180.0,
95c01d1bb797d6df14824b106c5a9130,2026-09-04T20:18:58Z,2026-09-13T17:00:00Z,Pittsburgh Steelers,Atlanta Falcons,PIT,ATL,betonlineag,spreads,Atlanta Falcons,105.0,3.0
95c01d1bb797d6df14824b106c5a9130,2026-09-04T20:18:58Z,2026-09-13T17:00:00Z,Pittsburgh Steelers,Atlanta Falcons,PIT,ATL,betonlineag,spreads,Pittsburgh Steelers,-125.0,-3.0
95c01d1bb797d6df14824b106c5a9130,2026-09-04T20:18:58Z,2026-09-13T17:00:00Z,Pittsburgh Steelers,Atlanta Falcons,PIT,ATL,betonlineag,totals,Over,-110.0,41.5
95c01d1bb797d6df14824b106c5a9130,2026-09-04T20:18:58Z,2026-09-13T17:00:00Z,Pittsburgh Steelers,Atlanta Falcons,PIT,ATL,betonlineag,totals,Under,-110.0,41.5
95c01d1bb797d6df14824b106c5a9130,2026-09-04T20:18:58Z,2026-09-13T17:00:00Z,Pittsburgh Steelers,Atlanta Falcons,PIT,ATL,fanduel,h2h,Atlanta Falcons,146.0,
95c01d1bb797d6df14824b106c5a9130,2026-09-04T20:18:58Z,2026-09-13T17:00:00Z,Pittsburgh Steelers,Atlanta Falcons,PIT,ATL,fanduel,h2h,Pittsburgh Steelers,-174.0,
95c01d1bb797d6df14824b106c5a9130,2026-09-04T20:18:58Z,2026-09-13T17:00:00Z,Pittsburgh Steelers,Atlanta Falcons,PIT,ATL,fanduel,spreads,Atlanta Falcons,-102.0,3.0
95c01d1bb797d6df14824b106c5a9130,2026-09-04T20:18:58Z,2026-09-13T17:00:00Z,Pittsburgh Steelers,Atlanta Falcons,PIT,ATL,fanduel,spreads,Pittsburgh Steelers,-120.0,-3.0
95c01d1bb797d6df14824b106c5a9130,2026-09-04T20:18:58Z,2026-09-13T17:00:00Z,Pittsburgh Steelers,Atlanta Falcons,PIT,ATL,fanduel,totals,Over,-115.0,41.5
95c01d1bb797d6df14824b106c5a9130,2026-09-04T20:18:58Z,2026-09-13T17:00:00Z,Pittsburgh Steelers,Atlanta Falcons,PIT,ATL,fanduel,totals,Under,-105.0,41.5
95c01d1bb797d6df14824b106c5a9130,2026-09-04T20:18:58Z,2026-09-13T17:00:00Z,Pittsburgh Steelers,Atlanta Falcons,PIT,ATL,lowvig,h2h,Atlanta Falcons,157.0,
95c01d1bb797d6df14824b106c5a9130,2026-09-04T20:18:58Z,2026-09-13T17:00:00Z,Pittsburgh Steelers,Atlanta Falcons,PIT,ATL,lowvig,h2h,Pittsburgh Steelers,-180.0,
95c01d1bb797d6df14824b106c5a9130,2026-09-04T20:18:58Z,2026-09-13T17:00:00Z,Pittsburgh Steelers,Atlanta Falcons,PIT,ATL,lowvig,spreads,Atlanta Falcons,110.0,3.0
95c01d1bb797d6df14824b106c5a9130,2026-09-04T20:18:58Z,2026-09-13T17:00:00Z,Pittsburgh Steelers,Atlanta Falcons,PIT,ATL,lowvig,spreads,Pittsburgh Steelers,-121.0,-3.0
95c01d1bb797d6df14824b106c5a9130,2026-09-04T20:18:58Z,2026-09-13T17:00:00Z,Pittsburgh Steelers,Atlanta Falcons,PIT,ATL,lowvig,totals,Over,-107.0,41.5
95c01d1bb797d6df14824b106c5a9130,2026-09-04T20:18:58Z,2026-09-13T17:00:00Z,Pittsburgh Steelers,Atlanta Falcons,PIT,ATL,lowvig,totals,Under,-107.0,41.5
95c01d1bb797d6df14824b106c5a9130,2026-09-04T20:18:58Z,2026-09-13T17:00:00Z,Pittsburgh Steelers,Atlanta Falcons,PIT,ATL,betus,h2h,Atlanta Falcons,155.0,
95c01d1bb797d6df14824b106c5a9130,2026-09-04T20:18:58Z,2026-09-13T17:00:00Z,Pittsburgh Steelers,Atlanta Falcons,PIT,ATL,betus,h2h,Pittsburgh Steelers,-180.0,
95c01d1bb797d6df14824b106c5a9130,2026-09-04T20:18:58Z,2026-09-13T17:00:00Z,Pittsburgh Steelers,Atlanta Falcons,PIT,ATL,betus,spreads,Atlanta Falcons,105.0,3.0
95c01d1bb797d6df14824b106c5a9130,2026-09-04T20:18:58Z,2026-09-13T17:00:00Z,Pittsburgh Steelers,Atlanta Falcons,PIT,ATL,betus,spreads,Pittsburgh Steelers,-125.0,-3.0
95c01d1bb797d6df14824b106c5a9130,2026-09-04T20:18:58Z,2026-09-13T17:00:00Z,Pittsburgh Steelers,Atlanta Falcons,PIT,ATL,betus,totals,Over,-110.0,42.0
95c01d1bb797d6df14824b106c5a9130,2026-09-04T20:18:58Z,2026-09-13T17:00:00Z,Pittsburgh Steelers,Atlanta Falcons,PIT,ATL,betus,totals,Under,-110.0,42.0
95c01d1bb797d6df14824b106c5a9130,2026-09-04T20:18:58Z,2026-09-13T17:00:00Z,Pittsburgh Steelers,Atlanta Falcons,PIT,ATL,betmgm,h2h,Atlanta Falcons,145.0,
95c01d1bb797d6df14824b106c5a9130,2026-09-04T20:18:58Z,2026-09-13T17:00:00Z,Pittsburgh Steelers,Atlanta Falcons,PIT,ATL,betmgm,h2h,Pittsburgh Steelers,-175.0,
95c01d1bb797d6df14824b106c5a9130,2026-09-04T20:18:58Z,2026-09-13T17:00:00Z,Pittsburgh Steelers,Atlanta Falcons,PIT,ATL,betmgm,spreads,Atlanta Falcons,-105.0,3.0
95c01d1bb797d6df14824b106c5a9130,2026-09-04T20:18:58Z,2026-09-13T17:00:00Z,Pittsburgh Steelers,Atlanta Falcons,PIT,ATL,betmgm,spreads,Pittsburgh Steelers,-112.0,-3.0
95c01d1bb797d6df14824b106c5a9130,2026-09-04T20:18:58Z,2026-09-13T17:00:00Z,Pittsburgh Steelers,Atlanta Falcons,PIT,ATL,betmgm,totals,Over,-108.0,42.0
95c01d1bb797d6df14824b106c5a9130,2026-09-04T20:18:58Z,2026-09-13T17:00:00Z,Pittsburgh Steelers,Atlanta Falcons,PIT,ATL,betmgm,totals,Under,-110.0,42.0
95c01d1bb797d6df14824b106c5a9130,2026-09-04T20:18:58Z,2026-09-13T17:00:00Z,Pittsburgh Steelers,Atlanta Falcons,PIT,ATL,bovada,h2h,Atlanta Falcons,155.0,
95c01d1bb797d6df14824b106c5a9130,2026-09-04T20:18:58Z,2026-09-13T17:00:00Z,Pittsburgh Steelers,Atlanta Falcons,PIT,ATL,bovada,h2h,Pittsburgh Steelers,-180.0,
95c01d1bb797d6df14824b106c5a9130,2026-09-04T20:18:58Z,2026-09-13T17:00:00Z,Pittsburgh Steelers,Atlanta Falcons,PIT,ATL,bovada,spreads,Atlanta Falcons,-120.0,3.5
95c01d1bb797d6df14824b106c5a9130,2026-09-04T20:18:58Z,2026-09-13T17:00:00Z,Pittsburgh Steelers,Atlanta Falcons,PIT,ATL,bovada,spreads,Pittsburgh Steelers,100.0,-3.5
95c01d1bb797d6df14824b106c5a9130,2026-09-04T20:18:58Z,2026-09-13T17:00:00Z,Pittsburgh Steelers,Atlanta Falcons,PIT,ATL,bovada,totals,Over,-105.0,42.5
95c01d1bb797d6df14824b106c5a9130,2026-09-04T20:18:58Z,2026-09-13T17:00:00Z,Pittsburgh Steelers,Atlanta Falcons,PIT,ATL,bovada,totals,Under,-115.0,42.5
95c01d1bb797d6df14824b106c5a9130,2026-09-04T20:18:58Z,2026-09-13T17:00:00Z,Pittsburgh Steelers,Atlanta Falcons,PIT,ATL,mybookieag,h2h,Atlanta Falcons,144.0,
95c01d1bb797d6df14824b106c5a9130,2026-09-04T20:18:58Z,2026-09-13T17:00:00Z,Pittsburgh Steelers,Atlanta Falcons,PIT,ATL,mybookieag,h2h,Pittsburgh Steelers,-185.0,
95c01d1bb797d6df14824b106c5a9130,2026-09-04T20:18:58Z,2026-09-13T17:00:00Z,Pittsburgh Steelers,Atlanta Falcons,PIT,ATL,mybookieag,spreads,Atlanta Falcons,100.0,3.0
95c01d1bb797d6df14824b106c5a9130,2026-09-04T20:18:58Z,2026-09-13T17:00:00Z,Pittsburgh Steelers,Atlanta Falcons,PIT,ATL,mybookieag,spreads,Pittsburgh Steelers,-120.0,-3.0
95c01d1bb797d6df14824b106c5a9130,2026-09-04T20:18:58Z,2026-09-13T17:00:00Z,Pittsburgh Steelers,Atlanta Falcons,PIT,ATL,mybookieag,totals,Over,-110.0,42.0
95c01d1bb797d6df14824b106c5a9130,2026-09-04T20:18:58Z,2026-09-13T17:00:00Z,Pittsburgh Steelers,Atlanta Falcons,PIT,ATL,mybookieag,totals,Under,-110.0,42.0
b6cfdcbafa61ce220ba87dc2d9b80c77,2026-09-04T20:18:58Z,2026-09-13T17:00:00Z,Indianapolis Colts,Baltimore Ravens,IND,BAL,draftkings,h2h,Baltimore Ravens,-175.0,
b6cfdcbafa61ce220ba87dc2d9b80c77,2026-09-04T20:18:58Z,2026-09-13T17:00:00Z,Indianapolis Colts,Baltimore Ravens,IND,BAL,draftkings,h2h,Indianapolis Colts,145.0,
b6cfdcbafa61ce220ba87dc2d9b80c77,2026-09-04T20:18:58Z,2026-09-13T17:00:00Z,Indianapolis Colts,Baltimore Ravens,IND,BAL,draftkings,spreads,Baltimore Ravens,-108.0,-3.5
b6cfdcbafa61ce220ba87dc2d9b80c77,2026-09-04T20:18:58Z,2026-09-13T17:00:00Z,Indianapolis Colts,Baltimore Ravens,IND,BAL,draftkings,spreads,Indianapolis Colts,-112.0,3.5
b6cfdcbafa61ce220ba87dc2d9b80c77,2026-09-04T20:18:58Z,2026-09-13T17:00:00Z,Indianapolis Colts,Baltimore Ravens,IND,BAL,draftkings,totals,Over,-105.0,48.5
b6cfdcbafa61ce220ba87dc2d9b80c77,2026-09-04T20:18:58Z,2026-09-13T17:00:00Z,Indianapolis Colts,Baltimore Ravens,IND,BAL,draftkings,totals,Under,-115.0,48.5
b6cfdcbafa61ce220ba87dc2d9b80c77,2026-09-04T20:18:58Z,2026-09-13T17:00:00Z,Indianapolis Colts,Baltimore Ravens,IND,BAL,betus,h2h,Baltimore Ravens,-170.0,
b6cfdcbafa61ce220ba87dc2d9b80c77,2026-09-04T20:18:58Z,2026-09-13T17:00:00Z,Indianapolis Colts,Baltimore Ravens,IND,BAL,betus,h2h,Indianapolis Colts,146.0,
b6cfdcbafa61ce220ba87dc2d9b80c77,2026-09-04T20:18:58Z,2026-09-13T17:00:00Z,Indianapolis Colts,Baltimore Ravens,IND,BAL,betus,spreads,Baltimore Ravens,100.0,-3.5
b6cfdcbafa61ce220ba87dc2d9b80c77,2026-09-04T20:18:58Z,2026-09-13T17:00:00Z,Indianapolis Colts,Baltimore Ravens,IND,BAL,betus,spreads,Indianapolis Colts,-120.0,3.5
b6cfdcbafa61ce220ba87dc2d9b80c77,2026-09-04T20:18:58Z,2026-09-13T17:00:00Z,Indianapolis Colts,Baltimore Ravens,IND,BAL,betus,totals,Over,-110.0,48.0
b6cfdcbafa61ce220ba87dc2d9b80c77,2026-09-04T20:18:58Z,2026-09-13T17:00:00Z,Indianapolis Colts,Baltimore Ravens,IND,BAL,betus,totals,Under,-110.0,48.0
b6cfdcbafa61ce220ba87dc2d9b80c77,2026-09-04T20:18:58Z,2026-09-13T17:00:00Z,Indianapolis Colts,Baltimore Ravens,IND,BAL,lowvig,h2h,Baltimore Ravens,-171.0,
b6cfdcbafa61ce220ba87dc2d9b80c77,2026-09-04T20:18:58Z,2026-09-13T17:00:00Z,Indianapolis Colts,Baltimore Ravens,IND,BAL,lowvig,h2h,Indianapolis Colts,150.0,
b6cfdcbafa61ce220ba87dc2d9b80c77,2026-09-04T20:18:58Z,2026-09-13T17:00:00Z,Indianapolis Colts,Baltimore Ravens,IND,BAL,lowvig,spreads,Baltimore Ravens,100.0,-3.5
b6cfdcbafa61ce220ba87dc2d9b80c77,2026-09-04T20:18:58Z,2026-09-13T17:00:00Z,Indianapolis Colts,Baltimore Ravens,IND,BAL,lowvig,spreads,Indianapolis Colts,-110.0,3.5
b6cfdcbafa61ce220ba87dc2d9b80c77,2026-09-04T20:18:58Z,2026-09-13T17:00:00Z,Indianapolis Colts,Baltimore Ravens,IND,BAL,lowvig,totals,Over,-102.0,48.0
b6cfdcbafa61ce220ba87dc2d9b80c77,2026-09-04T20:18:58Z,2026-09-13T17:00:00Z,Indianapolis Colts,Baltimore Ravens,IND,BAL,lowvig,totals,Under,-113.0,48.0
b6cfdcbafa61ce220ba87dc2d9b80c77,2026-09-04T20:18:58Z,2026-09-13T17:00:00Z,Indianapolis Colts,Baltimore Ravens,IND,BAL,betrivers,h2h,Baltimore Ravens,-190.0,
b6cfdcbafa61ce220ba87dc2d9b80c77,2026-09-04T20:18:58Z,2026-09-13T17:00:00Z,Indianapolis Colts,Baltimore Ravens,IND,BAL,betrivers,h2h,Indianapolis Colts,155.0,
b6cfdcbafa61ce220ba87dc2d9b80c77,2026-09-04T20:18:58Z,2026-09-13T17:00:00Z,Indianapolis Colts,Baltimore Ravens,IND,BAL,betrivers,spreads,Baltimore Ravens,-112.0,-3.5
b6cfdcbafa61ce220ba87dc2d9b80c77,2026-09-04T20:18:58Z,2026-09-13T17:00:00Z,Indianapolis Colts,Baltimore Ravens,IND,BAL,betrivers,spreads,Indianapolis Colts,-109.0,3.5
b6cfdcbafa61ce220ba87dc2d9b80c77,2026-09-04T20:18:58Z,2026-09-13T17:00:00Z,Indianapolis Colts,Baltimore Ravens,IND,BAL,betrivers,totals,Over,-110.0,48.0
b6cfdcbafa61ce220ba87dc2d9b80c77,2026-09-04T20:18:58Z,2026-09-13T17:00:00Z,Indianapolis Colts,Baltimore Ravens,IND,BAL,betrivers,totals,Under,-110.0,48.0
b6cfdcbafa61ce220ba87dc2d9b80c77,2026-09-04T20:18:58Z,2026-09-13T17:00:00Z,Indianapolis Colts,Baltimore Ravens,IND,BAL,betonlineag,h2h,Baltimore Ravens,-171.0,
b6cfdcbafa61ce220ba87dc2d9b80c77,2026-09-04T20:18:58Z,2026-09-13T17:00:00Z,Indianapolis Colts,Baltimore Ravens,IND,BAL,betonlineag,h2h,Indianapolis Colts,150.0,
b6cfdcbafa61ce220ba87dc2d9b80c77,2026-09-04T20:18:58Z,2026-09-13T17:00:00Z,Indianapolis Colts,Baltimore Ravens,IND,BAL,betonlineag,spreads,Baltimore Ravens,100.0,-3.5
b6cfdcbafa61ce220ba87dc2d9b80c77,2026-09-04T20:18:58Z,2026-09-13T17:00:00Z,Indianapolis Colts,Baltimore Ravens,IND,BAL,betonlineag,spreads,Indianapolis Colts,-120.0,3.5
b6cfdcbafa61ce220ba87dc2d9b80c77,2026-09-04T20:18:58Z,2026-09-13T17:00:00Z,Indianapolis Colts,Baltimore Ravens,IND,BAL,betonlineag,totals,Over,-105.0,48.0
b6cfdcbafa61ce220ba87dc2d9b80c77,2026-09-04T20:18:58Z,2026-09-13T17:00:00Z,Indianapolis Colts,Baltimore Ravens,IND,BAL,betonlineag,totals,Under,-115.0,48.0
b6cfdcbafa61ce220ba87dc2d9b80c77,2026-09-04T20:18:58Z,2026-09-13T17:00:00Z,Indianapolis Colts,Baltimore Ravens,IND,BAL,fanduel,h2h,Baltimore Ravens,-178.0,
b6cfdcbafa61ce220ba87dc2d9b80c77,2026-09-04T20:18:58Z,2026-09-13T17:00:00Z,Indianapolis Colts,Baltimore Ravens,IND,BAL,fanduel,h2h,Indianapolis Colts,150.0,
b6cfdcbafa61ce220ba87dc2d9b80c77,2026-09-04T20:18:58Z,2026-09-13T17:00:00Z,Indianapolis Colts,Baltimore Ravens,IND,BAL,fanduel,spreads,Baltimore Ravens,-105.0,-3.5
b6cfdcbafa61ce220ba87dc2d9b80c77,2026-09-04T20:18:58Z,2026-09-13T17:00:00Z,Indianapolis Colts,Baltimore Ravens,IND,BAL,fanduel,spreads,Indianapolis Colts,-115.0,3.5
b6cfdcbafa61ce220ba87dc2d9b80c77,2026-09-04T20:18:58Z,2026-09-13T17:00:00Z,Indianapolis Colts,Baltimore Ravens,IND,BAL,fanduel,totals,Over,-112.0,47.5
b6cfdcbafa61ce220ba87dc2d9b80c77,2026-09-04T20:18:58Z,2026-09-13T17:00:00Z,Indianapolis Colts,Baltimore Ravens,IND,BAL,fanduel,totals,Under,-108.0,47.5
b6cfdcbafa61ce220ba87dc2d9b80c77,2026-09-04T20:18:58Z,2026-09-13T17:00:00Z,Indianapolis Colts,Baltimore Ravens,IND,BAL,betmgm,h2h,Baltimore Ravens,-175.0,
b6cfdcbafa61ce220ba87dc2d9b80c77,2026-09-04T20:18:58Z,2026-09-13T17:00:00Z,Indianapolis Colts,Baltimore Ravens,IND,BAL,betmgm,h2h,Indianapolis Colts,145.0,
b6cfdcbafa61ce220ba87dc2d9b80c77,2026-09-04T20:18:58Z,2026-09-13T17:00:00Z,Indianapolis Colts,Baltimore Ravens,IND,BAL,betmgm,spreads,Baltimore Ravens,-105.0,-3.5
b6cfdcbafa61ce220ba87dc2d9b80c77,2026-09-04T20:18:58Z,2026-09-13T17:00:00Z,Indianapolis Colts,Baltimore Ravens,IND,BAL,betmgm,spreads,Indianapolis Colts,-112.0,3.5
b6cfdcbafa61ce220ba87dc2d9b80c77,2026-09-04T20:18:58Z,2026-09-13T17:00:00Z,Indianapolis Colts,Baltimore Ravens,IND,BAL,betmgm,totals,Over,-108.0,48.0
b6cfdcbafa61ce220ba87dc2d9b80c77,2026-09-04T20:18:58Z,2026-09-13T17:00:00Z,Indianapolis Colts,Baltimore Ravens,IND,BAL,betmgm,totals,Under,-110.0,48.0
b6cfdcbafa61ce220ba87dc2d9b80c77,2026-09-04T20:18:58Z,2026-09-13T17:00:00Z,Indianapolis Colts,Baltimore Ravens,IND,BAL,bovada,h2h,Baltimore Ravens,-180.0,
b6cfdcbafa61ce220ba87dc2d9b80c77,2026-09-04T20:18:58Z,2026-09-13T17:00:00Z,Indianapolis Colts,Baltimore Ravens,IND,BAL,bovada,h2h,Indianapolis Colts,155.0,
b6cfdcbafa61ce220ba87dc2d9b80c77,2026-09-04T20:18:58Z,2026-09-13T17:00:00Z,Indianapolis Colts,Baltimore Ravens,IND,BAL,bovada,spreads,Baltimore Ravens,100.0,-3.5
b6cfdcbafa61ce220ba87dc2d9b80c77,2026-09-04T20:18:58Z,2026-09-13T17:00:00Z,Indianapolis Colts,Baltimore Ravens,IND,BAL,bovada,spreads,Indianapolis Colts,-120.0,3.5
b6cfdcbafa61ce220ba87dc2d9b80c77,2026-09-04T20:18:58Z,2026-09-13T17:00:00Z,Indianapolis Colts,Baltimore Ravens,IND,BAL,bovada,totals,Over,-110.0,47.5
b6cfdcbafa61ce220ba87dc2d9b80c77,2026-09-04T20:18:58Z,2026-09-13T17:00:00Z,Indianapolis Colts,Baltimore Ravens,IND,BAL,bovada,totals,Under,-110.0,47.5
b6cfdcbafa61ce220ba87dc2d9b80c77,2026-09-04T20:18:58Z,2026-09-13T17:00:00Z,Indianapolis Colts,Baltimore Ravens,IND,BAL,mybookieag,h2h,Baltimore Ravens,-188.0,
b6cfdcbafa61ce220ba87dc2d9b80c77,2026-09-04T20:18:58Z,2026-09-13T17:00:00Z,Indianapolis Colts,Baltimore Ravens,IND,BAL,mybookieag,h2h,Indianapolis Colts,146.0,
b6cfdcbafa61ce220ba87dc2d9b80c77,2026-09-04T20:18:58Z,2026-09-13T17:00:00Z,Indianapolis Colts,Baltimore Ravens,IND,BAL,mybookieag,spreads,Baltimore Ravens,-110.0,-3.5
b6cfdcbafa61ce220ba87dc2d9b80c77,2026-09-04T20:18:58Z,2026-09-13T17:00:00Z,Indianapolis Colts,Baltimore Ravens,IND,BAL,mybookieag,spreads,Indianapolis Colts,-110.0,3.5
b6cfdcbafa61ce220ba87dc2d9b80c77,2026-09-04T20:18:58Z,2026-09-13T17:00:00Z,Indianapolis Colts,Baltimore Ravens,IND,BAL,mybookieag,totals,Over,-110.0,48.0
b6cfdcbafa61ce220ba87dc2d9b80c77,2026-09-04T20:18:58Z,2026-09-13T17:00:00Z,Indianapolis Colts,Baltimore Ravens,IND,BAL,mybookieag,totals,Under,-110.0,48.0
7e09efed7e12c659b82740b67ce2f9a1,2026-09-04T20:18:58Z,2026-09-13T17:00:00Z,Houston Texans,Buffalo Bills,HOU,BUF,draftkings,h2h,Buffalo Bills,-118.0,
7e09efed7e12c659b82740b67ce2f9a1,2026-09-04T20:18:58Z,2026-09-13T17:00:00Z,Houston Texans,Buffalo Bills,HOU,BUF,draftkings,h2h,Houston Texans,-102.0,
7e09efed7e12c659b82740b67ce2f9a1,2026-09-04T20:18:58Z,2026-09-13T17:00:00Z,Houston Texans,Buffalo Bills,HOU,BUF,draftkings,spreads,Buffalo Bills,-105.0,-1.5
7e09efed7e12c659b82740b67ce2f9a1,2026-09-04T20:18:58Z,2026-09-13T17:00:00Z,Houston Texans,Buffalo Bills,HOU,BUF,draftkings,spreads,Houston Texans,-115.0,1.5
7e09efed7e12c659b82740b67ce2f9a1,2026-09-04T20:18:58Z,2026-09-13T17:00:00Z,Houston Texans,Buffalo Bills,HOU,BUF,draftkings,totals,Over,-110.0,44.5
7e09efed7e12c659b82740b67ce2f9a1,2026-09-04T20:18:58Z,2026-09-13T17:00:00Z,Houston Texans,Buffalo Bills,HOU,BUF,draftkings,totals,Under,-110.0,44.5
7e09efed7e12c659b82740b67ce2f9a1,2026-09-04T20:18:58Z,2026-09-13T17:00:00Z,Houston Texans,Buffalo Bills,HOU,BUF,betus,spreads,Buffalo Bills,-110.0,0.0
7e09efed7e12c659b82740b67ce2f9a1,2026-09-04T20:18:58Z,2026-09-13T17:00:00Z,Houston Texans,Buffalo Bills,HOU,BUF,betus,spreads,Houston Texans,-110.0,0.0
7e09efed7e12c659b82740b67ce2f9a1,2026-09-04T20:18:58Z,2026-09-13T17:00:00Z,Houston Texans,Buffalo Bills,HOU,BUF,betus,totals,Over,-110.0,44.5
7e09efed7e12c659b82740b67ce2f9a1,2026-09-04T20:18:58Z,2026-09-13T17:00:00Z,Houston Texans,Buffalo Bills,HOU,BUF,betus,totals,Under,-110.0,44.5
7e09efed7e12c659b82740b67ce2f9a1,2026-09-04T20:18:58Z,2026-09-13T17:00:00Z,Houston Texans,Buffalo Bills,HOU,BUF,lowvig,spreads,Buffalo Bills,-105.0,0.0
7e09efed7e12c659b82740b67ce2f9a1,2026-09-04T20:18:58Z,2026-09-13T17:00:00Z,Houston Texans,Buffalo Bills,HOU,BUF,lowvig,spreads,Houston Texans,-105.0,0.0
7e09efed7e12c659b82740b67ce2f9a1,2026-09-04T20:18:58Z,2026-09-13T17:00:00Z,Houston Texans,Buffalo Bills,HOU,BUF,lowvig,totals,Over,-109.0,44.5
7e09efed7e12c659b82740b67ce2f9a1,2026-09-04T20:18:58Z,2026-09-13T17:00:00Z,Houston Texans,Buffalo Bills,HOU,BUF,lowvig,totals,Under,-105.0,44.5
7e09efed7e12c659b82740b67ce2f9a1,2026-09-04T20:18:58Z,2026-09-13T17:00:00Z,Houston Texans,Buffalo Bills,HOU,BUF,betrivers,h2h,Buffalo Bills,-117.0,
7e09efed7e12c659b82740b67ce2f9a1,2026-09-04T20:18:58Z,2026-09-13T17:00:00Z,Houston Texans,Buffalo Bills,HOU,BUF,betrivers,h2h,Houston Texans,-107.0,
7e09efed7e12c659b82740b67ce2f9a1,2026-09-04T20:18:58Z,2026-09-13T17:00:00Z,Houston Texans,Buffalo Bills,HOU,BUF,betrivers,spreads,Buffalo Bills,-108.0,-1.0
7e09efed7e12c659b82740b67ce2f9a1,2026-09-04T20:18:58Z,2026-09-13T17:00:00Z,Houston Texans,Buffalo Bills,HOU,BUF,betrivers,spreads,Houston Texans,-113.0,1.0
7e09efed7e12c659b82740b67ce2f9a1,2026-09-04T20:18:58Z,2026-09-13T17:00:00Z,Houston Texans,Buffalo Bills,HOU,BUF,betrivers,totals,Over,-109.0,44.5
7e09efed7e12c659b82740b67ce2f9a1,2026-09-04T20:18:58Z,2026-09-13T17:00:00Z,Houston Texans,Buffalo Bills,HOU,BUF,betrivers,totals,Under,-112.0,44.5
7e09efed7e12c659b82740b67ce2f9a1,2026-09-04T20:18:58Z,2026-09-13T17:00:00Z,Houston Texans,Buffalo Bills,HOU,BUF,betonlineag,spreads,Buffalo Bills,-110.0,0.0
7e09efed7e12c659b82740b67ce2f9a1,2026-09-04T20:18:58Z,2026-09-13T17:00:00Z,Houston Texans,Buffalo Bills,HOU,BUF,betonlineag,spreads,Houston Texans,-110.0,0.0
7e09efed7e12c659b82740b67ce2f9a1,2026-09-04T20:18:58Z,2026-09-13T17:00:00Z,Houston Texans,Buffalo Bills,HOU,BUF,betonlineag,totals,Over,-112.0,44.5
7e09efed7e12c659b82740b67ce2f9a1,2026-09-04T20:18:58Z,2026-09-13T17:00:00Z,Houston Texans,Buffalo Bills,HOU,BUF,betonlineag,totals,Under,-108.0,44.5
7e09efed7e12c659b82740b67ce2f9a1,2026-09-04T20:18:58Z,2026-09-13T17:00:00Z,Houston Texans,Buffalo Bills,HOU,BUF,fanduel,h2h,Buffalo Bills,-108.0,
7e09efed7e12c659b82740b67ce2f9a1,2026-09-04T20:18:58Z,2026-09-13T17:00:00Z,Houston Texans,Buffalo Bills,HOU,BUF,fanduel,h2h,Houston Texans,-108.0,
7e09efed7e12c659b82740b67ce2f9a1,2026-09-04T20:18:58Z,2026-09-13T17:00:00Z,Houston Texans,Buffalo Bills,HOU,BUF,fanduel,spreads,Buffalo Bills,100.0,-1.5
7e09efed7e12c659b82740b67ce2f9a1,2026-09-04T20:18:58Z,2026-09-13T17:00:00Z,Houston Texans,Buffalo Bills,HOU,BUF,fanduel,spreads,Houston Texans,-122.0,1.5
7e09efed7e12c659b82740b67ce2f9a1,2026-09-04T20:18:58Z,2026-09-13T17:00:00Z,Houston Texans,Buffalo Bills,HOU,BUF,fanduel,totals,Over,-112.0,44.5
7e09efed7e12c659b82740b67ce2f9a1,2026-09-04T20:18:58Z,2026-09-13T17:00:00Z,Houston Texans,Buffalo Bills,HOU,BUF,fanduel,totals,Under,-108.0,44.5
7e09efed7e12c659b82740b67ce2f9a1,2026-09-04T20:18:58Z,2026-09-13T17:00:00Z,Houston Texans,Buffalo Bills,HOU,BUF,betmgm,h2h,Buffalo Bills,-110.0,
7e09efed7e12c659b82740b67ce2f9a1,2026-09-04T20:18:58Z,2026-09-13T17:00:00Z,Houston Texans,Buffalo Bills,HOU,BUF,betmgm,h2h,Houston Texans,-108.0,
7e09efed7e12c659b82740b67ce2f9a1,2026-09-04T20:18:58Z,2026-09-13T17:00:00Z,Houston Texans,Buffalo Bills,HOU,BUF,betmgm,spreads,Buffalo Bills,-105.0,-1.0
7e09efed7e12c659b82740b67ce2f9a1,2026-09-04T20:18:58Z,2026-09-13T17:00:00Z,Houston Texans,Buffalo Bills,HOU,BUF,betmgm,spreads,Houston Texans,-115.0,1.0
7e09efed7e12c659b82740b67ce2f9a1,2026-09-04T20:18:58Z,2026-09-13T17:00:00Z,Houston Texans,Buffalo Bills,HOU,BUF,betmgm,totals,Over,-110.0,44.5
7e09efed7e12c659b82740b67ce2f9a1,2026-09-04T20:18:58Z,2026-09-13T17:00:00Z,Houston Texans,Buffalo Bills,HOU,BUF,betmgm,totals,Under,-108.0,44.5
7e09efed7e12c659b82740b67ce2f9a1,2026-09-04T20:18:58Z,2026-09-13T17:00:00Z,Houston Texans,Buffalo Bills,HOU,BUF,bovada,h2h,Buffalo Bills,-110.0,
7e09efed7e12c659b82740b67ce2f9a1,2026-09-04T20:18:58Z,2026-09-13T17:00:00Z,Houston Texans,Buffalo Bills,HOU,BUF,bovada,h2h,Houston Texans,-110.0,
7e09efed7e12c659b82740b67ce2f9a1,2026-09-04T20:18:58Z,2026-09-13T17:00:00Z,Houston Texans,Buffalo Bills,HOU,BUF,bovada,spreads,Buffalo Bills,-115.0,1.0
7e09efed7e12c659b82740b67ce2f9a1,2026-09-04T20:18:58Z,2026-09-13T17:00:00Z,Houston Texans,Buffalo Bills,HOU,BUF,bovada,spreads,Houston Texans,-105.0,-1.0
7e09efed7e12c659b82740b67ce2f9a1,2026-09-04T20:18:58Z,2026-09-13T17:00:00Z,Houston Texans,Buffalo Bills,HOU,BUF,bovada,totals,Over,-110.0,44.5
7e09efed7e12c659b82740b67ce2f9a1,2026-09-04T20:18:58Z,2026-09-13T17:00:00Z,Houston Texans,Buffalo Bills,HOU,BUF,bovada,totals,Under,-110.0,44.5
7e09efed7e12c659b82740b67ce2f9a1,2026-09-04T20:18:58Z,2026-09-13T17:00:00Z,Houston Texans,Buffalo Bills,HOU,BUF,mybookieag,h2h,Buffalo Bills,-114.0,
7e09efed7e12c659b82740b67ce2f9a1,2026-09-04T20:18:58Z,2026-09-13T17:00:00Z,Houston Texans,Buffalo Bills,HOU,BUF,mybookieag,h2h,Houston Texans,-112.0,
7e09efed7e12c659b82740b67ce2f9a1,2026-09-04T20:18:58Z,2026-09-13T17:00:00Z,Houston Texans,Buffalo Bills,HOU,BUF,mybookieag,spreads,Buffalo Bills,-110.0,1.0
7e09efed7e12c659b82740b67ce2f9a1,2026-09-04T20:18:58Z,2026-09-13T17:00:00Z,Houston Texans,Buffalo Bills,HOU,BUF,mybookieag,spreads,Houston Texans,-110.0,-1.0
7e09efed7e12c659b82740b67ce2f9a1,2026-09-04T20:18:58Z,2026-09-13T17:00:00Z,Houston Texans,Buffalo Bills,HOU,BUF,mybookieag,totals,Over,-110.0,44.5
7e09efed7e12c659b82740b67ce2f9a1,2026-09-04T20:18:58Z,2026-09-13T17:00:00Z,Houston Texans,Buffalo Bills,HOU,BUF,mybookieag,totals,Under,-110.0,44.5
fc362aff0d889ec52d358307a70c32ed,2026-09-04T20:18:58Z,2026-09-13T17:00:00Z,Carolina Panthers,Chicago Bears,CAR,CHI,draftkings,h2h,Carolina Panthers,130.0,
fc362aff0d889ec52d358307a70c32ed,2026-09-04T20:18:58Z,2026-09-13T17:00:00Z,Carolina Panthers,Chicago Bears,CAR,CHI,draftkings,h2h,Chicago Bears,-155.0,
fc362aff0d889ec52d358307a70c32ed,2026-09-04T20:18:58Z,2026-09-13T17:00:00Z,Carolina Panthers,Chicago Bears,CAR,CHI,draftkings,spreads,Carolina Panthers,-102.0,2.5
fc362aff0d889ec52d358307a70c32ed,2026-09-04T20:18:58Z,2026-09-13T17:00:00Z,Carolina Panthers,Chicago Bears,CAR,CHI,draftkings,spreads,Chicago Bears,-118.0,-2.5
fc362aff0d889ec52d358307a70c32ed,2026-09-04T20:18:58Z,2026-09-13T17:00:00Z,Carolina Panthers,Chicago Bears,CAR,CHI,draftkings,totals,Over,-110.0,47.5
fc362aff0d889ec52d358307a70c32ed,2026-09-04T20:18:58Z,2026-09-13T17:00:00Z,Carolina Panthers,Chicago Bears,CAR,CHI,draftkings,totals,Under,-110.0,47.5
fc362aff0d889ec52d358307a70c32ed,2026-09-04T20:18:58Z,2026-09-13T17:00:00Z,Carolina Panthers,Chicago Bears,CAR,CHI,fanduel,h2h,Carolina Panthers,130.0,
fc362aff0d889ec52d358307a70c32ed,2026-09-04T20:18:58Z,2026-09-13T17:00:00Z,Carolina Panthers,Chicago Bears,CAR,CHI,fanduel,h2h,Chicago Bears,-154.0,
fc362aff0d889ec52d358307a70c32ed,2026-09-04T20:18:58Z,2026-09-13T17:00:00Z,Carolina Panthers,Chicago Bears,CAR,CHI,fanduel,spreads,Carolina Panthers,100.0,2.5
fc362aff0d889ec52d358307a70c32ed,2026-09-04T20:18:58Z,2026-09-13T17:00:00Z,Carolina Panthers,Chicago Bears,CAR,CHI,fanduel,spreads,Chicago Bears,-122.0,-2.5
fc362aff0d889ec52d358307a70c32ed,2026-09-04T20:18:58Z,2026-09-13T17:00:00Z,Carolina Panthers,Chicago Bears,CAR,CHI,fanduel,totals,Over,-105.0,47.5
fc362aff0d889ec52d358307a70c32ed,2026-09-04T20:18:58Z,2026-09-13T17:00:00Z,Carolina Panthers,Chicago Bears,CAR,CHI,fanduel,totals,Under,-115.0,47.5
fc362aff0d889ec52d358307a70c32ed,2026-09-04T20:18:58Z,2026-09-13T17:00:00Z,Carolina Panthers,Chicago Bears,CAR,CHI,lowvig,h2h,Carolina Panthers,132.0,
fc362aff0d889ec52d358307a70c32ed,2026-09-04T20:18:58Z,2026-09-13T17:00:00Z,Carolina Panthers,Chicago Bears,CAR,CHI,lowvig,h2h,Chicago Bears,-152.0,
fc362aff0d889ec52d358307a70c32ed,2026-09-04T20:18:58Z,2026-09-13T17:00:00Z,Carolina Panthers,Chicago Bears,CAR,CHI,lowvig,spreads,Carolina Panthers,105.0,2.5
fc362aff0d889ec52d358307a70c32ed,2026-09-04T20:18:58Z,2026-09-13T17:00:00Z,Carolina Panthers,Chicago Bears,CAR,CHI,lowvig,spreads,Chicago Bears,-116.0,-2.5
fc362aff0d889ec52d358307a70c32ed,2026-09-04T20:18:58Z,2026-09-13T17:00:00Z,Carolina Panthers,Chicago Bears,CAR,CHI,lowvig,totals,Over,-102.0,47.5
fc362aff0d889ec52d358307a70c32ed,2026-09-04T20:18:58Z,2026-09-13T17:00:00Z,Carolina Panthers,Chicago Bears,CAR,CHI,lowvig,totals,Under,-113.0,47.5
fc362aff0d889ec52d358307a70c32ed,2026-09-04T20:18:58Z,2026-09-13T17:00:00Z,Carolina Panthers,Chicago Bears,CAR,CHI,betus,h2h,Carolina Panthers,129.0,
fc362aff0d889ec52d358307a70c32ed,2026-09-04T20:18:58Z,2026-09-13T17:00:00Z,Carolina Panthers,Chicago Bears,CAR,CHI,betus,h2h,Chicago Bears,-150.0,
fc362aff0d889ec52d358307a70c32ed,2026-09-04T20:18:58Z,2026-09-13T17:00:00Z,Carolina Panthers,Chicago Bears,CAR,CHI,betus,spreads,Carolina Panthers,-120.0,3.0
fc362aff0d889ec52d358307a70c32ed,2026-09-04T20:18:58Z,2026-09-13T17:00:00Z,Carolina Panthers,Chicago Bears,CAR,CHI,betus,spreads,Chicago Bears,100.0,-3.0
fc362aff0d889ec52d358307a70c32ed,2026-09-04T20:18:58Z,2026-09-13T17:00:00Z,Carolina Panthers,Chicago Bears,CAR,CHI,betus,totals,Over,-110.0,47.5
fc362aff0d889ec52d358307a70c32ed,2026-09-04T20:18:58Z,2026-09-13T17:00:00Z,Carolina Panthers,Chicago Bears,CAR,CHI,betus,totals,Under,-110.0,47.5
fc362aff0d889ec52d358307a70c32ed,2026-09-04T20:18:58Z,2026-09-13T17:00:00Z,Carolina Panthers,Chicago Bears,CAR,CHI,betonlineag,h2h,Carolina Panthers,132.0,
fc362aff0d889ec52d358307a70c32ed,2026-09-04T20:18:58Z,2026-09-13T17:00:00Z,Carolina Panthers,Chicago Bears,CAR,CHI,betonlineag,h2h,Chicago Bears,-152.0,
fc362aff0d889ec52d358307a70c32ed,2026-09-04T20:18:58Z,2026-09-13T17:00:00Z,Carolina Panthers,Chicago Bears,CAR,CHI,betonlineag,spreads,Carolina Panthers,100.0,2.5
fc362aff0d889ec52d358307a70c32ed,2026-09-04T20:18:58Z,2026-09-13T17:00:00Z,Carolina Panthers,Chicago Bears,CAR,CHI,betonlineag,spreads,Chicago Bears,-120.0,-2.5
fc362aff0d889ec52d358307a70c32ed,2026-09-04T20:18:58Z,2026-09-13T17:00:00Z,Carolina Panthers,Chicago Bears,CAR,CHI,betonlineag,totals,Over,-105.0,47.5
fc362aff0d889ec52d358307a70c32ed,2026-09-04T20:18:58Z,2026-09-13T17:00:00Z,Carolina Panthers,Chicago Bears,CAR,CHI,betonlineag,totals,Under,-115.0,47.5
fc362aff0d889ec52d358307a70c32ed,2026-09-04T20:18:58Z,2026-09-13T17:00:00Z,Carolina Panthers,Chicago Bears,CAR,CHI,betrivers,h2h,Carolina Panthers,128.0,
fc362aff0d889ec52d358307a70c32ed,2026-09-04T20:18:58Z,2026-09-13T17:00:00Z,Carolina Panthers,Chicago Bears,CAR,CHI,betrivers,h2h,Chicago Bears,-157.0,
fc362aff0d889ec52d358307a70c32ed,2026-09-04T20:18:58Z,2026-09-13T17:00:00Z,Carolina Panthers,Chicago Bears,CAR,CHI,betrivers,spreads,Carolina Panthers,-117.0,3.0
fc362aff0d889ec52d358307a70c32ed,2026-09-04T20:18:58Z,2026-09-13T17:00:00Z,Carolina Panthers,Chicago Bears,CAR,CHI,betrivers,spreads,Chicago Bears,-105.0,-3.0
fc362aff0d889ec52d358307a70c32ed,2026-09-04T20:18:58Z,2026-09-13T17:00:00Z,Carolina Panthers,Chicago Bears,CAR,CHI,betrivers,totals,Over,-110.0,47.5
fc362aff0d889ec52d358307a70c32ed,2026-09-04T20:18:58Z,2026-09-13T17:00:00Z,Carolina Panthers,Chicago Bears,CAR,CHI,betrivers,totals,Under,-110.0,47.5
fc362aff0d889ec52d358307a70c32ed,2026-09-04T20:18:58Z,2026-09-13T17:00:00Z,Carolina Panthers,Chicago Bears,CAR,CHI,betmgm,h2h,Carolina Panthers,130.0,
fc362aff0d889ec52d358307a70c32ed,2026-09-04T20:18:58Z,2026-09-13T17:00:00Z,Carolina Panthers,Chicago Bears,CAR,CHI,betmgm,h2h,Chicago Bears,-155.0,
fc362aff0d889ec52d358307a70c32ed,2026-09-04T20:18:58Z,2026-09-13T17:00:00Z,Carolina Panthers,Chicago Bears,CAR,CHI,betmgm,spreads,Carolina Panthers,-118.0,3.0
fc362aff0d889ec52d358307a70c32ed,2026-09-04T20:18:58Z,2026-09-13T17:00:00Z,Carolina Panthers,Chicago Bears,CAR,CHI,betmgm,spreads,Chicago Bears,-102.0,-3.0
fc362aff0d889ec52d358307a70c32ed,2026-09-04T20:18:58Z,2026-09-13T17:00:00Z,Carolina Panthers,Chicago Bears,CAR,CHI,betmgm,totals,Over,-108.0,47.5
fc362aff0d889ec52d358307a70c32ed,2026-09-04T20:18:58Z,2026-09-13T17:00:00Z,Carolina Panthers,Chicago Bears,CAR,CHI,betmgm,totals,Under,-110.0,47.5
fc362aff0d889ec52d358307a70c32ed,2026-09-04T20:18:58Z,2026-09-13T17:00:00Z,Carolina Panthers,Chicago Bears,CAR,CHI,bovada,h2h,Carolina Panthers,130.0,
fc362aff0d889ec52d358307a70c32ed,2026-09-04T20:18:58Z,2026-09-13T17:00:00Z,Carolina Panthers,Chicago Bears,CAR,CHI,bovada,h2h,Chicago Bears,-150.0,
fc362aff0d889ec52d358307a70c32ed,2026-09-04T20:18:58Z,2026-09-13T17:00:00Z,Carolina Panthers,Chicago Bears,CAR,CHI,bovada,spreads,Carolina Panthers,100.0,2.5
fc362aff0d889ec52d358307a70c32ed,2026-09-04T20:18:58Z,2026-09-13T17:00:00Z,Carolina Panthers,Chicago Bears,CAR,CHI,bovada,spreads,Chicago Bears,-120.0,-2.5
fc362aff0d889ec52d358307a70c32ed,2026-09-04T20:18:58Z,2026-09-13T17:00:00Z,Carolina Panthers,Chicago Bears,CAR,CHI,bovada,totals,Over,-115.0,47.0
fc362aff0d889ec52d358307a70c32ed,2026-09-04T20:18:58Z,2026-09-13T17:00:00Z,Carolina Panthers,Chicago Bears,CAR,CHI,bovada,totals,Under,-105.0,47.0
fc362aff0d889ec52d358307a70c32ed,2026-09-04T20:18:58Z,2026-09-13T17:00:00Z,Carolina Panthers,Chicago Bears,CAR,CHI,mybookieag,h2h,Carolina Panthers,125.0,
fc362aff0d889ec52d358307a70c32ed,2026-09-04T20:18:58Z,2026-09-13T17:00:00Z,Carolina Panthers,Chicago Bears,CAR,CHI,mybookieag,h2h,Chicago Bears,-160.0,
fc362aff0d889ec52d358307a70c32ed,2026-09-04T20:18:58Z,2026-09-13T17:00:00Z,Carolina Panthers,Chicago Bears,CAR,CHI,mybookieag,spreads,Carolina Panthers,-120.0,3.0
fc362aff0d889ec52d358307a70c32ed,2026-09-04T20:18:58Z,2026-09-13T17:00:00Z,Carolina Panthers,Chicago Bears,CAR,CHI,mybookieag,spreads,Chicago Bears,100.0,-3.0
fc362aff0d889ec52d358307a70c32ed,2026-09-04T20:18:58Z,2026-09-13T17:00:00Z,Carolina Panthers,Chicago Bears,CAR,CHI,mybookieag,totals,Over,-110.0,47.5
fc362aff0d889ec52d358307a70c32ed,2026-09-04T20:18:58Z,2026-09-13T17:00:00Z,Carolina Panthers,Chicago Bears,CAR,CHI,mybookieag,totals,Under,-110.0,47.5
ed6d24ff979f9c71979fead577b0b3f7,2026-09-04T20:18:58Z,2026-09-13T17:00:00Z,Cincinnati Bengals,Tampa Bay Buccaneers,CIN,TB,draftkings,h2h,Cincinnati Bengals,-205.0,
ed6d24ff979f9c71979fead577b0b3f7,2026-09-04T20:18:58Z,2026-09-13T17:00:00Z,Cincinnati Bengals,Tampa Bay Buccaneers,CIN,TB,draftkings,h2h,Tampa Bay Buccaneers,170.0,
ed6d24ff979f9c71979fead577b0b3f7,2026-09-04T20:18:58Z,2026-09-13T17:00:00Z,Cincinnati Bengals,Tampa Bay Buccaneers,CIN,TB,draftkings,spreads,Cincinnati Bengals,-115.0,-3.5
ed6d24ff979f9c71979fead577b0b3f7,2026-09-04T20:18:58Z,2026-09-13T17:00:00Z,Cincinnati Bengals,Tampa Bay Buccaneers,CIN,TB,draftkings,spreads,Tampa Bay Buccaneers,-105.0,3.5
ed6d24ff979f9c71979fead577b0b3f7,2026-09-04T20:18:58Z,2026-09-13T17:00:00Z,Cincinnati Bengals,Tampa Bay Buccaneers,CIN,TB,draftkings,totals,Over,-102.0,51.5
ed6d24ff979f9c71979fead577b0b3f7,2026-09-04T20:18:58Z,2026-09-13T17:00:00Z,Cincinnati Bengals,Tampa Bay Buccaneers,CIN,TB,draftkings,totals,Under,-118.0,51.5
ed6d24ff979f9c71979fead577b0b3f7,2026-09-04T20:18:58Z,2026-09-13T17:00:00Z,Cincinnati Bengals,Tampa Bay Buccaneers,CIN,TB,fanduel,h2h,Cincinnati Bengals,-205.0,
ed6d24ff979f9c71979fead577b0b3f7,2026-09-04T20:18:58Z,2026-09-13T17:00:00Z,Cincinnati Bengals,Tampa Bay Buccaneers,CIN,TB,fanduel,h2h,Tampa Bay Buccaneers,172.0,
ed6d24ff979f9c71979fead577b0b3f7,2026-09-04T20:18:58Z,2026-09-13T17:00:00Z,Cincinnati Bengals,Tampa Bay Buccaneers,CIN,TB,fanduel,spreads,Cincinnati Bengals,-115.0,-3.5
ed6d24ff979f9c71979fead577b0b3f7,2026-09-04T20:18:58Z,2026-09-13T17:00:00Z,Cincinnati Bengals,Tampa Bay Buccaneers,CIN,TB,fanduel,spreads,Tampa Bay Buccaneers,-105.0,3.5
ed6d24ff979f9c71979fead577b0b3f7,2026-09-04T20:18:58Z,2026-09-13T17:00:00Z,Cincinnati Bengals,Tampa Bay Buccaneers,CIN,TB,fanduel,totals,Over,-112.0,50.5
ed6d24ff979f9c71979fead577b0b3f7,2026-09-04T20:18:58Z,2026-09-13T17:00:00Z,Cincinnati Bengals,Tampa Bay Buccaneers,CIN,TB,fanduel,totals,Under,-108.0,50.5
ed6d24ff979f9c71979fead577b0b3f7,2026-09-04T20:18:58Z,2026-09-13T17:00:00Z,Cincinnati Bengals,Tampa Bay Buccaneers,CIN,TB,lowvig,h2h,Cincinnati Bengals,-210.0,
ed6d24ff979f9c71979fead577b0b3f7,2026-09-04T20:18:58Z,2026-09-13T17:00:00Z,Cincinnati Bengals,Tampa Bay Buccaneers,CIN,TB,lowvig,h2h,Tampa Bay Buccaneers,180.0,
ed6d24ff979f9c71979fead577b0b3f7,2026-09-04T20:18:58Z,2026-09-13T17:00:00Z,Cincinnati Bengals,Tampa Bay Buccaneers,CIN,TB,lowvig,spreads,Cincinnati Bengals,-102.0,-4.0
ed6d24ff979f9c71979fead577b0b3f7,2026-09-04T20:18:58Z,2026-09-13T17:00:00Z,Cincinnati Bengals,Tampa Bay Buccaneers,CIN,TB,lowvig,spreads,Tampa Bay Buccaneers,-108.0,4.0
ed6d24ff979f9c71979fead577b0b3f7,2026-09-04T20:18:58Z,2026-09-13T17:00:00Z,Cincinnati Bengals,Tampa Bay Buccaneers,CIN,TB,lowvig,totals,Over,-102.0,50.5
ed6d24ff979f9c71979fead577b0b3f7,2026-09-04T20:18:58Z,2026-09-13T17:00:00Z,Cincinnati Bengals,Tampa Bay Buccaneers,CIN,TB,lowvig,totals,Under,-113.0,50.5
ed6d24ff979f9c71979fead577b0b3f7,2026-09-04T20:18:58Z,2026-09-13T17:00:00Z,Cincinnati Bengals,Tampa Bay Buccaneers,CIN,TB,betus,h2h,Cincinnati Bengals,-210.0,
ed6d24ff979f9c71979fead577b0b3f7,2026-09-04T20:18:58Z,2026-09-13T17:00:00Z,Cincinnati Bengals,Tampa Bay Buccaneers,CIN,TB,betus,h2h,Tampa Bay Buccaneers,180.0,
ed6d24ff979f9c71979fead577b0b3f7,2026-09-04T20:18:58Z,2026-09-13T17:00:00Z,Cincinnati Bengals,Tampa Bay Buccaneers,CIN,TB,betus,spreads,Cincinnati Bengals,-110.0,-4.0
ed6d24ff979f9c71979fead577b0b3f7,2026-09-04T20:18:58Z,2026-09-13T17:00:00Z,Cincinnati Bengals,Tampa Bay Buccaneers,CIN,TB,betus,spreads,Tampa Bay Buccaneers,-110.0,4.0
ed6d24ff979f9c71979fead577b0b3f7,2026-09-04T20:18:58Z,2026-09-13T17:00:00Z,Cincinnati Bengals,Tampa Bay Buccaneers,CIN,TB,betus,totals,Over,-105.0,50.5
ed6d24ff979f9c71979fead577b0b3f7,2026-09-04T20:18:58Z,2026-09-13T17:00:00Z,Cincinnati Bengals,Tampa Bay Buccaneers,CIN,TB,betus,totals,Under,-115.0,50.5
ed6d24ff979f9c71979fead577b0b3f7,2026-09-04T20:18:58Z,2026-09-13T17:00:00Z,Cincinnati Bengals,Tampa Bay Buccaneers,CIN,TB,betonlineag,h2h,Cincinnati Bengals,-210.0,
ed6d24ff979f9c71979fead577b0b3f7,2026-09-04T20:18:58Z,2026-09-13T17:00:00Z,Cincinnati Bengals,Tampa Bay Buccaneers,CIN,TB,betonlineag,h2h,Tampa Bay Buccaneers,180.0,
ed6d24ff979f9c71979fead577b0b3f7,2026-09-04T20:18:58Z,2026-09-13T17:00:00Z,Cincinnati Bengals,Tampa Bay Buccaneers,CIN,TB,betonlineag,spreads,Cincinnati Bengals,-107.0,-4.0
ed6d24ff979f9c71979fead577b0b3f7,2026-09-04T20:18:58Z,2026-09-13T17:00:00Z,Cincinnati Bengals,Tampa Bay Buccaneers,CIN,TB,betonlineag,spreads,Tampa Bay Buccaneers,-113.0,4.0
ed6d24ff979f9c71979fead577b0b3f7,2026-09-04T20:18:58Z,2026-09-13T17:00:00Z,Cincinnati Bengals,Tampa Bay Buccaneers,CIN,TB,betonlineag,totals,Over,-105.0,50.5
ed6d24ff979f9c71979fead577b0b3f7,2026-09-04T20:18:58Z,2026-09-13T17:00:00Z,Cincinnati Bengals,Tampa Bay Buccaneers,CIN,TB,betonlineag,totals,Under,-115.0,50.5
ed6d24ff979f9c71979fead577b0b3f7,2026-09-04T20:18:58Z,2026-09-13T17:00:00Z,Cincinnati Bengals,Tampa Bay Buccaneers,CIN,TB,betrivers,h2h,Cincinnati Bengals,-205.0,
ed6d24ff979f9c71979fead577b0b3f7,2026-09-04T20:18:58Z,2026-09-13T17:00:00Z,Cincinnati Bengals,Tampa Bay Buccaneers,CIN,TB,betrivers,h2h,Tampa Bay Buccaneers,163.0,
ed6d24ff979f9c71979fead577b0b3f7,2026-09-04T20:18:58Z,2026-09-13T17:00:00Z,Cincinnati Bengals,Tampa Bay Buccaneers,CIN,TB,betrivers,spreads,Cincinnati Bengals,-113.0,-3.5
ed6d24ff979f9c71979fead577b0b3f7,2026-09-04T20:18:58Z,2026-09-13T17:00:00Z,Cincinnati Bengals,Tampa Bay Buccaneers,CIN,TB,betrivers,spreads,Tampa Bay Buccaneers,-108.0,3.5
ed6d24ff979f9c71979fead577b0b3f7,2026-09-04T20:18:58Z,2026-09-13T17:00:00Z,Cincinnati Bengals,Tampa Bay Buccaneers,CIN,TB,betrivers,totals,Over,-112.0,50.5
ed6d24ff979f9c71979fead577b0b3f7,2026-09-04T20:18:58Z,2026-09-13T17:00:00Z,Cincinnati Bengals,Tampa Bay Buccaneers,CIN,TB,betrivers,totals,Under,-109.0,50.5
ed6d24ff979f9c71979fead577b0b3f7,2026-09-04T20:18:58Z,2026-09-13T17:00:00Z,Cincinnati Bengals,Tampa Bay Buccaneers,CIN,TB,betmgm,h2h,Cincinnati Bengals,-210.0,
ed6d24ff979f9c71979fead577b0b3f7,2026-09-04T20:18:58Z,2026-09-13T17:00:00Z,Cincinnati Bengals,Tampa Bay Buccaneers,CIN,TB,betmgm,h2h,Tampa Bay Buccaneers,170.0,
ed6d24ff979f9c71979fead577b0b3f7,2026-09-04T20:18:58Z,2026-09-13T17:00:00Z,Cincinnati Bengals,Tampa Bay Buccaneers,CIN,TB,betmgm,spreads,Cincinnati Bengals,-108.0,-4.0
ed6d24ff979f9c71979fead577b0b3f7,2026-09-04T20:18:58Z,2026-09-13T17:00:00Z,Cincinnati Bengals,Tampa Bay Buccaneers,CIN,TB,betmgm,spreads,Tampa Bay Buccaneers,-110.0,4.0
ed6d24ff979f9c71979fead577b0b3f7,2026-09-04T20:18:58Z,2026-09-13T17:00:00Z,Cincinnati Bengals,Tampa Bay Buccaneers,CIN,TB,betmgm,totals,Over,-112.0,50.5
ed6d24ff979f9c71979fead577b0b3f7,2026-09-04T20:18:58Z,2026-09-13T17:00:00Z,Cincinnati Bengals,Tampa Bay Buccaneers,CIN,TB,betmgm,totals,Under,-108.0,50.5
ed6d24ff979f9c71979fead577b0b3f7,2026-09-04T20:18:58Z,2026-09-13T17:00:00Z,Cincinnati Bengals,Tampa Bay Buccaneers,CIN,TB,bovada,h2h,Cincinnati Bengals,-220.0,
ed6d24ff979f9c71979fead577b0b3f7,2026-09-04T20:18:58Z,2026-09-13T17:00:00Z,Cincinnati Bengals,Tampa Bay Buccaneers,CIN,TB,bovada,h2h,Tampa Bay Buccaneers,180.0,
ed6d24ff979f9c71979fead577b0b3f7,2026-09-04T20:18:58Z,2026-09-13T17:00:00Z,Cincinnati Bengals,Tampa Bay Buccaneers,CIN,TB,bovada,spreads,Cincinnati Bengals,-110.0,-4.0
ed6d24ff979f9c71979fead577b0b3f7,2026-09-04T20:18:58Z,2026-09-13T17:00:00Z,Cincinnati Bengals,Tampa Bay Buccaneers,CIN,TB,bovada,spreads,Tampa Bay Buccaneers,-110.0,4.0
ed6d24ff979f9c71979fead577b0b3f7,2026-09-04T20:18:58Z,2026-09-13T17:00:00Z,Cincinnati Bengals,Tampa Bay Buccaneers,CIN,TB,bovada,totals,Over,-115.0,50.5
ed6d24ff979f9c71979fead577b0b3f7,2026-09-04T20:18:58Z,2026-09-13T17:00:00Z,Cincinnati Bengals,Tampa Bay Buccaneers,CIN,TB,bovada,totals,Under,-105.0,50.5
ed6d24ff979f9c71979fead577b0b3f7,2026-09-04T20:18:58Z,2026-09-13T17:00:00Z,Cincinnati Bengals,Tampa Bay Buccaneers,CIN,TB,mybookieag,h2h,Cincinnati Bengals,-216.0,
ed6d24ff979f9c71979fead577b0b3f7,2026-09-04T20:18:58Z,2026-09-13T17:00:00Z,Cincinnati Bengals,Tampa Bay Buccaneers,CIN,TB,mybookieag,h2h,Tampa Bay Buccaneers,166.0,
ed6d24ff979f9c71979fead577b0b3f7,2026-09-04T20:18:58Z,2026-09-13T17:00:00Z,Cincinnati Bengals,Tampa Bay Buccaneers,CIN,TB,mybookieag,spreads,Cincinnati Bengals,-110.0,-4.0
ed6d24ff979f9c71979fead577b0b3f7,2026-09-04T20:18:58Z,2026-09-13T17:00:00Z,Cincinnati Bengals,Tampa Bay Buccaneers,CIN,TB,mybookieag,spreads,Tampa Bay Buccaneers,-110.0,4.0
ed6d24ff979f9c71979fead577b0b3f7,2026-09-04T20:18:58Z,2026-09-13T17:00:00Z,Cincinnati Bengals,Tampa Bay Buccaneers,CIN,TB,mybookieag,totals,Over,-110.0,50.5
ed6d24ff979f9c71979fead577b0b3f7,2026-09-04T20:18:58Z,2026-09-13T17:00:00Z,Cincinnati Bengals,Tampa Bay Buccaneers,CIN,TB,mybookieag,totals,Under,-110.0,50.5
e55c6fe19fce094ce214c8b0e5b504e9,2026-09-04T20:18:58Z,2026-09-13T17:00:00Z,Jacksonville Jaguars,Cleveland Browns,JAX,CLE,draftkings,h2h,Cleveland Browns,320.0,
e55c6fe19fce094ce214c8b0e5b504e9,2026-09-04T20:18:58Z,2026-09-13T17:00:00Z,Jacksonville Jaguars,Cleveland Browns,JAX,CLE,draftkings,h2h,Jacksonville Jaguars,-410.0,
e55c6fe19fce094ce214c8b0e5b504e9,2026-09-04T20:18:58Z,2026-09-13T17:00:00Z,Jacksonville Jaguars,Cleveland Browns,JAX,CLE,draftkings,spreads,Cleveland Browns,-110.0,7.5
e55c6fe19fce094ce214c8b0e5b504e9,2026-09-04T20:18:58Z,2026-09-13T17:00:00Z,Jacksonville Jaguars,Cleveland Browns,JAX,CLE,draftkings,spreads,Jacksonville Jaguars,-110.0,-7.5
e55c6fe19fce094ce214c8b0e5b504e9,2026-09-04T20:18:58Z,2026-09-13T17:00:00Z,Jacksonville Jaguars,Cleveland Browns,JAX,CLE,draftkings,totals,Over,-110.0,40.5
e55c6fe19fce094ce214c8b0e5b504e9,2026-09-04T20:18:58Z,2026-09-13T17:00:00Z,Jacksonville Jaguars,Cleveland Browns,JAX,CLE,draftkings,totals,Under,-110.0,40.5
e55c6fe19fce094ce214c8b0e5b504e9,2026-09-04T20:18:58Z,2026-09-13T17:00:00Z,Jacksonville Jaguars,Cleveland Browns,JAX,CLE,fanduel,h2h,Cleveland Browns,315.0,
e55c6fe19fce094ce214c8b0e5b504e9,2026-09-04T20:18:58Z,2026-09-13T17:00:00Z,Jacksonville Jaguars,Cleveland Browns,JAX,CLE,fanduel,h2h,Jacksonville Jaguars,-400.0,
e55c6fe19fce094ce214c8b0e5b504e9,2026-09-04T20:18:58Z,2026-09-13T17:00:00Z,Jacksonville Jaguars,Cleveland Browns,JAX,CLE,fanduel,spreads,Cleveland Browns,-105.0,7.5
e55c6fe19fce094ce214c8b0e5b504e9,2026-09-04T20:18:58Z,2026-09-13T17:00:00Z,Jacksonville Jaguars,Cleveland Browns,JAX,CLE,fanduel,spreads,Jacksonville Jaguars,-115.0,-7.5
e55c6fe19fce094ce214c8b0e5b504e9,2026-09-04T20:18:58Z,2026-09-13T17:00:00Z,Jacksonville Jaguars,Cleveland Browns,JAX,CLE,fanduel,totals,Over,-110.0,40.5
e55c6fe19fce094ce214c8b0e5b504e9,2026-09-04T20:18:58Z,2026-09-13T17:00:00Z,Jacksonville Jaguars,Cleveland Browns,JAX,CLE,fanduel,totals,Under,-110.0,40.5
e55c6fe19fce094ce214c8b0e5b504e9,2026-09-04T20:18:58Z,2026-09-13T17:00:00Z,Jacksonville Jaguars,Cleveland Browns,JAX,CLE,betus,h2h,Cleveland Browns,312.0,
e55c6fe19fce094ce214c8b0e5b504e9,2026-09-04T20:18:58Z,2026-09-13T17:00:00Z,Jacksonville Jaguars,Cleveland Browns,JAX,CLE,betus,h2h,Jacksonville Jaguars,-390.0,
e55c6fe19fce094ce214c8b0e5b504e9,2026-09-04T20:18:58Z,2026-09-13T17:00:00Z,Jacksonville Jaguars,Cleveland Browns,JAX,CLE,betus,spreads,Cleveland Browns,-125.0,9.0
e55c6fe19fce094ce214c8b0e5b504e9,2026-09-04T20:18:58Z,2026-09-13T17:00:00Z,Jacksonville Jaguars,Cleveland Browns,JAX,CLE,betus,spreads,Jacksonville Jaguars,105.0,-9.0
e55c6fe19fce094ce214c8b0e5b504e9,2026-09-04T20:18:58Z,2026-09-13T17:00:00Z,Jacksonville Jaguars,Cleveland Browns,JAX,CLE,betus,totals,Over,-110.0,40.5
e55c6fe19fce094ce214c8b0e5b504e9,2026-09-04T20:18:58Z,2026-09-13T17:00:00Z,Jacksonville Jaguars,Cleveland Browns,JAX,CLE,betus,totals,Under,-110.0,40.5
e55c6fe19fce094ce214c8b0e5b504e9,2026-09-04T20:18:58Z,2026-09-13T17:00:00Z,Jacksonville Jaguars,Cleveland Browns,JAX,CLE,betrivers,h2h,Cleveland Browns,300.0,
e55c6fe19fce094ce214c8b0e5b504e9,2026-09-04T20:18:58Z,2026-09-13T17:00:00Z,Jacksonville Jaguars,Cleveland Browns,JAX,CLE,betrivers,h2h,Jacksonville Jaguars,-400.0,
e55c6fe19fce094ce214c8b0e5b504e9,2026-09-04T20:18:58Z,2026-09-13T17:00:00Z,Jacksonville Jaguars,Cleveland Browns,JAX,CLE,betrivers,spreads,Cleveland Browns,-114.0,8.5
e55c6fe19fce094ce214c8b0e5b504e9,2026-09-04T20:18:58Z,2026-09-13T17:00:00Z,Jacksonville Jaguars,Cleveland Browns,JAX,CLE,betrivers,spreads,Jacksonville Jaguars,-107.0,-8.5
e55c6fe19fce094ce214c8b0e5b504e9,2026-09-04T20:18:58Z,2026-09-13T17:00:00Z,Jacksonville Jaguars,Cleveland Browns,JAX,CLE,betrivers,totals,Over,-113.0,40.5
e55c6fe19fce094ce214c8b0e5b504e9,2026-09-04T20:18:58Z,2026-09-13T17:00:00Z,Jacksonville Jaguars,Cleveland Browns,JAX,CLE,betrivers,totals,Under,-108.0,40.5
e55c6fe19fce094ce214c8b0e5b504e9,2026-09-04T20:18:58Z,2026-09-13T17:00:00Z,Jacksonville Jaguars,Cleveland Browns,JAX,CLE,betonlineag,h2h,Cleveland Browns,310.0,
e55c6fe19fce094ce214c8b0e5b504e9,2026-09-04T20:18:58Z,2026-09-13T17:00:00Z,Jacksonville Jaguars,Cleveland Browns,JAX,CLE,betonlineag,h2h,Jacksonville Jaguars,-390.0,
e55c6fe19fce094ce214c8b0e5b504e9,2026-09-04T20:18:58Z,2026-09-13T17:00:00Z,Jacksonville Jaguars,Cleveland Browns,JAX,CLE,betonlineag,spreads,Cleveland Browns,-113.0,8.0
e55c6fe19fce094ce214c8b0e5b504e9,2026-09-04T20:18:58Z,2026-09-13T17:00:00Z,Jacksonville Jaguars,Cleveland Browns,JAX,CLE,betonlineag,spreads,Jacksonville Jaguars,-107.0,-8.0
e55c6fe19fce094ce214c8b0e5b504e9,2026-09-04T20:18:58Z,2026-09-13T17:00:00Z,Jacksonville Jaguars,Cleveland Browns,JAX,CLE,betonlineag,totals,Over,-110.0,40.5
e55c6fe19fce094ce214c8b0e5b504e9,2026-09-04T20:18:58Z,2026-09-13T17:00:00Z,Jacksonville Jaguars,Cleveland Browns,JAX,CLE,betonlineag,totals,Under,-110.0,40.5
e55c6fe19fce094ce214c8b0e5b504e9,2026-09-04T20:18:58Z,2026-09-13T17:00:00Z,Jacksonville Jaguars,Cleveland Browns,JAX,CLE,lowvig,h2h,Cleveland Browns,310.0,
e55c6fe19fce094ce214c8b0e5b504e9,2026-09-04T20:18:58Z,2026-09-13T17:00:00Z,Jacksonville Jaguars,Cleveland Browns,JAX,CLE,lowvig,h2h,Jacksonville Jaguars,-390.0,
e55c6fe19fce094ce214c8b0e5b504e9,2026-09-04T20:18:58Z,2026-09-13T17:00:00Z,Jacksonville Jaguars,Cleveland Browns,JAX,CLE,lowvig,spreads,Cleveland Browns,-108.0,8.0
e55c6fe19fce094ce214c8b0e5b504e9,2026-09-04T20:18:58Z,2026-09-13T17:00:00Z,Jacksonville Jaguars,Cleveland Browns,JAX,CLE,lowvig,spreads,Jacksonville Jaguars,-102.0,-8.0
e55c6fe19fce094ce214c8b0e5b504e9,2026-09-04T20:18:58Z,2026-09-13T17:00:00Z,Jacksonville Jaguars,Cleveland Browns,JAX,CLE,lowvig,totals,Over,-107.0,40.5
e55c6fe19fce094ce214c8b0e5b504e9,2026-09-04T20:18:58Z,2026-09-13T17:00:00Z,Jacksonville Jaguars,Cleveland Browns,JAX,CLE,lowvig,totals,Under,-107.0,40.5
e55c6fe19fce094ce214c8b0e5b504e9,2026-09-04T20:18:58Z,2026-09-13T17:00:00Z,Jacksonville Jaguars,Cleveland Browns,JAX,CLE,betmgm,h2h,Cleveland Browns,320.0,
e55c6fe19fce094ce214c8b0e5b504e9,2026-09-04T20:18:58Z,2026-09-13T17:00:00Z,Jacksonville Jaguars,Cleveland Browns,JAX,CLE,betmgm,h2h,Jacksonville Jaguars,-400.0,
e55c6fe19fce094ce214c8b0e5b504e9,2026-09-04T20:18:58Z,2026-09-13T17:00:00Z,Jacksonville Jaguars,Cleveland Browns,JAX,CLE,betmgm,spreads,Cleveland Browns,-110.0,8.0
e55c6fe19fce094ce214c8b0e5b504e9,2026-09-04T20:18:58Z,2026-09-13T17:00:00Z,Jacksonville Jaguars,Cleveland Browns,JAX,CLE,betmgm,spreads,Jacksonville Jaguars,-108.0,-8.0
e55c6fe19fce094ce214c8b0e5b504e9,2026-09-04T20:18:58Z,2026-09-13T17:00:00Z,Jacksonville Jaguars,Cleveland Browns,JAX,CLE,betmgm,totals,Over,-110.0,40.5
e55c6fe19fce094ce214c8b0e5b504e9,2026-09-04T20:18:58Z,2026-09-13T17:00:00Z,Jacksonville Jaguars,Cleveland Browns,JAX,CLE,betmgm,totals,Under,-108.0,40.5
e55c6fe19fce094ce214c8b0e5b504e9,2026-09-04T20:18:58Z,2026-09-13T17:00:00Z,Jacksonville Jaguars,Cleveland Browns,JAX,CLE,bovada,h2h,Cleveland Browns,305.0,
e55c6fe19fce094ce214c8b0e5b504e9,2026-09-04T20:18:58Z,2026-09-13T17:00:00Z,Jacksonville Jaguars,Cleveland Browns,JAX,CLE,bovada,h2h,Jacksonville Jaguars,-410.0,
e55c6fe19fce094ce214c8b0e5b504e9,2026-09-04T20:18:58Z,2026-09-13T17:00:00Z,Jacksonville Jaguars,Cleveland Browns,JAX,CLE,bovada,spreads,Cleveland Browns,-120.0,8.5
e55c6fe19fce094ce214c8b0e5b504e9,2026-09-04T20:18:58Z,2026-09-13T17:00:00Z,Jacksonville Jaguars,Cleveland Browns,JAX,CLE,bovada,spreads,Jacksonville Jaguars,100.0,-8.5
e55c6fe19fce094ce214c8b0e5b504e9,2026-09-04T20:18:58Z,2026-09-13T17:00:00Z,Jacksonville Jaguars,Cleveland Browns,JAX,CLE,bovada,totals,Over,-110.0,40.5
e55c6fe19fce094ce214c8b0e5b504e9,2026-09-04T20:18:58Z,2026-09-13T17:00:00Z,Jacksonville Jaguars,Cleveland Browns,JAX,CLE,bovada,totals,Under,-110.0,40.5
e55c6fe19fce094ce214c8b0e5b504e9,2026-09-04T20:18:58Z,2026-09-13T17:00:00Z,Jacksonville Jaguars,Cleveland Browns,JAX,CLE,mybookieag,h2h,Cleveland Browns,320.0,
e55c6fe19fce094ce214c8b0e5b504e9,2026-09-04T20:18:58Z,2026-09-13T17:00:00Z,Jacksonville Jaguars,Cleveland Browns,JAX,CLE,mybookieag,h2h,Jacksonville Jaguars,-469.0,
e55c6fe19fce094ce214c8b0e5b504e9,2026-09-04T20:18:58Z,2026-09-13T17:00:00Z,Jacksonville Jaguars,Cleveland Browns,JAX,CLE,mybookieag,spreads,Cleveland Browns,-110.0,8.0
e55c6fe19fce094ce214c8b0e5b504e9,2026-09-04T20:18:58Z,2026-09-13T17:00:00Z,Jacksonville Jaguars,Cleveland Browns,JAX,CLE,mybookieag,spreads,Jacksonville Jaguars,-110.0,-8.0
e55c6fe19fce094ce214c8b0e5b504e9,2026-09-04T20:18:58Z,2026-09-13T17:00:00Z,Jacksonville Jaguars,Cleveland Browns,JAX,CLE,mybookieag,totals,Over,-110.0,40.5
e55c6fe19fce094ce214c8b0e5b504e9,2026-09-04T20:18:58Z,2026-09-13T17:00:00Z,Jacksonville Jaguars,Cleveland Browns,JAX,CLE,mybookieag,totals,Under,-110.0,40.5
c1d3fcec25aaeb06ebd2244d33d338e0,2026-09-04T20:18:58Z,2026-09-13T17:00:00Z,Detroit Lions,New Orleans Saints,DET,NO,draftkings,h2h,Detroit Lions,-310.0,
c1d3fcec25aaeb06ebd2244d33d338e0,2026-09-04T20:18:58Z,2026-09-13T17:00:00Z,Detroit Lions,New Orleans Saints,DET,NO,draftkings,h2h,New Orleans Saints,250.0,
c1d3fcec25aaeb06ebd2244d33d338e0,2026-09-04T20:18:58Z,2026-09-13T17:00:00Z,Detroit Lions,New Orleans Saints,DET,NO,draftkings,spreads,Detroit Lions,-110.0,-7.0
c1d3fcec25aaeb06ebd2244d33d338e0,2026-09-04T20:18:58Z,2026-09-13T17:00:00Z,Detroit Lions,New Orleans Saints,DET,NO,draftkings,spreads,New Orleans Saints,-110.0,7.0
c1d3fcec25aaeb06ebd2244d33d338e0,2026-09-04T20:18:58Z,2026-09-13T17:00:00Z,Detroit Lions,New Orleans Saints,DET,NO,draftkings,totals,Over,-115.0,49.5
c1d3fcec25aaeb06ebd2244d33d338e0,2026-09-04T20:18:58Z,2026-09-13T17:00:00Z,Detroit Lions,New Orleans Saints,DET,NO,draftkings,totals,Under,-105.0,49.5
c1d3fcec25aaeb06ebd2244d33d338e0,2026-09-04T20:18:58Z,2026-09-13T17:00:00Z,Detroit Lions,New Orleans Saints,DET,NO,fanduel,h2h,Detroit Lions,-335.0,
c1d3fcec25aaeb06ebd2244d33d338e0,2026-09-04T20:18:58Z,2026-09-13T17:00:00Z,Detroit Lions,New Orleans Saints,DET,NO,fanduel,h2h,New Orleans Saints,270.0,
c1d3fcec25aaeb06ebd2244d33d338e0,2026-09-04T20:18:58Z,2026-09-13T17:00:00Z,Detroit Lions,New Orleans Saints,DET,NO,fanduel,spreads,Detroit Lions,-122.0,-6.5
c1d3fcec25aaeb06ebd2244d33d338e0,2026-09-04T20:18:58Z,2026-09-13T17:00:00Z,Detroit Lions,New Orleans Saints,DET,NO,fanduel,spreads,New Orleans Saints,100.0,6.5
c1d3fcec25aaeb06ebd2244d33d338e0,2026-09-04T20:18:58Z,2026-09-13T17:00:00Z,Detroit Lions,New Orleans Saints,DET,NO,fanduel,totals,Over,-115.0,49.5
c1d3fcec25aaeb06ebd2244d33d338e0,2026-09-04T20:18:58Z,2026-09-13T17:00:00Z,Detroit Lions,New Orleans Saints,DET,NO,fanduel,totals,Under,-105.0,49.5
c1d3fcec25aaeb06ebd2244d33d338e0,2026-09-04T20:18:58Z,2026-09-13T17:00:00Z,Detroit Lions,New Orleans Saints,DET,NO,lowvig,h2h,Detroit Lions,-305.0,
c1d3fcec25aaeb06ebd2244d33d338e0,2026-09-04T20:18:58Z,2026-09-13T17:00:00Z,Detroit Lions,New Orleans Saints,DET,NO,lowvig,h2h,New Orleans Saints,249.0,
c1d3fcec25aaeb06ebd2244d33d338e0,2026-09-04T20:18:58Z,2026-09-13T17:00:00Z,Detroit Lions,New Orleans Saints,DET,NO,lowvig,spreads,Detroit Lions,101.0,-7.0
c1d3fcec25aaeb06ebd2244d33d338e0,2026-09-04T20:18:58Z,2026-09-13T17:00:00Z,Detroit Lions,New Orleans Saints,DET,NO,lowvig,spreads,New Orleans Saints,-112.0,7.0
c1d3fcec25aaeb06ebd2244d33d338e0,2026-09-04T20:18:58Z,2026-09-13T17:00:00Z,Detroit Lions,New Orleans Saints,DET,NO,lowvig,totals,Over,-107.0,50.0
c1d3fcec25aaeb06ebd2244d33d338e0,2026-09-04T20:18:58Z,2026-09-13T17:00:00Z,Detroit Lions,New Orleans Saints,DET,NO,lowvig,totals,Under,-107.0,50.0
c1d3fcec25aaeb06ebd2244d33d338e0,2026-09-04T20:18:58Z,2026-09-13T17:00:00Z,Detroit Lions,New Orleans Saints,DET,NO,betonlineag,h2h,Detroit Lions,-305.0,
c1d3fcec25aaeb06ebd2244d33d338e0,2026-09-04T20:18:58Z,2026-09-13T17:00:00Z,Detroit Lions,New Orleans Saints,DET,NO,betonlineag,h2h,New Orleans Saints,249.0,
c1d3fcec25aaeb06ebd2244d33d338e0,2026-09-04T20:18:58Z,2026-09-13T17:00:00Z,Detroit Lions,New Orleans Saints,DET,NO,betonlineag,spreads,Detroit Lions,-104.0,-7.0
c1d3fcec25aaeb06ebd2244d33d338e0,2026-09-04T20:18:58Z,2026-09-13T17:00:00Z,Detroit Lions,New Orleans Saints,DET,NO,betonlineag,spreads,New Orleans Saints,-116.0,7.0
c1d3fcec25aaeb06ebd2244d33d338e0,2026-09-04T20:18:58Z,2026-09-13T17:00:00Z,Detroit Lions,New Orleans Saints,DET,NO,betonlineag,totals,Over,-110.0,50.0
c1d3fcec25aaeb06ebd2244d33d338e0,2026-09-04T20:18:58Z,2026-09-13T17:00:00Z,Detroit Lions,New Orleans Saints,DET,NO,betonlineag,totals,Under,-110.0,50.0
c1d3fcec25aaeb06ebd2244d33d338e0,2026-09-04T20:18:58Z,2026-09-13T17:00:00Z,Detroit Lions,New Orleans Saints,DET,NO,betus,h2h,Detroit Lions,-305.0,
c1d3fcec25aaeb06ebd2244d33d338e0,2026-09-04T20:18:58Z,2026-09-13T17:00:00Z,Detroit Lions,New Orleans Saints,DET,NO,betus,h2h,New Orleans Saints,253.0,
c1d3fcec25aaeb06ebd2244d33d338e0,2026-09-04T20:18:58Z,2026-09-13T17:00:00Z,Detroit Lions,New Orleans Saints,DET,NO,betus,spreads,Detroit Lions,-105.0,-7.0
c1d3fcec25aaeb06ebd2244d33d338e0,2026-09-04T20:18:58Z,2026-09-13T17:00:00Z,Detroit Lions,New Orleans Saints,DET,NO,betus,spreads,New Orleans Saints,-115.0,7.0
c1d3fcec25aaeb06ebd2244d33d338e0,2026-09-04T20:18:58Z,2026-09-13T17:00:00Z,Detroit Lions,New Orleans Saints,DET,NO,betus,totals,Over,-110.0,50.0
c1d3fcec25aaeb06ebd2244d33d338e0,2026-09-04T20:18:58Z,2026-09-13T17:00:00Z,Detroit Lions,New Orleans Saints,DET,NO,betus,totals,Under,-110.0,50.0
c1d3fcec25aaeb06ebd2244d33d338e0,2026-09-04T20:18:58Z,2026-09-13T17:00:00Z,Detroit Lions,New Orleans Saints,DET,NO,betrivers,h2h,Detroit Lions,-345.0,
c1d3fcec25aaeb06ebd2244d33d338e0,2026-09-04T20:18:58Z,2026-09-13T17:00:00Z,Detroit Lions,New Orleans Saints,DET,NO,betrivers,h2h,New Orleans Saints,265.0,
c1d3fcec25aaeb06ebd2244d33d338e0,2026-09-04T20:18:58Z,2026-09-13T17:00:00Z,Detroit Lions,New Orleans Saints,DET,NO,betrivers,spreads,Detroit Lions,-112.0,-7.0
c1d3fcec25aaeb06ebd2244d33d338e0,2026-09-04T20:18:58Z,2026-09-13T17:00:00Z,Detroit Lions,New Orleans Saints,DET,NO,betrivers,spreads,New Orleans Saints,-109.0,7.0
c1d3fcec25aaeb06ebd2244d33d338e0,2026-09-04T20:18:58Z,2026-09-13T17:00:00Z,Detroit Lions,New Orleans Saints,DET,NO,betrivers,totals,Over,-107.0,50.5
c1d3fcec25aaeb06ebd2244d33d338e0,2026-09-04T20:18:58Z,2026-09-13T17:00:00Z,Detroit Lions,New Orleans Saints,DET,NO,betrivers,totals,Under,-114.0,50.5
c1d3fcec25aaeb06ebd2244d33d338e0,2026-09-04T20:18:58Z,2026-09-13T17:00:00Z,Detroit Lions,New Orleans Saints,DET,NO,betmgm,h2h,Detroit Lions,-300.0,
c1d3fcec25aaeb06ebd2244d33d338e0,2026-09-04T20:18:58Z,2026-09-13T17:00:00Z,Detroit Lions,New Orleans Saints,DET,NO,betmgm,h2h,New Orleans Saints,250.0,
c1d3fcec25aaeb06ebd2244d33d338e0,2026-09-04T20:18:58Z,2026-09-13T17:00:00Z,Detroit Lions,New Orleans Saints,DET,NO,betmgm,spreads,Detroit Lions,-108.0,-7.0
c1d3fcec25aaeb06ebd2244d33d338e0,2026-09-04T20:18:58Z,2026-09-13T17:00:00Z,Detroit Lions,New Orleans Saints,DET,NO,betmgm,spreads,New Orleans Saints,-110.0,7.0
c1d3fcec25aaeb06ebd2244d33d338e0,2026-09-04T20:18:58Z,2026-09-13T17:00:00Z,Detroit Lions,New Orleans Saints,DET,NO,betmgm,totals,Over,-108.0,50.0
c1d3fcec25aaeb06ebd2244d33d338e0,2026-09-04T20:18:58Z,2026-09-13T17:00:00Z,Detroit Lions,New Orleans Saints,DET,NO,betmgm,totals,Under,-110.0,50.0
c1d3fcec25aaeb06ebd2244d33d338e0,2026-09-04T20:18:58Z,2026-09-13T17:00:00Z,Detroit Lions,New Orleans Saints,DET,NO,bovada,h2h,Detroit Lions,-330.0,
c1d3fcec25aaeb06ebd2244d33d338e0,2026-09-04T20:18:58Z,2026-09-13T17:00:00Z,Detroit Lions,New Orleans Saints,DET,NO,bovada,h2h,New Orleans Saints,265.0,
c1d3fcec25aaeb06ebd2244d33d338e0,2026-09-04T20:18:58Z,2026-09-13T17:00:00Z,Detroit Lions,New Orleans Saints,DET,NO,bovada,spreads,Detroit Lions,-105.0,-7.0
c1d3fcec25aaeb06ebd2244d33d338e0,2026-09-04T20:18:58Z,2026-09-13T17:00:00Z,Detroit Lions,New Orleans Saints,DET,NO,bovada,spreads,New Orleans Saints,-115.0,7.0
c1d3fcec25aaeb06ebd2244d33d338e0,2026-09-04T20:18:58Z,2026-09-13T17:00:00Z,Detroit Lions,New Orleans Saints,DET,NO,bovada,totals,Over,-105.0,50.0
c1d3fcec25aaeb06ebd2244d33d338e0,2026-09-04T20:18:58Z,2026-09-13T17:00:00Z,Detroit Lions,New Orleans Saints,DET,NO,bovada,totals,Under,-115.0,50.0
c1d3fcec25aaeb06ebd2244d33d338e0,2026-09-04T20:18:58Z,2026-09-13T17:00:00Z,Detroit Lions,New Orleans Saints,DET,NO,mybookieag,h2h,Detroit Lions,-330.0,
c1d3fcec25aaeb06ebd2244d33d338e0,2026-09-04T20:18:58Z,2026-09-13T17:00:00Z,Detroit Lions,New Orleans Saints,DET,NO,mybookieag,h2h,New Orleans Saints,240.0,
c1d3fcec25aaeb06ebd2244d33d338e0,2026-09-04T20:18:58Z,2026-09-13T17:00:00Z,Detroit Lions,New Orleans Saints,DET,NO,mybookieag,spreads,Detroit Lions,-110.0,-7.0
c1d3fcec25aaeb06ebd2244d33d338e0,2026-09-04T20:18:58Z,2026-09-13T17:00:00Z,Detroit Lions,New Orleans Saints,DET,NO,mybookieag,spreads,New Orleans Saints,-110.0,7.0
c1d3fcec25aaeb06ebd2244d33d338e0,2026-09-04T20:18:58Z,2026-09-13T17:00:00Z,Detroit Lions,New Orleans Saints,DET,NO,mybookieag,totals,Over,-110.0,50.0
c1d3fcec25aaeb06ebd2244d33d338e0,2026-09-04T20:18:58Z,2026-09-13T17:00:00Z,Detroit Lions,New Orleans Saints,DET,NO,mybookieag,totals,Under,-110.0,50.0
7dddb296a42e7a41a774b24bd1709ce1,2026-09-04T20:18:58Z,2026-09-13T17:00:00Z,Tennessee Titans,New York Jets,TEN,NYJ,draftkings,h2h,New York Jets,110.0,
7dddb296a42e7a41a774b24bd1709ce1,2026-09-04T20:18:58Z,2026-09-13T17:00:00Z,Tennessee Titans,New York Jets,TEN,NYJ,draftkings,h2h,Tennessee Titans,-130.0,
7dddb296a42e7a41a774b24bd1709ce1,2026-09-04T20:18:58Z,2026-09-13T17:00:00Z,Tennessee Titans,New York Jets,TEN,NYJ,draftkings,spreads,New York Jets,-105.0,1.5
7dddb296a42e7a41a774b24bd1709ce1,2026-09-04T20:18:58Z,2026-09-13T17:00:00Z,Tennessee Titans,New York Jets,TEN,NYJ,draftkings,spreads,Tennessee Titans,-115.0,-1.5
7dddb296a42e7a41a774b24bd1709ce1,2026-09-04T20:18:58Z,2026-09-13T17:00:00Z,Tennessee Titans,New York Jets,TEN,NYJ,draftkings,totals,Over,-115.0,38.5
7dddb296a42e7a41a774b24bd1709ce1,2026-09-04T20:18:58Z,2026-09-13T17:00:00Z,Tennessee Titans,New York Jets,TEN,NYJ,draftkings,totals,Under,-105.0,38.5
7dddb296a42e7a41a774b24bd1709ce1,2026-09-04T20:18:58Z,2026-09-13T17:00:00Z,Tennessee Titans,New York Jets,TEN,NYJ,fanduel,h2h,New York Jets,110.0,
7dddb296a42e7a41a774b24bd1709ce1,2026-09-04T20:18:58Z,2026-09-13T17:00:00Z,Tennessee Titans,New York Jets,TEN,NYJ,fanduel,h2h,Tennessee Titans,-130.0,
7dddb296a42e7a41a774b24bd1709ce1,2026-09-04T20:18:58Z,2026-09-13T17:00:00Z,Tennessee Titans,New York Jets,TEN,NYJ,fanduel,spreads,New York Jets,-120.0,2.5
7dddb296a42e7a41a774b24bd1709ce1,2026-09-04T20:18:58Z,2026-09-13T17:00:00Z,Tennessee Titans,New York Jets,TEN,NYJ,fanduel,spreads,Tennessee Titans,-102.0,-2.5
7dddb296a42e7a41a774b24bd1709ce1,2026-09-04T20:18:58Z,2026-09-13T17:00:00Z,Tennessee Titans,New York Jets,TEN,NYJ,fanduel,totals,Over,-110.0,39.5
7dddb296a42e7a41a774b24bd1709ce1,2026-09-04T20:18:58Z,2026-09-13T17:00:00Z,Tennessee Titans,New York Jets,TEN,NYJ,fanduel,totals,Under,-110.0,39.5
7dddb296a42e7a41a774b24bd1709ce1,2026-09-04T20:18:58Z,2026-09-13T17:00:00Z,Tennessee Titans,New York Jets,TEN,NYJ,lowvig,spreads,New York Jets,107.0,0.0
7dddb296a42e7a41a774b24bd1709ce1,2026-09-04T20:18:58Z,2026-09-13T17:00:00Z,Tennessee Titans,New York Jets,TEN,NYJ,lowvig,spreads,Tennessee Titans,-118.0,0.0
7dddb296a42e7a41a774b24bd1709ce1,2026-09-04T20:18:58Z,2026-09-13T17:00:00Z,Tennessee Titans,New York Jets,TEN,NYJ,lowvig,totals,Over,-102.0,39.5
7dddb296a42e7a41a774b24bd1709ce1,2026-09-04T20:18:58Z,2026-09-13T17:00:00Z,Tennessee Titans,New York Jets,TEN,NYJ,lowvig,totals,Under,-113.0,39.5
7dddb296a42e7a41a774b24bd1709ce1,2026-09-04T20:18:58Z,2026-09-13T17:00:00Z,Tennessee Titans,New York Jets,TEN,NYJ,betus,spreads,New York Jets,100.0,0.0
7dddb296a42e7a41a774b24bd1709ce1,2026-09-04T20:18:58Z,2026-09-13T17:00:00Z,Tennessee Titans,New York Jets,TEN,NYJ,betus,spreads,Tennessee Titans,-120.0,0.0
7dddb296a42e7a41a774b24bd1709ce1,2026-09-04T20:18:58Z,2026-09-13T17:00:00Z,Tennessee Titans,New York Jets,TEN,NYJ,betus,totals,Over,-105.0,39.5
7dddb296a42e7a41a774b24bd1709ce1,2026-09-04T20:18:58Z,2026-09-13T17:00:00Z,Tennessee Titans,New York Jets,TEN,NYJ,betus,totals,Under,-115.0,39.5
7dddb296a42e7a41a774b24bd1709ce1,2026-09-04T20:18:58Z,2026-09-13T17:00:00Z,Tennessee Titans,New York Jets,TEN,NYJ,betonlineag,spreads,New York Jets,102.0,0.0
7dddb296a42e7a41a774b24bd1709ce1,2026-09-04T20:18:58Z,2026-09-13T17:00:00Z,Tennessee Titans,New York Jets,TEN,NYJ,betonlineag,spreads,Tennessee Titans,-122.0,0.0
7dddb296a42e7a41a774b24bd1709ce1,2026-09-04T20:18:58Z,2026-09-13T17:00:00Z,Tennessee Titans,New York Jets,TEN,NYJ,betonlineag,totals,Over,-105.0,39.5
7dddb296a42e7a41a774b24bd1709ce1,2026-09-04T20:18:58Z,2026-09-13T17:00:00Z,Tennessee Titans,New York Jets,TEN,NYJ,betonlineag,totals,Under,-115.0,39.5
7dddb296a42e7a41a774b24bd1709ce1,2026-09-04T20:18:58Z,2026-09-13T17:00:00Z,Tennessee Titans,New York Jets,TEN,NYJ,betrivers,h2h,New York Jets,110.0,
7dddb296a42e7a41a774b24bd1709ce1,2026-09-04T20:18:58Z,2026-09-13T17:00:00Z,Tennessee Titans,New York Jets,TEN,NYJ,betrivers,h2h,Tennessee Titans,-136.0,
7dddb296a42e7a41a774b24bd1709ce1,2026-09-04T20:18:58Z,2026-09-13T17:00:00Z,Tennessee Titans,New York Jets,TEN,NYJ,betrivers,spreads,New York Jets,-112.0,2.0
7dddb296a42e7a41a774b24bd1709ce1,2026-09-04T20:18:58Z,2026-09-13T17:00:00Z,Tennessee Titans,New York Jets,TEN,NYJ,betrivers,spreads,Tennessee Titans,-109.0,-2.0
7dddb296a42e7a41a774b24bd1709ce1,2026-09-04T20:18:58Z,2026-09-13T17:00:00Z,Tennessee Titans,New York Jets,TEN,NYJ,betrivers,totals,Over,-110.0,39.0
7dddb296a42e7a41a774b24bd1709ce1,2026-09-04T20:18:58Z,2026-09-13T17:00:00Z,Tennessee Titans,New York Jets,TEN,NYJ,betrivers,totals,Under,-110.0,39.0
7dddb296a42e7a41a774b24bd1709ce1,2026-09-04T20:18:58Z,2026-09-13T17:00:00Z,Tennessee Titans,New York Jets,TEN,NYJ,betmgm,h2h,New York Jets,105.0,
7dddb296a42e7a41a774b24bd1709ce1,2026-09-04T20:18:58Z,2026-09-13T17:00:00Z,Tennessee Titans,New York Jets,TEN,NYJ,betmgm,h2h,Tennessee Titans,-125.0,
7dddb296a42e7a41a774b24bd1709ce1,2026-09-04T20:18:58Z,2026-09-13T17:00:00Z,Tennessee Titans,New York Jets,TEN,NYJ,betmgm,spreads,New York Jets,-110.0,1.5
7dddb296a42e7a41a774b24bd1709ce1,2026-09-04T20:18:58Z,2026-09-13T17:00:00Z,Tennessee Titans,New York Jets,TEN,NYJ,betmgm,spreads,Tennessee Titans,-108.0,-1.5
7dddb296a42e7a41a774b24bd1709ce1,2026-09-04T20:18:58Z,2026-09-13T17:00:00Z,Tennessee Titans,New York Jets,TEN,NYJ,betmgm,totals,Over,-108.0,39.5
7dddb296a42e7a41a774b24bd1709ce1,2026-09-04T20:18:58Z,2026-09-13T17:00:00Z,Tennessee Titans,New York Jets,TEN,NYJ,betmgm,totals,Under,-110.0,39.5
7dddb296a42e7a41a774b24bd1709ce1,2026-09-04T20:18:58Z,2026-09-13T17:00:00Z,Tennessee Titans,New York Jets,TEN,NYJ,bovada,h2h,New York Jets,105.0,
7dddb296a42e7a41a774b24bd1709ce1,2026-09-04T20:18:58Z,2026-09-13T17:00:00Z,Tennessee Titans,New York Jets,TEN,NYJ,bovada,h2h,Tennessee Titans,-125.0,
7dddb296a42e7a41a774b24bd1709ce1,2026-09-04T20:18:58Z,2026-09-13T17:00:00Z,Tennessee Titans,New York Jets,TEN,NYJ,bovada,spreads,New York Jets,-110.0,1.5
7dddb296a42e7a41a774b24bd1709ce1,2026-09-04T20:18:58Z,2026-09-13T17:00:00Z,Tennessee Titans,New York Jets,TEN,NYJ,bovada,spreads,Tennessee Titans,-110.0,-1.5
7dddb296a42e7a41a774b24bd1709ce1,2026-09-04T20:18:58Z,2026-09-13T17:00:00Z,Tennessee Titans,New York Jets,TEN,NYJ,bovada,totals,Over,-115.0,39.0
7dddb296a42e7a41a774b24bd1709ce1,2026-09-04T20:18:58Z,2026-09-13T17:00:00Z,Tennessee Titans,New York Jets,TEN,NYJ,bovada,totals,Under,-105.0,39.0
7dddb296a42e7a41a774b24bd1709ce1,2026-09-04T20:18:58Z,2026-09-13T17:00:00Z,Tennessee Titans,New York Jets,TEN,NYJ,mybookieag,h2h,New York Jets,104.0,
7dddb296a42e7a41a774b24bd1709ce1,2026-09-04T20:18:58Z,2026-09-13T17:00:00Z,Tennessee Titans,New York Jets,TEN,NYJ,mybookieag,h2h,Tennessee Titans,-132.0,
7dddb296a42e7a41a774b24bd1709ce1,2026-09-04T20:18:58Z,2026-09-13T17:00:00Z,Tennessee Titans,New York Jets,TEN,NYJ,mybookieag,spreads,New York Jets,-110.0,1.5
7dddb296a42e7a41a774b24bd1709ce1,2026-09-04T20:18:58Z,2026-09-13T17:00:00Z,Tennessee Titans,New York Jets,TEN,NYJ,mybookieag,spreads,Tennessee Titans,-110.0,-1.5
7dddb296a42e7a41a774b24bd1709ce1,2026-09-04T20:18:58Z,2026-09-13T17:00:00Z,Tennessee Titans,New York Jets,TEN,NYJ,mybookieag,totals,Over,-110.0,39.5
7dddb296a42e7a41a774b24bd1709ce1,2026-09-04T20:18:58Z,2026-09-13T17:00:00Z,Tennessee Titans,New York Jets,TEN,NYJ,mybookieag,totals,Under,-110.0,39.5
95c01d1bb797d6df14824b106c5a9130,2026-09-05T15:48:52Z,2026-09-13T17:00:00Z,Pittsburgh Steelers,Atlanta Falcons,PIT,ATL,draftkings,h2h,Atlanta Falcons,154.0,
95c01d1bb797d6df14824b106c5a9130,2026-09-05T15:48:52Z,2026-09-13T17:00:00Z,Pittsburgh Steelers,Atlanta Falcons,PIT,ATL,draftkings,h2h,Pittsburgh Steelers,-185.0,
95c01d1bb797d6df14824b106c5a9130,2026-09-05T15:48:52Z,2026-09-13T17:00:00Z,Pittsburgh Steelers,Atlanta Falcons,PIT,ATL,draftkings,spreads,Atlanta Falcons,-118.0,3.5
95c01d1bb797d6df14824b106c5a9130,2026-09-05T15:48:52Z,2026-09-13T17:00:00Z,Pittsburgh Steelers,Atlanta Falcons,PIT,ATL,draftkings,spreads,Pittsburgh Steelers,-102.0,-3.5
95c01d1bb797d6df14824b106c5a9130,2026-09-05T15:48:52Z,2026-09-13T17:00:00Z,Pittsburgh Steelers,Atlanta Falcons,PIT,ATL,draftkings,totals,Over,-105.0,42.5
95c01d1bb797d6df14824b106c5a9130,2026-09-05T15:48:52Z,2026-09-13T17:00:00Z,Pittsburgh Steelers,Atlanta Falcons,PIT,ATL,draftkings,totals,Under,-115.0,42.5
95c01d1bb797d6df14824b106c5a9130,2026-09-05T15:48:52Z,2026-09-13T17:00:00Z,Pittsburgh Steelers,Atlanta Falcons,PIT,ATL,betrivers,h2h,Atlanta Falcons,140.0,
95c01d1bb797d6df14824b106c5a9130,2026-09-05T15:48:52Z,2026-09-13T17:00:00Z,Pittsburgh Steelers,Atlanta Falcons,PIT,ATL,betrivers,h2h,Pittsburgh Steelers,-177.0,
95c01d1bb797d6df14824b106c5a9130,2026-09-05T15:48:52Z,2026-09-13T17:00:00Z,Pittsburgh Steelers,Atlanta Falcons,PIT,ATL,betrivers,spreads,Atlanta Falcons,-106.0,3.0
95c01d1bb797d6df14824b106c5a9130,2026-09-05T15:48:52Z,2026-09-13T17:00:00Z,Pittsburgh Steelers,Atlanta Falcons,PIT,ATL,betrivers,spreads,Pittsburgh Steelers,-115.0,-3.0
95c01d1bb797d6df14824b106c5a9130,2026-09-05T15:48:52Z,2026-09-13T17:00:00Z,Pittsburgh Steelers,Atlanta Falcons,PIT,ATL,betrivers,totals,Over,-113.0,42.0
95c01d1bb797d6df14824b106c5a9130,2026-09-05T15:48:52Z,2026-09-13T17:00:00Z,Pittsburgh Steelers,Atlanta Falcons,PIT,ATL,betrivers,totals,Under,-108.0,42.0
95c01d1bb797d6df14824b106c5a9130,2026-09-05T15:48:52Z,2026-09-13T17:00:00Z,Pittsburgh Steelers,Atlanta Falcons,PIT,ATL,betonlineag,h2h,Atlanta Falcons,157.0,
95c01d1bb797d6df14824b106c5a9130,2026-09-05T15:48:52Z,2026-09-13T17:00:00Z,Pittsburgh Steelers,Atlanta Falcons,PIT,ATL,betonlineag,h2h,Pittsburgh Steelers,-180.0,
95c01d1bb797d6df14824b106c5a9130,2026-09-05T15:48:52Z,2026-09-13T17:00:00Z,Pittsburgh Steelers,Atlanta Falcons,PIT,ATL,betonlineag,spreads,Atlanta Falcons,105.0,3.0
95c01d1bb797d6df14824b106c5a9130,2026-09-05T15:48:52Z,2026-09-13T17:00:00Z,Pittsburgh Steelers,Atlanta Falcons,PIT,ATL,betonlineag,spreads,Pittsburgh Steelers,-125.0,-3.0
95c01d1bb797d6df14824b106c5a9130,2026-09-05T15:48:52Z,2026-09-13T17:00:00Z,Pittsburgh Steelers,Atlanta Falcons,PIT,ATL,betonlineag,totals,Over,-110.0,41.5
95c01d1bb797d6df14824b106c5a9130,2026-09-05T15:48:52Z,2026-09-13T17:00:00Z,Pittsburgh Steelers,Atlanta Falcons,PIT,ATL,betonlineag,totals,Under,-110.0,41.5
95c01d1bb797d6df14824b106c5a9130,2026-09-05T15:48:52Z,2026-09-13T17:00:00Z,Pittsburgh Steelers,Atlanta Falcons,PIT,ATL,fanduel,h2h,Atlanta Falcons,150.0,
95c01d1bb797d6df14824b106c5a9130,2026-09-05T15:48:52Z,2026-09-13T17:00:00Z,Pittsburgh Steelers,Atlanta Falcons,PIT,ATL,fanduel,h2h,Pittsburgh Steelers,-178.0,
95c01d1bb797d6df14824b106c5a9130,2026-09-05T15:48:52Z,2026-09-13T17:00:00Z,Pittsburgh Steelers,Atlanta Falcons,PIT,ATL,fanduel,spreads,Atlanta Falcons,-118.0,3.5
95c01d1bb797d6df14824b106c5a9130,2026-09-05T15:48:52Z,2026-09-13T17:00:00Z,Pittsburgh Steelers,Atlanta Falcons,PIT,ATL,fanduel,spreads,Pittsburgh Steelers,-104.0,-3.5
95c01d1bb797d6df14824b106c5a9130,2026-09-05T15:48:52Z,2026-09-13T17:00:00Z,Pittsburgh Steelers,Atlanta Falcons,PIT,ATL,fanduel,totals,Over,-115.0,41.5
95c01d1bb797d6df14824b106c5a9130,2026-09-05T15:48:52Z,2026-09-13T17:00:00Z,Pittsburgh Steelers,Atlanta Falcons,PIT,ATL,fanduel,totals,Under,-105.0,41.5
95c01d1bb797d6df14824b106c5a9130,2026-09-05T15:48:52Z,2026-09-13T17:00:00Z,Pittsburgh Steelers,Atlanta Falcons,PIT,ATL,lowvig,h2h,Atlanta Falcons,157.0,
95c01d1bb797d6df14824b106c5a9130,2026-09-05T15:48:52Z,2026-09-13T17:00:00Z,Pittsburgh Steelers,Atlanta Falcons,PIT,ATL,lowvig,h2h,Pittsburgh Steelers,-180.0,
95c01d1bb797d6df14824b106c5a9130,2026-09-05T15:48:52Z,2026-09-13T17:00:00Z,Pittsburgh Steelers,Atlanta Falcons,PIT,ATL,lowvig,spreads,Atlanta Falcons,110.0,3.0
95c01d1bb797d6df14824b106c5a9130,2026-09-05T15:48:52Z,2026-09-13T17:00:00Z,Pittsburgh Steelers,Atlanta Falcons,PIT,ATL,lowvig,spreads,Pittsburgh Steelers,-121.0,-3.0
95c01d1bb797d6df14824b106c5a9130,2026-09-05T15:48:52Z,2026-09-13T17:00:00Z,Pittsburgh Steelers,Atlanta Falcons,PIT,ATL,lowvig,totals,Over,-107.0,41.5
95c01d1bb797d6df14824b106c5a9130,2026-09-05T15:48:52Z,2026-09-13T17:00:00Z,Pittsburgh Steelers,Atlanta Falcons,PIT,ATL,lowvig,totals,Under,-107.0,41.5
95c01d1bb797d6df14824b106c5a9130,2026-09-05T15:48:52Z,2026-09-13T17:00:00Z,Pittsburgh Steelers,Atlanta Falcons,PIT,ATL,betus,h2h,Atlanta Falcons,155.0,
95c01d1bb797d6df14824b106c5a9130,2026-09-05T15:48:52Z,2026-09-13T17:00:00Z,Pittsburgh Steelers,Atlanta Falcons,PIT,ATL,betus,h2h,Pittsburgh Steelers,-180.0,
95c01d1bb797d6df14824b106c5a9130,2026-09-05T15:48:52Z,2026-09-13T17:00:00Z,Pittsburgh Steelers,Atlanta Falcons,PIT,ATL,betus,spreads,Atlanta Falcons,105.0,3.0
95c01d1bb797d6df14824b106c5a9130,2026-09-05T15:48:52Z,2026-09-13T17:00:00Z,Pittsburgh Steelers,Atlanta Falcons,PIT,ATL,betus,spreads,Pittsburgh Steelers,-125.0,-3.0
95c01d1bb797d6df14824b106c5a9130,2026-09-05T15:48:52Z,2026-09-13T17:00:00Z,Pittsburgh Steelers,Atlanta Falcons,PIT,ATL,betus,totals,Over,-110.0,42.0
95c01d1bb797d6df14824b106c5a9130,2026-09-05T15:48:52Z,2026-09-13T17:00:00Z,Pittsburgh Steelers,Atlanta Falcons,PIT,ATL,betus,totals,Under,-110.0,42.0
95c01d1bb797d6df14824b106c5a9130,2026-09-05T15:48:52Z,2026-09-13T17:00:00Z,Pittsburgh Steelers,Atlanta Falcons,PIT,ATL,betmgm,h2h,Atlanta Falcons,150.0,
95c01d1bb797d6df14824b106c5a9130,2026-09-05T15:48:52Z,2026-09-13T17:00:00Z,Pittsburgh Steelers,Atlanta Falcons,PIT,ATL,betmgm,h2h,Pittsburgh Steelers,-185.0,
95c01d1bb797d6df14824b106c5a9130,2026-09-05T15:48:52Z,2026-09-13T17:00:00Z,Pittsburgh Steelers,Atlanta Falcons,PIT,ATL,betmgm,spreads,Atlanta Falcons,-105.0,3.0
95c01d1bb797d6df14824b106c5a9130,2026-09-05T15:48:52Z,2026-09-13T17:00:00Z,Pittsburgh Steelers,Atlanta Falcons,PIT,ATL,betmgm,spreads,Pittsburgh Steelers,-115.0,-3.0
95c01d1bb797d6df14824b106c5a9130,2026-09-05T15:48:52Z,2026-09-13T17:00:00Z,Pittsburgh Steelers,Atlanta Falcons,PIT,ATL,betmgm,totals,Over,-108.0,42.0
95c01d1bb797d6df14824b106c5a9130,2026-09-05T15:48:52Z,2026-09-13T17:00:00Z,Pittsburgh Steelers,Atlanta Falcons,PIT,ATL,betmgm,totals,Under,-110.0,42.0
95c01d1bb797d6df14824b106c5a9130,2026-09-05T15:48:52Z,2026-09-13T17:00:00Z,Pittsburgh Steelers,Atlanta Falcons,PIT,ATL,bovada,h2h,Atlanta Falcons,155.0,
95c01d1bb797d6df14824b106c5a9130,2026-09-05T15:48:52Z,2026-09-13T17:00:00Z,Pittsburgh Steelers,Atlanta Falcons,PIT,ATL,bovada,h2h,Pittsburgh Steelers,-180.0,
95c01d1bb797d6df14824b106c5a9130,2026-09-05T15:48:52Z,2026-09-13T17:00:00Z,Pittsburgh Steelers,Atlanta Falcons,PIT,ATL,bovada,spreads,Atlanta Falcons,-120.0,3.5
95c01d1bb797d6df14824b106c5a9130,2026-09-05T15:48:52Z,2026-09-13T17:00:00Z,Pittsburgh Steelers,Atlanta Falcons,PIT,ATL,bovada,spreads,Pittsburgh Steelers,100.0,-3.5
95c01d1bb797d6df14824b106c5a9130,2026-09-05T15:48:52Z,2026-09-13T17:00:00Z,Pittsburgh Steelers,Atlanta Falcons,PIT,ATL,bovada,totals,Over,-105.0,42.5
95c01d1bb797d6df14824b106c5a9130,2026-09-05T15:48:52Z,2026-09-13T17:00:00Z,Pittsburgh Steelers,Atlanta Falcons,PIT,ATL,bovada,totals,Under,-115.0,42.5
95c01d1bb797d6df14824b106c5a9130,2026-09-05T15:48:52Z,2026-09-13T17:00:00Z,Pittsburgh Steelers,Atlanta Falcons,PIT,ATL,mybookieag,h2h,Atlanta Falcons,146.0,
95c01d1bb797d6df14824b106c5a9130,2026-09-05T15:48:52Z,2026-09-13T17:00:00Z,Pittsburgh Steelers,Atlanta Falcons,PIT,ATL,mybookieag,h2h,Pittsburgh Steelers,-188.0,
95c01d1bb797d6df14824b106c5a9130,2026-09-05T15:48:52Z,2026-09-13T17:00:00Z,Pittsburgh Steelers,Atlanta Falcons,PIT,ATL,mybookieag,spreads,Atlanta Falcons,100.0,3.0
95c01d1bb797d6df14824b106c5a9130,2026-09-05T15:48:52Z,2026-09-13T17:00:00Z,Pittsburgh Steelers,Atlanta Falcons,PIT,ATL,mybookieag,spreads,Pittsburgh Steelers,-120.0,-3.0
95c01d1bb797d6df14824b106c5a9130,2026-09-05T15:48:52Z,2026-09-13T17:00:00Z,Pittsburgh Steelers,Atlanta Falcons,PIT,ATL,mybookieag,totals,Over,-110.0,42.0
95c01d1bb797d6df14824b106c5a9130,2026-09-05T15:48:52Z,2026-09-13T17:00:00Z,Pittsburgh Steelers,Atlanta Falcons,PIT,ATL,mybookieag,totals,Under,-110.0,42.0
b6cfdcbafa61ce220ba87dc2d9b80c77,2026-09-05T15:48:52Z,2026-09-13T17:00:00Z,Indianapolis Colts,Baltimore Ravens,IND,BAL,draftkings,h2h,Baltimore Ravens,-175.0,
b6cfdcbafa61ce220ba87dc2d9b80c77,2026-09-05T15:48:52Z,2026-09-13T17:00:00Z,Indianapolis Colts,Baltimore Ravens,IND,BAL,draftkings,h2h,Indianapolis Colts,145.0,
b6cfdcbafa61ce220ba87dc2d9b80c77,2026-09-05T15:48:52Z,2026-09-13T17:00:00Z,Indianapolis Colts,Baltimore Ravens,IND,BAL,draftkings,spreads,Baltimore Ravens,-108.0,-3.5
b6cfdcbafa61ce220ba87dc2d9b80c77,2026-09-05T15:48:52Z,2026-09-13T17:00:00Z,Indianapolis Colts,Baltimore Ravens,IND,BAL,draftkings,spreads,Indianapolis Colts,-112.0,3.5
b6cfdcbafa61ce220ba87dc2d9b80c77,2026-09-05T15:48:52Z,2026-09-13T17:00:00Z,Indianapolis Colts,Baltimore Ravens,IND,BAL,draftkings,totals,Over,-105.0,48.5
b6cfdcbafa61ce220ba87dc2d9b80c77,2026-09-05T15:48:52Z,2026-09-13T17:00:00Z,Indianapolis Colts,Baltimore Ravens,IND,BAL,draftkings,totals,Under,-115.0,48.5
b6cfdcbafa61ce220ba87dc2d9b80c77,2026-09-05T15:48:52Z,2026-09-13T17:00:00Z,Indianapolis Colts,Baltimore Ravens,IND,BAL,betus,h2h,Baltimore Ravens,-170.0,
b6cfdcbafa61ce220ba87dc2d9b80c77,2026-09-05T15:48:52Z,2026-09-13T17:00:00Z,Indianapolis Colts,Baltimore Ravens,IND,BAL,betus,h2h,Indianapolis Colts,146.0,
b6cfdcbafa61ce220ba87dc2d9b80c77,2026-09-05T15:48:52Z,2026-09-13T17:00:00Z,Indianapolis Colts,Baltimore Ravens,IND,BAL,betus,spreads,Baltimore Ravens,100.0,-3.5
b6cfdcbafa61ce220ba87dc2d9b80c77,2026-09-05T15:48:52Z,2026-09-13T17:00:00Z,Indianapolis Colts,Baltimore Ravens,IND,BAL,betus,spreads,Indianapolis Colts,-120.0,3.5
b6cfdcbafa61ce220ba87dc2d9b80c77,2026-09-05T15:48:52Z,2026-09-13T17:00:00Z,Indianapolis Colts,Baltimore Ravens,IND,BAL,betus,totals,Over,-110.0,48.0
b6cfdcbafa61ce220ba87dc2d9b80c77,2026-09-05T15:48:52Z,2026-09-13T17:00:00Z,Indianapolis Colts,Baltimore Ravens,IND,BAL,betus,totals,Under,-110.0,48.0
b6cfdcbafa61ce220ba87dc2d9b80c77,2026-09-05T15:48:52Z,2026-09-13T17:00:00Z,Indianapolis Colts,Baltimore Ravens,IND,BAL,lowvig,h2h,Baltimore Ravens,-171.0,
b6cfdcbafa61ce220ba87dc2d9b80c77,2026-09-05T15:48:52Z,2026-09-13T17:00:00Z,Indianapolis Colts,Baltimore Ravens,IND,BAL,lowvig,h2h,Indianapolis Colts,150.0,
b6cfdcbafa61ce220ba87dc2d9b80c77,2026-09-05T15:48:52Z,2026-09-13T17:00:00Z,Indianapolis Colts,Baltimore Ravens,IND,BAL,lowvig,spreads,Baltimore Ravens,100.0,-3.5
b6cfdcbafa61ce220ba87dc2d9b80c77,2026-09-05T15:48:52Z,2026-09-13T17:00:00Z,Indianapolis Colts,Baltimore Ravens,IND,BAL,lowvig,spreads,Indianapolis Colts,-110.0,3.5
b6cfdcbafa61ce220ba87dc2d9b80c77,2026-09-05T15:48:52Z,2026-09-13T17:00:00Z,Indianapolis Colts,Baltimore Ravens,IND,BAL,lowvig,totals,Over,-102.0,48.0
b6cfdcbafa61ce220ba87dc2d9b80c77,2026-09-05T15:48:52Z,2026-09-13T17:00:00Z,Indianapolis Colts,Baltimore Ravens,IND,BAL,lowvig,totals,Under,-113.0,48.0
b6cfdcbafa61ce220ba87dc2d9b80c77,2026-09-05T15:48:52Z,2026-09-13T17:00:00Z,Indianapolis Colts,Baltimore Ravens,IND,BAL,betrivers,h2h,Baltimore Ravens,-190.0,
b6cfdcbafa61ce220ba87dc2d9b80c77,2026-09-05T15:48:52Z,2026-09-13T17:00:00Z,Indianapolis Colts,Baltimore Ravens,IND,BAL,betrivers,h2h,Indianapolis Colts,155.0,
b6cfdcbafa61ce220ba87dc2d9b80c77,2026-09-05T15:48:52Z,2026-09-13T17:00:00Z,Indianapolis Colts,Baltimore Ravens,IND,BAL,betrivers,spreads,Baltimore Ravens,-112.0,-3.5
b6cfdcbafa61ce220ba87dc2d9b80c77,2026-09-05T15:48:52Z,2026-09-13T17:00:00Z,Indianapolis Colts,Baltimore Ravens,IND,BAL,betrivers,spreads,Indianapolis Colts,-109.0,3.5
b6cfdcbafa61ce220ba87dc2d9b80c77,2026-09-05T15:48:52Z,2026-09-13T17:00:00Z,Indianapolis Colts,Baltimore Ravens,IND,BAL,betrivers,totals,Over,-110.0,48.0
b6cfdcbafa61ce220ba87dc2d9b80c77,2026-09-05T15:48:52Z,2026-09-13T17:00:00Z,Indianapolis Colts,Baltimore Ravens,IND,BAL,betrivers,totals,Under,-110.0,48.0
b6cfdcbafa61ce220ba87dc2d9b80c77,2026-09-05T15:48:52Z,2026-09-13T17:00:00Z,Indianapolis Colts,Baltimore Ravens,IND,BAL,betonlineag,h2h,Baltimore Ravens,-171.0,
b6cfdcbafa61ce220ba87dc2d9b80c77,2026-09-05T15:48:52Z,2026-09-13T17:00:00Z,Indianapolis Colts,Baltimore Ravens,IND,BAL,betonlineag,h2h,Indianapolis Colts,150.0,
b6cfdcbafa61ce220ba87dc2d9b80c77,2026-09-05T15:48:52Z,2026-09-13T17:00:00Z,Indianapolis Colts,Baltimore Ravens,IND,BAL,betonlineag,spreads,Baltimore Ravens,100.0,-3.5
b6cfdcbafa61ce220ba87dc2d9b80c77,2026-09-05T15:48:52Z,2026-09-13T17:00:00Z,Indianapolis Colts,Baltimore Ravens,IND,BAL,betonlineag,spreads,Indianapolis Colts,-120.0,3.5
b6cfdcbafa61ce220ba87dc2d9b80c77,2026-09-05T15:48:52Z,2026-09-13T17:00:00Z,Indianapolis Colts,Baltimore Ravens,IND,BAL,betonlineag,totals,Over,-105.0,48.0
b6cfdcbafa61ce220ba87dc2d9b80c77,2026-09-05T15:48:52Z,2026-09-13T17:00:00Z,Indianapolis Colts,Baltimore Ravens,IND,BAL,betonlineag,totals,Under,-115.0,48.0
b6cfdcbafa61ce220ba87dc2d9b80c77,2026-09-05T15:48:52Z,2026-09-13T17:00:00Z,Indianapolis Colts,Baltimore Ravens,IND,BAL,fanduel,h2h,Baltimore Ravens,-178.0,
b6cfdcbafa61ce220ba87dc2d9b80c77,2026-09-05T15:48:52Z,2026-09-13T17:00:00Z,Indianapolis Colts,Baltimore Ravens,IND,BAL,fanduel,h2h,Indianapolis Colts,150.0,
b6cfdcbafa61ce220ba87dc2d9b80c77,2026-09-05T15:48:52Z,2026-09-13T17:00:00Z,Indianapolis Colts,Baltimore Ravens,IND,BAL,fanduel,spreads,Baltimore Ravens,-105.0,-3.5
b6cfdcbafa61ce220ba87dc2d9b80c77,2026-09-05T15:48:52Z,2026-09-13T17:00:00Z,Indianapolis Colts,Baltimore Ravens,IND,BAL,fanduel,spreads,Indianapolis Colts,-115.0,3.5
b6cfdcbafa61ce220ba87dc2d9b80c77,2026-09-05T15:48:52Z,2026-09-13T17:00:00Z,Indianapolis Colts,Baltimore Ravens,IND,BAL,fanduel,totals,Over,-112.0,47.5
b6cfdcbafa61ce220ba87dc2d9b80c77,2026-09-05T15:48:52Z,2026-09-13T17:00:00Z,Indianapolis Colts,Baltimore Ravens,IND,BAL,fanduel,totals,Under,-108.0,47.5
b6cfdcbafa61ce220ba87dc2d9b80c77,2026-09-05T15:48:52Z,2026-09-13T17:00:00Z,Indianapolis Colts,Baltimore Ravens,IND,BAL,betmgm,h2h,Baltimore Ravens,-185.0,
b6cfdcbafa61ce220ba87dc2d9b80c77,2026-09-05T15:48:52Z,2026-09-13T17:00:00Z,Indianapolis Colts,Baltimore Ravens,IND,BAL,betmgm,h2h,Indianapolis Colts,150.0,
b6cfdcbafa61ce220ba87dc2d9b80c77,2026-09-05T15:48:52Z,2026-09-13T17:00:00Z,Indianapolis Colts,Baltimore Ravens,IND,BAL,betmgm,spreads,Baltimore Ravens,-105.0,-3.5
b6cfdcbafa61ce220ba87dc2d9b80c77,2026-09-05T15:48:52Z,2026-09-13T17:00:00Z,Indianapolis Colts,Baltimore Ravens,IND,BAL,betmgm,spreads,Indianapolis Colts,-112.0,3.5
b6cfdcbafa61ce220ba87dc2d9b80c77,2026-09-05T15:48:52Z,2026-09-13T17:00:00Z,Indianapolis Colts,Baltimore Ravens,IND,BAL,betmgm,totals,Over,-108.0,48.0
b6cfdcbafa61ce220ba87dc2d9b80c77,2026-09-05T15:48:52Z,2026-09-13T17:00:00Z,Indianapolis Colts,Baltimore Ravens,IND,BAL,betmgm,totals,Under,-110.0,48.0
b6cfdcbafa61ce220ba87dc2d9b80c77,2026-09-05T15:48:52Z,2026-09-13T17:00:00Z,Indianapolis Colts,Baltimore Ravens,IND,BAL,bovada,h2h,Baltimore Ravens,-180.0,
b6cfdcbafa61ce220ba87dc2d9b80c77,2026-09-05T15:48:52Z,2026-09-13T17:00:00Z,Indianapolis Colts,Baltimore Ravens,IND,BAL,bovada,h2h,Indianapolis Colts,155.0,
b6cfdcbafa61ce220ba87dc2d9b80c77,2026-09-05T15:48:52Z,2026-09-13T17:00:00Z,Indianapolis Colts,Baltimore Ravens,IND,BAL,bovada,spreads,Baltimore Ravens,100.0,-3.5
b6cfdcbafa61ce220ba87dc2d9b80c77,2026-09-05T15:48:52Z,2026-09-13T17:00:00Z,Indianapolis Colts,Baltimore Ravens,IND,BAL,bovada,spreads,Indianapolis Colts,-120.0,3.5
b6cfdcbafa61ce220ba87dc2d9b80c77,2026-09-05T15:48:52Z,2026-09-13T17:00:00Z,Indianapolis Colts,Baltimore Ravens,IND,BAL,bovada,totals,Over,100.0,48.0
b6cfdcbafa61ce220ba87dc2d9b80c77,2026-09-05T15:48:52Z,2026-09-13T17:00:00Z,Indianapolis Colts,Baltimore Ravens,IND,BAL,bovada,totals,Under,-120.0,48.0
b6cfdcbafa61ce220ba87dc2d9b80c77,2026-09-05T15:48:52Z,2026-09-13T17:00:00Z,Indianapolis Colts,Baltimore Ravens,IND,BAL,mybookieag,h2h,Baltimore Ravens,-188.0,
b6cfdcbafa61ce220ba87dc2d9b80c77,2026-09-05T15:48:52Z,2026-09-13T17:00:00Z,Indianapolis Colts,Baltimore Ravens,IND,BAL,mybookieag,h2h,Indianapolis Colts,146.0,
b6cfdcbafa61ce220ba87dc2d9b80c77,2026-09-05T15:48:52Z,2026-09-13T17:00:00Z,Indianapolis Colts,Baltimore Ravens,IND,BAL,mybookieag,spreads,Baltimore Ravens,-110.0,-3.5
b6cfdcbafa61ce220ba87dc2d9b80c77,2026-09-05T15:48:52Z,2026-09-13T17:00:00Z,Indianapolis Colts,Baltimore Ravens,IND,BAL,mybookieag,spreads,Indianapolis Colts,-110.0,3.5
b6cfdcbafa61ce220ba87dc2d9b80c77,2026-09-05T15:48:52Z,2026-09-13T17:00:00Z,Indianapolis Colts,Baltimore Ravens,IND,BAL,mybookieag,totals,Over,-110.0,48.0
b6cfdcbafa61ce220ba87dc2d9b80c77,2026-09-05T15:48:52Z,2026-09-13T17:00:00Z,Indianapolis Colts,Baltimore Ravens,IND,BAL,mybookieag,totals,Under,-110.0,48.0
7e09efed7e12c659b82740b67ce2f9a1,2026-09-05T15:48:52Z,2026-09-13T17:00:00Z,Houston Texans,Buffalo Bills,HOU,BUF,draftkings,h2h,Buffalo Bills,-118.0,
7e09efed7e12c659b82740b67ce2f9a1,2026-09-05T15:48:52Z,2026-09-13T17:00:00Z,Houston Texans,Buffalo Bills,HOU,BUF,draftkings,h2h,Houston Texans,-102.0,
7e09efed7e12c659b82740b67ce2f9a1,2026-09-05T15:48:52Z,2026-09-13T17:00:00Z,Houston Texans,Buffalo Bills,HOU,BUF,draftkings,spreads,Buffalo Bills,-105.0,-1.5
7e09efed7e12c659b82740b67ce2f9a1,2026-09-05T15:48:52Z,2026-09-13T17:00:00Z,Houston Texans,Buffalo Bills,HOU,BUF,draftkings,spreads,Houston Texans,-115.0,1.5
7e09efed7e12c659b82740b67ce2f9a1,2026-09-05T15:48:52Z,2026-09-13T17:00:00Z,Houston Texans,Buffalo Bills,HOU,BUF,draftkings,totals,Over,-110.0,44.5
7e09efed7e12c659b82740b67ce2f9a1,2026-09-05T15:48:52Z,2026-09-13T17:00:00Z,Houston Texans,Buffalo Bills,HOU,BUF,draftkings,totals,Under,-110.0,44.5
7e09efed7e12c659b82740b67ce2f9a1,2026-09-05T15:48:52Z,2026-09-13T17:00:00Z,Houston Texans,Buffalo Bills,HOU,BUF,betus,spreads,Buffalo Bills,-110.0,0.0
7e09efed7e12c659b82740b67ce2f9a1,2026-09-05T15:48:52Z,2026-09-13T17:00:00Z,Houston Texans,Buffalo Bills,HOU,BUF,betus,spreads,Houston Texans,-110.0,0.0
7e09efed7e12c659b82740b67ce2f9a1,2026-09-05T15:48:52Z,2026-09-13T17:00:00Z,Houston Texans,Buffalo Bills,HOU,BUF,betus,totals,Over,-110.0,44.5
7e09efed7e12c659b82740b67ce2f9a1,2026-09-05T15:48:52Z,2026-09-13T17:00:00Z,Houston Texans,Buffalo Bills,HOU,BUF,betus,totals,Under,-110.0,44.5
7e09efed7e12c659b82740b67ce2f9a1,2026-09-05T15:48:52Z,2026-09-13T17:00:00Z,Houston Texans,Buffalo Bills,HOU,BUF,lowvig,spreads,Buffalo Bills,-109.0,0.0
7e09efed7e12c659b82740b67ce2f9a1,2026-09-05T15:48:52Z,2026-09-13T17:00:00Z,Houston Texans,Buffalo Bills,HOU,BUF,lowvig,spreads,Houston Texans,-101.0,0.0
7e09efed7e12c659b82740b67ce2f9a1,2026-09-05T15:48:52Z,2026-09-13T17:00:00Z,Houston Texans,Buffalo Bills,HOU,BUF,lowvig,totals,Over,-109.0,44.5
7e09efed7e12c659b82740b67ce2f9a1,2026-09-05T15:48:52Z,2026-09-13T17:00:00Z,Houston Texans,Buffalo Bills,HOU,BUF,lowvig,totals,Under,-105.0,44.5
7e09efed7e12c659b82740b67ce2f9a1,2026-09-05T15:48:52Z,2026-09-13T17:00:00Z,Houston Texans,Buffalo Bills,HOU,BUF,betrivers,h2h,Buffalo Bills,-117.0,
7e09efed7e12c659b82740b67ce2f9a1,2026-09-05T15:48:52Z,2026-09-13T17:00:00Z,Houston Texans,Buffalo Bills,HOU,BUF,betrivers,h2h,Houston Texans,-107.0,
7e09efed7e12c659b82740b67ce2f9a1,2026-09-05T15:48:52Z,2026-09-13T17:00:00Z,Houston Texans,Buffalo Bills,HOU,BUF,betrivers,spreads,Buffalo Bills,-108.0,-1.0
7e09efed7e12c659b82740b67ce2f9a1,2026-09-05T15:48:52Z,2026-09-13T17:00:00Z,Houston Texans,Buffalo Bills,HOU,BUF,betrivers,spreads,Houston Texans,-113.0,1.0
7e09efed7e12c659b82740b67ce2f9a1,2026-09-05T15:48:52Z,2026-09-13T17:00:00Z,Houston Texans,Buffalo Bills,HOU,BUF,betrivers,totals,Over,-109.0,44.5
7e09efed7e12c659b82740b67ce2f9a1,2026-09-05T15:48:52Z,2026-09-13T17:00:00Z,Houston Texans,Buffalo Bills,HOU,BUF,betrivers,totals,Under,-112.0,44.5
7e09efed7e12c659b82740b67ce2f9a1,2026-09-05T15:48:52Z,2026-09-13T17:00:00Z,Houston Texans,Buffalo Bills,HOU,BUF,betonlineag,spreads,Buffalo Bills,-114.0,0.0
7e09efed7e12c659b82740b67ce2f9a1,2026-09-05T15:48:52Z,2026-09-13T17:00:00Z,Houston Texans,Buffalo Bills,HOU,BUF,betonlineag,spreads,Houston Texans,-106.0,0.0
7e09efed7e12c659b82740b67ce2f9a1,2026-09-05T15:48:52Z,2026-09-13T17:00:00Z,Houston Texans,Buffalo Bills,HOU,BUF,betonlineag,totals,Over,-112.0,44.5
7e09efed7e12c659b82740b67ce2f9a1,2026-09-05T15:48:52Z,2026-09-13T17:00:00Z,Houston Texans,Buffalo Bills,HOU,BUF,betonlineag,totals,Under,-108.0,44.5
7e09efed7e12c659b82740b67ce2f9a1,2026-09-05T15:48:52Z,2026-09-13T17:00:00Z,Houston Texans,Buffalo Bills,HOU,BUF,fanduel,h2h,Buffalo Bills,-112.0,
7e09efed7e12c659b82740b67ce2f9a1,2026-09-05T15:48:52Z,2026-09-13T17:00:00Z,Houston Texans,Buffalo Bills,HOU,BUF,fanduel,h2h,Houston Texans,-104.0,
7e09efed7e12c659b82740b67ce2f9a1,2026-09-05T15:48:52Z,2026-09-13T17:00:00Z,Houston Texans,Buffalo Bills,HOU,BUF,fanduel,spreads,Buffalo Bills,100.0,-1.5
7e09efed7e12c659b82740b67ce2f9a1,2026-09-05T15:48:52Z,2026-09-13T17:00:00Z,Houston Texans,Buffalo Bills,HOU,BUF,fanduel,spreads,Houston Texans,-122.0,1.5
7e09efed7e12c659b82740b67ce2f9a1,2026-09-05T15:48:52Z,2026-09-13T17:00:00Z,Houston Texans,Buffalo Bills,HOU,BUF,fanduel,totals,Over,-110.0,44.5
7e09efed7e12c659b82740b67ce2f9a1,2026-09-05T15:48:52Z,2026-09-13T17:00:00Z,Houston Texans,Buffalo Bills,HOU,BUF,fanduel,totals,Under,-110.0,44.5
7e09efed7e12c659b82740b67ce2f9a1,2026-09-05T15:48:52Z,2026-09-13T17:00:00Z,Houston Texans,Buffalo Bills,HOU,BUF,betmgm,h2h,Buffalo Bills,-110.0,
7e09efed7e12c659b82740b67ce2f9a1,2026-09-05T15:48:52Z,2026-09-13T17:00:00Z,Houston Texans,Buffalo Bills,HOU,BUF,betmgm,h2h,Houston Texans,-108.0,
7e09efed7e12c659b82740b67ce2f9a1,2026-09-05T15:48:52Z,2026-09-13T17:00:00Z,Houston Texans,Buffalo Bills,HOU,BUF,betmgm,spreads,Buffalo Bills,-105.0,-1.0
7e09efed7e12c659b82740b67ce2f9a1,2026-09-05T15:48:52Z,2026-09-13T17:00:00Z,Houston Texans,Buffalo Bills,HOU,BUF,betmgm,spreads,Houston Texans,-115.0,1.0
7e09efed7e12c659b82740b67ce2f9a1,2026-09-05T15:48:52Z,2026-09-13T17:00:00Z,Houston Texans,Buffalo Bills,HOU,BUF,betmgm,totals,Over,-110.0,44.5
7e09efed7e12c659b82740b67ce2f9a1,2026-09-05T15:48:52Z,2026-09-13T17:00:00Z,Houston Texans,Buffalo Bills,HOU,BUF,betmgm,totals,Under,-108.0,44.5
7e09efed7e12c659b82740b67ce2f9a1,2026-09-05T15:48:52Z,2026-09-13T17:00:00Z,Houston Texans,Buffalo Bills,HOU,BUF,bovada,h2h,Buffalo Bills,-110.0,
7e09efed7e12c659b82740b67ce2f9a1,2026-09-05T15:48:52Z,2026-09-13T17:00:00Z,Houston Texans,Buffalo Bills,HOU,BUF,bovada,h2h,Houston Texans,-110.0,
7e09efed7e12c659b82740b67ce2f9a1,2026-09-05T15:48:52Z,2026-09-13T17:00:00Z,Houston Texans,Buffalo Bills,HOU,BUF,bovada,spreads,Buffalo Bills,-115.0,1.0
7e09efed7e12c659b82740b67ce2f9a1,2026-09-05T15:48:52Z,2026-09-13T17:00:00Z,Houston Texans,Buffalo Bills,HOU,BUF,bovada,spreads,Houston Texans,-105.0,-1.0
7e09efed7e12c659b82740b67ce2f9a1,2026-09-05T15:48:52Z,2026-09-13T17:00:00Z,Houston Texans,Buffalo Bills,HOU,BUF,bovada,totals,Over,-110.0,44.5
7e09efed7e12c659b82740b67ce2f9a1,2026-09-05T15:48:52Z,2026-09-13T17:00:00Z,Houston Texans,Buffalo Bills,HOU,BUF,bovada,totals,Under,-110.0,44.5
7e09efed7e12c659b82740b67ce2f9a1,2026-09-05T15:48:52Z,2026-09-13T17:00:00Z,Houston Texans,Buffalo Bills,HOU,BUF,mybookieag,h2h,Buffalo Bills,-111.0,
7e09efed7e12c659b82740b67ce2f9a1,2026-09-05T15:48:52Z,2026-09-13T17:00:00Z,Houston Texans,Buffalo Bills,HOU,BUF,mybookieag,h2h,Houston Texans,-115.0,
7e09efed7e12c659b82740b67ce2f9a1,2026-09-05T15:48:52Z,2026-09-13T17:00:00Z,Houston Texans,Buffalo Bills,HOU,BUF,mybookieag,spreads,Buffalo Bills,-110.0,1.0
7e09efed7e12c659b82740b67ce2f9a1,2026-09-05T15:48:52Z,2026-09-13T17:00:00Z,Houston Texans,Buffalo Bills,HOU,BUF,mybookieag,spreads,Houston Texans,-110.0,-1.0
7e09efed7e12c659b82740b67ce2f9a1,2026-09-05T15:48:52Z,2026-09-13T17:00:00Z,Houston Texans,Buffalo Bills,HOU,BUF,mybookieag,totals,Over,-110.0,44.5
7e09efed7e12c659b82740b67ce2f9a1,2026-09-05T15:48:52Z,2026-09-13T17:00:00Z,Houston Texans,Buffalo Bills,HOU,BUF,mybookieag,totals,Under,-110.0,44.5
fc362aff0d889ec52d358307a70c32ed,2026-09-05T15:48:52Z,2026-09-13T17:00:00Z,Carolina Panthers,Chicago Bears,CAR,CHI,draftkings,h2h,Carolina Panthers,124.0,
fc362aff0d889ec52d358307a70c32ed,2026-09-05T15:48:52Z,2026-09-13T17:00:00Z,Carolina Panthers,Chicago Bears,CAR,CHI,draftkings,h2h,Chicago Bears,-148.0,
fc362aff0d889ec52d358307a70c32ed,2026-09-05T15:48:52Z,2026-09-13T17:00:00Z,Carolina Panthers,Chicago Bears,CAR,CHI,draftkings,spreads,Carolina Panthers,-102.0,2.5
fc362aff0d889ec52d358307a70c32ed,2026-09-05T15:48:52Z,2026-09-13T17:00:00Z,Carolina Panthers,Chicago Bears,CAR,CHI,draftkings,spreads,Chicago Bears,-118.0,-2.5
fc362aff0d889ec52d358307a70c32ed,2026-09-05T15:48:52Z,2026-09-13T17:00:00Z,Carolina Panthers,Chicago Bears,CAR,CHI,draftkings,totals,Over,-110.0,47.5
fc362aff0d889ec52d358307a70c32ed,2026-09-05T15:48:52Z,2026-09-13T17:00:00Z,Carolina Panthers,Chicago Bears,CAR,CHI,draftkings,totals,Under,-110.0,47.5
fc362aff0d889ec52d358307a70c32ed,2026-09-05T15:48:52Z,2026-09-13T17:00:00Z,Carolina Panthers,Chicago Bears,CAR,CHI,fanduel,h2h,Carolina Panthers,126.0,
fc362aff0d889ec52d358307a70c32ed,2026-09-05T15:48:52Z,2026-09-13T17:00:00Z,Carolina Panthers,Chicago Bears,CAR,CHI,fanduel,h2h,Chicago Bears,-148.0,
fc362aff0d889ec52d358307a70c32ed,2026-09-05T15:48:52Z,2026-09-13T17:00:00Z,Carolina Panthers,Chicago Bears,CAR,CHI,fanduel,spreads,Carolina Panthers,-102.0,2.5
fc362aff0d889ec52d358307a70c32ed,2026-09-05T15:48:52Z,2026-09-13T17:00:00Z,Carolina Panthers,Chicago Bears,CAR,CHI,fanduel,spreads,Chicago Bears,-120.0,-2.5
fc362aff0d889ec52d358307a70c32ed,2026-09-05T15:48:52Z,2026-09-13T17:00:00Z,Carolina Panthers,Chicago Bears,CAR,CHI,fanduel,totals,Over,-105.0,47.5
fc362aff0d889ec52d358307a70c32ed,2026-09-05T15:48:52Z,2026-09-13T17:00:00Z,Carolina Panthers,Chicago Bears,CAR,CHI,fanduel,totals,Under,-115.0,47.5
fc362aff0d889ec52d358307a70c32ed,2026-09-05T15:48:52Z,2026-09-13T17:00:00Z,Carolina Panthers,Chicago Bears,CAR,CHI,lowvig,h2h,Carolina Panthers,132.0,
fc362aff0d889ec52d358307a70c32ed,2026-09-05T15:48:52Z,2026-09-13T17:00:00Z,Carolina Panthers,Chicago Bears,CAR,CHI,lowvig,h2h,Chicago Bears,-152.0,
fc362aff0d889ec52d358307a70c32ed,2026-09-05T15:48:52Z,2026-09-13T17:00:00Z,Carolina Panthers,Chicago Bears,CAR,CHI,lowvig,spreads,Carolina Panthers,105.0,2.5
fc362aff0d889ec52d358307a70c32ed,2026-09-05T15:48:52Z,2026-09-13T17:00:00Z,Carolina Panthers,Chicago Bears,CAR,CHI,lowvig,spreads,Chicago Bears,-116.0,-2.5
fc362aff0d889ec52d358307a70c32ed,2026-09-05T15:48:52Z,2026-09-13T17:00:00Z,Carolina Panthers,Chicago Bears,CAR,CHI,lowvig,totals,Over,-102.0,47.5
fc362aff0d889ec52d358307a70c32ed,2026-09-05T15:48:52Z,2026-09-13T17:00:00Z,Carolina Panthers,Chicago Bears,CAR,CHI,lowvig,totals,Under,-113.0,47.5
fc362aff0d889ec52d358307a70c32ed,2026-09-05T15:48:52Z,2026-09-13T17:00:00Z,Carolina Panthers,Chicago Bears,CAR,CHI,betus,h2h,Carolina Panthers,138.0,
fc362aff0d889ec52d358307a70c32ed,2026-09-05T15:48:52Z,2026-09-13T17:00:00Z,Carolina Panthers,Chicago Bears,CAR,CHI,betus,h2h,Chicago Bears,-160.0,
fc362aff0d889ec52d358307a70c32ed,2026-09-05T15:48:52Z,2026-09-13T17:00:00Z,Carolina Panthers,Chicago Bears,CAR,CHI,betus,spreads,Carolina Panthers,-120.0,3.0
fc362aff0d889ec52d358307a70c32ed,2026-09-05T15:48:52Z,2026-09-13T17:00:00Z,Carolina Panthers,Chicago Bears,CAR,CHI,betus,spreads,Chicago Bears,100.0,-3.0
fc362aff0d889ec52d358307a70c32ed,2026-09-05T15:48:52Z,2026-09-13T17:00:00Z,Carolina Panthers,Chicago Bears,CAR,CHI,betus,totals,Over,-110.0,47.5
fc362aff0d889ec52d358307a70c32ed,2026-09-05T15:48:52Z,2026-09-13T17:00:00Z,Carolina Panthers,Chicago Bears,CAR,CHI,betus,totals,Under,-110.0,47.5
fc362aff0d889ec52d358307a70c32ed,2026-09-05T15:48:52Z,2026-09-13T17:00:00Z,Carolina Panthers,Chicago Bears,CAR,CHI,betonlineag,h2h,Carolina Panthers,132.0,
fc362aff0d889ec52d358307a70c32ed,2026-09-05T15:48:52Z,2026-09-13T17:00:00Z,Carolina Panthers,Chicago Bears,CAR,CHI,betonlineag,h2h,Chicago Bears,-152.0,
fc362aff0d889ec52d358307a70c32ed,2026-09-05T15:48:52Z,2026-09-13T17:00:00Z,Carolina Panthers,Chicago Bears,CAR,CHI,betonlineag,spreads,Carolina Panthers,100.0,2.5
fc362aff0d889ec52d358307a70c32ed,2026-09-05T15:48:52Z,2026-09-13T17:00:00Z,Carolina Panthers,Chicago Bears,CAR,CHI,betonlineag,spreads,Chicago Bears,-120.0,-2.5
fc362aff0d889ec52d358307a70c32ed,2026-09-05T15:48:52Z,2026-09-13T17:00:00Z,Carolina Panthers,Chicago Bears,CAR,CHI,betonlineag,totals,Over,-105.0,47.5
fc362aff0d889ec52d358307a70c32ed,2026-09-05T15:48:52Z,2026-09-13T17:00:00Z,Carolina Panthers,Chicago Bears,CAR,CHI,betonlineag,totals,Under,-115.0,47.5
fc362aff0d889ec52d358307a70c32ed,2026-09-05T15:48:52Z,2026-09-13T17:00:00Z,Carolina Panthers,Chicago Bears,CAR,CHI,betrivers,h2h,Carolina Panthers,128.0,
fc362aff0d889ec52d358307a70c32ed,2026-09-05T15:48:52Z,2026-09-13T17:00:00Z,Carolina Panthers,Chicago Bears,CAR,CHI,betrivers,h2h,Chicago Bears,-157.0,
fc362aff0d889ec52d358307a70c32ed,2026-09-05T15:48:52Z,2026-09-13T17:00:00Z,Carolina Panthers,Chicago Bears,CAR,CHI,betrivers,spreads,Carolina Panthers,-117.0,3.0
fc362aff0d889ec52d358307a70c32ed,2026-09-05T15:48:52Z,2026-09-13T17:00:00Z,Carolina Panthers,Chicago Bears,CAR,CHI,betrivers,spreads,Chicago Bears,-105.0,-3.0
fc362aff0d889ec52d358307a70c32ed,2026-09-05T15:48:52Z,2026-09-13T17:00:00Z,Carolina Panthers,Chicago Bears,CAR,CHI,betrivers,totals,Over,-110.0,47.5
fc362aff0d889ec52d358307a70c32ed,2026-09-05T15:48:52Z,2026-09-13T17:00:00Z,Carolina Panthers,Chicago Bears,CAR,CHI,betrivers,totals,Under,-110.0,47.5
fc362aff0d889ec52d358307a70c32ed,2026-09-05T15:48:52Z,2026-09-13T17:00:00Z,Carolina Panthers,Chicago Bears,CAR,CHI,betmgm,h2h,Carolina Panthers,125.0,
fc362aff0d889ec52d358307a70c32ed,2026-09-05T15:48:52Z,2026-09-13T17:00:00Z,Carolina Panthers,Chicago Bears,CAR,CHI,betmgm,h2h,Chicago Bears,-150.0,
fc362aff0d889ec52d358307a70c32ed,2026-09-05T15:48:52Z,2026-09-13T17:00:00Z,Carolina Panthers,Chicago Bears,CAR,CHI,betmgm,spreads,Carolina Panthers,-118.0,3.0
fc362aff0d889ec52d358307a70c32ed,2026-09-05T15:48:52Z,2026-09-13T17:00:00Z,Carolina Panthers,Chicago Bears,CAR,CHI,betmgm,spreads,Chicago Bears,-102.0,-3.0
fc362aff0d889ec52d358307a70c32ed,2026-09-05T15:48:52Z,2026-09-13T17:00:00Z,Carolina Panthers,Chicago Bears,CAR,CHI,betmgm,totals,Over,-108.0,47.5
fc362aff0d889ec52d358307a70c32ed,2026-09-05T15:48:52Z,2026-09-13T17:00:00Z,Carolina Panthers,Chicago Bears,CAR,CHI,betmgm,totals,Under,-110.0,47.5
fc362aff0d889ec52d358307a70c32ed,2026-09-05T15:48:52Z,2026-09-13T17:00:00Z,Carolina Panthers,Chicago Bears,CAR,CHI,bovada,h2h,Carolina Panthers,140.0,
fc362aff0d889ec52d358307a70c32ed,2026-09-05T15:48:52Z,2026-09-13T17:00:00Z,Carolina Panthers,Chicago Bears,CAR,CHI,bovada,h2h,Chicago Bears,-165.0,
fc362aff0d889ec52d358307a70c32ed,2026-09-05T15:48:52Z,2026-09-13T17:00:00Z,Carolina Panthers,Chicago Bears,CAR,CHI,bovada,spreads,Carolina Panthers,-115.0,3.0
fc362aff0d889ec52d358307a70c32ed,2026-09-05T15:48:52Z,2026-09-13T17:00:00Z,Carolina Panthers,Chicago Bears,CAR,CHI,bovada,spreads,Chicago Bears,-105.0,-3.0
fc362aff0d889ec52d358307a70c32ed,2026-09-05T15:48:52Z,2026-09-13T17:00:00Z,Carolina Panthers,Chicago Bears,CAR,CHI,bovada,totals,Over,-115.0,47.0
fc362aff0d889ec52d358307a70c32ed,2026-09-05T15:48:52Z,2026-09-13T17:00:00Z,Carolina Panthers,Chicago Bears,CAR,CHI,bovada,totals,Under,-105.0,47.0
fc362aff0d889ec52d358307a70c32ed,2026-09-05T15:48:52Z,2026-09-13T17:00:00Z,Carolina Panthers,Chicago Bears,CAR,CHI,mybookieag,h2h,Carolina Panthers,125.0,
fc362aff0d889ec52d358307a70c32ed,2026-09-05T15:48:52Z,2026-09-13T17:00:00Z,Carolina Panthers,Chicago Bears,CAR,CHI,mybookieag,h2h,Chicago Bears,-160.0,
fc362aff0d889ec52d358307a70c32ed,2026-09-05T15:48:52Z,2026-09-13T17:00:00Z,Carolina Panthers,Chicago Bears,CAR,CHI,mybookieag,spreads,Carolina Panthers,-120.0,3.0
fc362aff0d889ec52d358307a70c32ed,2026-09-05T15:48:52Z,2026-09-13T17:00:00Z,Carolina Panthers,Chicago Bears,CAR,CHI,mybookieag,spreads,Chicago Bears,100.0,-3.0
fc362aff0d889ec52d358307a70c32ed,2026-09-05T15:48:52Z,2026-09-13T17:00:00Z,Carolina Panthers,Chicago Bears,CAR,CHI,mybookieag,totals,Over,-110.0,47.5
fc362aff0d889ec52d358307a70c32ed,2026-09-05T15:48:52Z,2026-09-13T17:00:00Z,Carolina Panthers,Chicago Bears,CAR,CHI,mybookieag,totals,Under,-110.0,47.5
ed6d24ff979f9c71979fead577b0b3f7,2026-09-05T15:48:52Z,2026-09-13T17:00:00Z,Cincinnati Bengals,Tampa Bay Buccaneers,CIN,TB,draftkings,h2h,Cincinnati Bengals,-205.0,
ed6d24ff979f9c71979fead577b0b3f7,2026-09-05T15:48:52Z,2026-09-13T17:00:00Z,Cincinnati Bengals,Tampa Bay Buccaneers,CIN,TB,draftkings,h2h,Tampa Bay Buccaneers,170.0,
ed6d24ff979f9c71979fead577b0b3f7,2026-09-05T15:48:52Z,2026-09-13T17:00:00Z,Cincinnati Bengals,Tampa Bay Buccaneers,CIN,TB,draftkings,spreads,Cincinnati Bengals,-115.0,-3.5
ed6d24ff979f9c71979fead577b0b3f7,2026-09-05T15:48:52Z,2026-09-13T17:00:00Z,Cincinnati Bengals,Tampa Bay Buccaneers,CIN,TB,draftkings,spreads,Tampa Bay Buccaneers,-105.0,3.5
ed6d24ff979f9c71979fead577b0b3f7,2026-09-05T15:48:52Z,2026-09-13T17:00:00Z,Cincinnati Bengals,Tampa Bay Buccaneers,CIN,TB,draftkings,totals,Over,-120.0,50.5
ed6d24ff979f9c71979fead577b0b3f7,2026-09-05T15:48:52Z,2026-09-13T17:00:00Z,Cincinnati Bengals,Tampa Bay Buccaneers,CIN,TB,draftkings,totals,Under,100.0,50.5
ed6d24ff979f9c71979fead577b0b3f7,2026-09-05T15:48:52Z,2026-09-13T17:00:00Z,Cincinnati Bengals,Tampa Bay Buccaneers,CIN,TB,fanduel,h2h,Cincinnati Bengals,-205.0,
ed6d24ff979f9c71979fead577b0b3f7,2026-09-05T15:48:52Z,2026-09-13T17:00:00Z,Cincinnati Bengals,Tampa Bay Buccaneers,CIN,TB,fanduel,h2h,Tampa Bay Buccaneers,172.0,
ed6d24ff979f9c71979fead577b0b3f7,2026-09-05T15:48:52Z,2026-09-13T17:00:00Z,Cincinnati Bengals,Tampa Bay Buccaneers,CIN,TB,fanduel,spreads,Cincinnati Bengals,-115.0,-3.5
ed6d24ff979f9c71979fead577b0b3f7,2026-09-05T15:48:52Z,2026-09-13T17:00:00Z,Cincinnati Bengals,Tampa Bay Buccaneers,CIN,TB,fanduel,spreads,Tampa Bay Buccaneers,-105.0,3.5
ed6d24ff979f9c71979fead577b0b3f7,2026-09-05T15:48:52Z,2026-09-13T17:00:00Z,Cincinnati Bengals,Tampa Bay Buccaneers,CIN,TB,fanduel,totals,Over,-112.0,50.5
ed6d24ff979f9c71979fead577b0b3f7,2026-09-05T15:48:52Z,2026-09-13T17:00:00Z,Cincinnati Bengals,Tampa Bay Buccaneers,CIN,TB,fanduel,totals,Under,-108.0,50.5
ed6d24ff979f9c71979fead577b0b3f7,2026-09-05T15:48:52Z,2026-09-13T17:00:00Z,Cincinnati Bengals,Tampa Bay Buccaneers,CIN,TB,lowvig,h2h,Cincinnati Bengals,-210.0,
ed6d24ff979f9c71979fead577b0b3f7,2026-09-05T15:48:52Z,2026-09-13T17:00:00Z,Cincinnati Bengals,Tampa Bay Buccaneers,CIN,TB,lowvig,h2h,Tampa Bay Buccaneers,180.0,
ed6d24ff979f9c71979fead577b0b3f7,2026-09-05T15:48:52Z,2026-09-13T17:00:00Z,Cincinnati Bengals,Tampa Bay Buccaneers,CIN,TB,lowvig,spreads,Cincinnati Bengals,-102.0,-4.0
ed6d24ff979f9c71979fead577b0b3f7,2026-09-05T15:48:52Z,2026-09-13T17:00:00Z,Cincinnati Bengals,Tampa Bay Buccaneers,CIN,TB,lowvig,spreads,Tampa Bay Buccaneers,-108.0,4.0
ed6d24ff979f9c71979fead577b0b3f7,2026-09-05T15:48:52Z,2026-09-13T17:00:00Z,Cincinnati Bengals,Tampa Bay Buccaneers,CIN,TB,lowvig,totals,Over,-102.0,50.5
ed6d24ff979f9c71979fead577b0b3f7,2026-09-05T15:48:52Z,2026-09-13T17:00:00Z,Cincinnati Bengals,Tampa Bay Buccaneers,CIN,TB,lowvig,totals,Under,-113.0,50.5
ed6d24ff979f9c71979fead577b0b3f7,2026-09-05T15:48:52Z,2026-09-13T17:00:00Z,Cincinnati Bengals,Tampa Bay Buccaneers,CIN,TB,betus,h2h,Cincinnati Bengals,-210.0,
ed6d24ff979f9c71979fead577b0b3f7,2026-09-05T15:48:52Z,2026-09-13T17:00:00Z,Cincinnati Bengals,Tampa Bay Buccaneers,CIN,TB,betus,h2h,Tampa Bay Buccaneers,180.0,
ed6d24ff979f9c71979fead577b0b3f7,2026-09-05T15:48:52Z,2026-09-13T17:00:00Z,Cincinnati Bengals,Tampa Bay Buccaneers,CIN,TB,betus,spreads,Cincinnati Bengals,-110.0,-4.0
ed6d24ff979f9c71979fead577b0b3f7,2026-09-05T15:48:52Z,2026-09-13T17:00:00Z,Cincinnati Bengals,Tampa Bay Buccaneers,CIN,TB,betus,spreads,Tampa Bay Buccaneers,-110.0,4.0
ed6d24ff979f9c71979fead577b0b3f7,2026-09-05T15:48:52Z,2026-09-13T17:00:00Z,Cincinnati Bengals,Tampa Bay Buccaneers,CIN,TB,betus,totals,Over,-105.0,50.5
ed6d24ff979f9c71979fead577b0b3f7,2026-09-05T15:48:52Z,2026-09-13T17:00:00Z,Cincinnati Bengals,Tampa Bay Buccaneers,CIN,TB,betus,totals,Under,-115.0,50.5
ed6d24ff979f9c71979fead577b0b3f7,2026-09-05T15:48:52Z,2026-09-13T17:00:00Z,Cincinnati Bengals,Tampa Bay Buccaneers,CIN,TB,betonlineag,h2h,Cincinnati Bengals,-210.0,
ed6d24ff979f9c71979fead577b0b3f7,2026-09-05T15:48:52Z,2026-09-13T17:00:00Z,Cincinnati Bengals,Tampa Bay Buccaneers,CIN,TB,betonlineag,h2h,Tampa Bay Buccaneers,180.0,
ed6d24ff979f9c71979fead577b0b3f7,2026-09-05T15:48:52Z,2026-09-13T17:00:00Z,Cincinnati Bengals,Tampa Bay Buccaneers,CIN,TB,betonlineag,spreads,Cincinnati Bengals,-107.0,-4.0
ed6d24ff979f9c71979fead577b0b3f7,2026-09-05T15:48:52Z,2026-09-13T17:00:00Z,Cincinnati Bengals,Tampa Bay Buccaneers,CIN,TB,betonlineag,spreads,Tampa Bay Buccaneers,-113.0,4.0
ed6d24ff979f9c71979fead577b0b3f7,2026-09-05T15:48:52Z,2026-09-13T17:00:00Z,Cincinnati Bengals,Tampa Bay Buccaneers,CIN,TB,betonlineag,totals,Over,-105.0,50.5
ed6d24ff979f9c71979fead577b0b3f7,2026-09-05T15:48:52Z,2026-09-13T17:00:00Z,Cincinnati Bengals,Tampa Bay Buccaneers,CIN,TB,betonlineag,totals,Under,-115.0,50.5
ed6d24ff979f9c71979fead577b0b3f7,2026-09-05T15:48:52Z,2026-09-13T17:00:00Z,Cincinnati Bengals,Tampa Bay Buccaneers,CIN,TB,betrivers,h2h,Cincinnati Bengals,-205.0,
ed6d24ff979f9c71979fead577b0b3f7,2026-09-05T15:48:52Z,2026-09-13T17:00:00Z,Cincinnati Bengals,Tampa Bay Buccaneers,CIN,TB,betrivers,h2h,Tampa Bay Buccaneers,163.0,
ed6d24ff979f9c71979fead577b0b3f7,2026-09-05T15:48:52Z,2026-09-13T17:00:00Z,Cincinnati Bengals,Tampa Bay Buccaneers,CIN,TB,betrivers,spreads,Cincinnati Bengals,-113.0,-3.5
ed6d24ff979f9c71979fead577b0b3f7,2026-09-05T15:48:52Z,2026-09-13T17:00:00Z,Cincinnati Bengals,Tampa Bay Buccaneers,CIN,TB,betrivers,spreads,Tampa Bay Buccaneers,-108.0,3.5
ed6d24ff979f9c71979fead577b0b3f7,2026-09-05T15:48:52Z,2026-09-13T17:00:00Z,Cincinnati Bengals,Tampa Bay Buccaneers,CIN,TB,betrivers,totals,Over,-112.0,50.5
ed6d24ff979f9c71979fead577b0b3f7,2026-09-05T15:48:52Z,2026-09-13T17:00:00Z,Cincinnati Bengals,Tampa Bay Buccaneers,CIN,TB,betrivers,totals,Under,-109.0,50.5
ed6d24ff979f9c71979fead577b0b3f7,2026-09-05T15:48:52Z,2026-09-13T17:00:00Z,Cincinnati Bengals,Tampa Bay Buccaneers,CIN,TB,betmgm,h2h,Cincinnati Bengals,-210.0,
ed6d24ff979f9c71979fead577b0b3f7,2026-09-05T15:48:52Z,2026-09-13T17:00:00Z,Cincinnati Bengals,Tampa Bay Buccaneers,CIN,TB,betmgm,h2h,Tampa Bay Buccaneers,170.0,
ed6d24ff979f9c71979fead577b0b3f7,2026-09-05T15:48:52Z,2026-09-13T17:00:00Z,Cincinnati Bengals,Tampa Bay Buccaneers,CIN,TB,betmgm,spreads,Cincinnati Bengals,-108.0,-4.0
ed6d24ff979f9c71979fead577b0b3f7,2026-09-05T15:48:52Z,2026-09-13T17:00:00Z,Cincinnati Bengals,Tampa Bay Buccaneers,CIN,TB,betmgm,spreads,Tampa Bay Buccaneers,-110.0,4.0
ed6d24ff979f9c71979fead577b0b3f7,2026-09-05T15:48:52Z,2026-09-13T17:00:00Z,Cincinnati Bengals,Tampa Bay Buccaneers,CIN,TB,betmgm,totals,Over,-112.0,50.5
ed6d24ff979f9c71979fead577b0b3f7,2026-09-05T15:48:52Z,2026-09-13T17:00:00Z,Cincinnati Bengals,Tampa Bay Buccaneers,CIN,TB,betmgm,totals,Under,-105.0,50.5
ed6d24ff979f9c71979fead577b0b3f7,2026-09-05T15:48:52Z,2026-09-13T17:00:00Z,Cincinnati Bengals,Tampa Bay Buccaneers,CIN,TB,bovada,h2h,Cincinnati Bengals,-220.0,
ed6d24ff979f9c71979fead577b0b3f7,2026-09-05T15:48:52Z,2026-09-13T17:00:00Z,Cincinnati Bengals,Tampa Bay Buccaneers,CIN,TB,bovada,h2h,Tampa Bay Buccaneers,180.0,
ed6d24ff979f9c71979fead577b0b3f7,2026-09-05T15:48:52Z,2026-09-13T17:00:00Z,Cincinnati Bengals,Tampa Bay Buccaneers,CIN,TB,bovada,spreads,Cincinnati Bengals,-110.0,-4.0
ed6d24ff979f9c71979fead577b0b3f7,2026-09-05T15:48:52Z,2026-09-13T17:00:00Z,Cincinnati Bengals,Tampa Bay Buccaneers,CIN,TB,bovada,spreads,Tampa Bay Buccaneers,-110.0,4.0
ed6d24ff979f9c71979fead577b0b3f7,2026-09-05T15:48:52Z,2026-09-13T17:00:00Z,Cincinnati Bengals,Tampa Bay Buccaneers,CIN,TB,bovada,totals,Over,105.0,51.5
ed6d24ff979f9c71979fead577b0b3f7,2026-09-05T15:48:52Z,2026-09-13T17:00:00Z,Cincinnati Bengals,Tampa Bay Buccaneers,CIN,TB,bovada,totals,Under,-125.0,51.5
ed6d24ff979f9c71979fead577b0b3f7,2026-09-05T15:48:52Z,2026-09-13T17:00:00Z,Cincinnati Bengals,Tampa Bay Buccaneers,CIN,TB,mybookieag,h2h,Cincinnati Bengals,-216.0,
ed6d24ff979f9c71979fead577b0b3f7,2026-09-05T15:48:52Z,2026-09-13T17:00:00Z,Cincinnati Bengals,Tampa Bay Buccaneers,CIN,TB,mybookieag,h2h,Tampa Bay Buccaneers,166.0,
ed6d24ff979f9c71979fead577b0b3f7,2026-09-05T15:48:52Z,2026-09-13T17:00:00Z,Cincinnati Bengals,Tampa Bay Buccaneers,CIN,TB,mybookieag,spreads,Cincinnati Bengals,-110.0,-4.5
ed6d24ff979f9c71979fead577b0b3f7,2026-09-05T15:48:52Z,2026-09-13T17:00:00Z,Cincinnati Bengals,Tampa Bay Buccaneers,CIN,TB,mybookieag,spreads,Tampa Bay Buccaneers,-110.0,4.5
ed6d24ff979f9c71979fead577b0b3f7,2026-09-05T15:48:52Z,2026-09-13T17:00:00Z,Cincinnati Bengals,Tampa Bay Buccaneers,CIN,TB,mybookieag,totals,Over,-110.0,50.5
ed6d24ff979f9c71979fead577b0b3f7,2026-09-05T15:48:52Z,2026-09-13T17:00:00Z,Cincinnati Bengals,Tampa Bay Buccaneers,CIN,TB,mybookieag,totals,Under,-110.0,50.5
e55c6fe19fce094ce214c8b0e5b504e9,2026-09-05T15:48:52Z,2026-09-13T17:00:00Z,Jacksonville Jaguars,Cleveland Browns,JAX,CLE,draftkings,h2h,Cleveland Browns,320.0,
e55c6fe19fce094ce214c8b0e5b504e9,2026-09-05T15:48:52Z,2026-09-13T17:00:00Z,Jacksonville Jaguars,Cleveland Browns,JAX,CLE,draftkings,h2h,Jacksonville Jaguars,-410.0,
e55c6fe19fce094ce214c8b0e5b504e9,2026-09-05T15:48:52Z,2026-09-13T17:00:00Z,Jacksonville Jaguars,Cleveland Browns,JAX,CLE,draftkings,spreads,Cleveland Browns,-110.0,7.5
e55c6fe19fce094ce214c8b0e5b504e9,2026-09-05T15:48:52Z,2026-09-13T17:00:00Z,Jacksonville Jaguars,Cleveland Browns,JAX,CLE,draftkings,spreads,Jacksonville Jaguars,-110.0,-7.5
e55c6fe19fce094ce214c8b0e5b504e9,2026-09-05T15:48:52Z,2026-09-13T17:00:00Z,Jacksonville Jaguars,Cleveland Browns,JAX,CLE,draftkings,totals,Over,-110.0,40.5
e55c6fe19fce094ce214c8b0e5b504e9,2026-09-05T15:48:52Z,2026-09-13T17:00:00Z,Jacksonville Jaguars,Cleveland Browns,JAX,CLE,draftkings,totals,Under,-110.0,40.5
e55c6fe19fce094ce214c8b0e5b504e9,2026-09-05T15:48:52Z,2026-09-13T17:00:00Z,Jacksonville Jaguars,Cleveland Browns,JAX,CLE,fanduel,h2h,Cleveland Browns,315.0,
e55c6fe19fce094ce214c8b0e5b504e9,2026-09-05T15:48:52Z,2026-09-13T17:00:00Z,Jacksonville Jaguars,Cleveland Browns,JAX,CLE,fanduel,h2h,Jacksonville Jaguars,-400.0,
e55c6fe19fce094ce214c8b0e5b504e9,2026-09-05T15:48:52Z,2026-09-13T17:00:00Z,Jacksonville Jaguars,Cleveland Browns,JAX,CLE,fanduel,spreads,Cleveland Browns,-105.0,7.5
e55c6fe19fce094ce214c8b0e5b504e9,2026-09-05T15:48:52Z,2026-09-13T17:00:00Z,Jacksonville Jaguars,Cleveland Browns,JAX,CLE,fanduel,spreads,Jacksonville Jaguars,-115.0,-7.5
e55c6fe19fce094ce214c8b0e5b504e9,2026-09-05T15:48:52Z,2026-09-13T17:00:00Z,Jacksonville Jaguars,Cleveland Browns,JAX,CLE,fanduel,totals,Over,-110.0,40.5
e55c6fe19fce094ce214c8b0e5b504e9,2026-09-05T15:48:52Z,2026-09-13T17:00:00Z,Jacksonville Jaguars,Cleveland Browns,JAX,CLE,fanduel,totals,Under,-110.0,40.5
e55c6fe19fce094ce214c8b0e5b504e9,2026-09-05T15:48:52Z,2026-09-13T17:00:00Z,Jacksonville Jaguars,Cleveland Browns,JAX,CLE,betus,h2h,Cleveland Browns,312.0,
e55c6fe19fce094ce214c8b0e5b504e9,2026-09-05T15:48:52Z,2026-09-13T17:00:00Z,Jacksonville Jaguars,Cleveland Browns,JAX,CLE,betus,h2h,Jacksonville Jaguars,-390.0,
e55c6fe19fce094ce214c8b0e5b504e9,2026-09-05T15:48:52Z,2026-09-13T17:00:00Z,Jacksonville Jaguars,Cleveland Browns,JAX,CLE,betus,spreads,Cleveland Browns,-125.0,9.0
e55c6fe19fce094ce214c8b0e5b504e9,2026-09-05T15:48:52Z,2026-09-13T17:00:00Z,Jacksonville Jaguars,Cleveland Browns,JAX,CLE,betus,spreads,Jacksonville Jaguars,105.0,-9.0
e55c6fe19fce094ce214c8b0e5b504e9,2026-09-05T15:48:52Z,2026-09-13T17:00:00Z,Jacksonville Jaguars,Cleveland Browns,JAX,CLE,betus,totals,Over,-110.0,40.5
e55c6fe19fce094ce214c8b0e5b504e9,2026-09-05T15:48:52Z,2026-09-13T17:00:00Z,Jacksonville Jaguars,Cleveland Browns,JAX,CLE,betus,totals,Under,-110.0,40.5
e55c6fe19fce094ce214c8b0e5b504e9,2026-09-05T15:48:52Z,2026-09-13T17:00:00Z,Jacksonville Jaguars,Cleveland Browns,JAX,CLE,betrivers,h2h,Cleveland Browns,300.0,
e55c6fe19fce094ce214c8b0e5b504e9,2026-09-05T15:48:52Z,2026-09-13T17:00:00Z,Jacksonville Jaguars,Cleveland Browns,JAX,CLE,betrivers,h2h,Jacksonville Jaguars,-400.0,
e55c6fe19fce094ce214c8b0e5b504e9,2026-09-05T15:48:52Z,2026-09-13T17:00:00Z,Jacksonville Jaguars,Cleveland Browns,JAX,CLE,betrivers,spreads,Cleveland Browns,-114.0,8.5
e55c6fe19fce094ce214c8b0e5b504e9,2026-09-05T15:48:52Z,2026-09-13T17:00:00Z,Jacksonville Jaguars,Cleveland Browns,JAX,CLE,betrivers,spreads,Jacksonville Jaguars,-107.0,-8.5
e55c6fe19fce094ce214c8b0e5b504e9,2026-09-05T15:48:52Z,2026-09-13T17:00:00Z,Jacksonville Jaguars,Cleveland Browns,JAX,CLE,betrivers,totals,Over,-113.0,40.5
e55c6fe19fce094ce214c8b0e5b504e9,2026-09-05T15:48:52Z,2026-09-13T17:00:00Z,Jacksonville Jaguars,Cleveland Browns,JAX,CLE,betrivers,totals,Under,-108.0,40.5
e55c6fe19fce094ce214c8b0e5b504e9,2026-09-05T15:48:52Z,2026-09-13T17:00:00Z,Jacksonville Jaguars,Cleveland Browns,JAX,CLE,betonlineag,h2h,Cleveland Browns,310.0,
e55c6fe19fce094ce214c8b0e5b504e9,2026-09-05T15:48:52Z,2026-09-13T17:00:00Z,Jacksonville Jaguars,Cleveland Browns,JAX,CLE,betonlineag,h2h,Jacksonville Jaguars,-390.0,
e55c6fe19fce094ce214c8b0e5b504e9,2026-09-05T15:48:52Z,2026-09-13T17:00:00Z,Jacksonville Jaguars,Cleveland Browns,JAX,CLE,betonlineag,spreads,Cleveland Browns,-113.0,8.0
e55c6fe19fce094ce214c8b0e5b504e9,2026-09-05T15:48:52Z,2026-09-13T17:00:00Z,Jacksonville Jaguars,Cleveland Browns,JAX,CLE,betonlineag,spreads,Jacksonville Jaguars,-107.0,-8.0
e55c6fe19fce094ce214c8b0e5b504e9,2026-09-05T15:48:52Z,2026-09-13T17:00:00Z,Jacksonville Jaguars,Cleveland Browns,JAX,CLE,betonlineag,totals,Over,-110.0,40.5
e55c6fe19fce094ce214c8b0e5b504e9,2026-09-05T15:48:52Z,2026-09-13T17:00:00Z,Jacksonville Jaguars,Cleveland Browns,JAX,CLE,betonlineag,totals,Under,-110.0,40.5
e55c6fe19fce094ce214c8b0e5b504e9,2026-09-05T15:48:52Z,2026-09-13T17:00:00Z,Jacksonville Jaguars,Cleveland Browns,JAX,CLE,lowvig,h2h,Cleveland Browns,310.0,
e55c6fe19fce094ce214c8b0e5b504e9,2026-09-05T15:48:52Z,2026-09-13T17:00:00Z,Jacksonville Jaguars,Cleveland Browns,JAX,CLE,lowvig,h2h,Jacksonville Jaguars,-390.0,
e55c6fe19fce094ce214c8b0e5b504e9,2026-09-05T15:48:52Z,2026-09-13T17:00:00Z,Jacksonville Jaguars,Cleveland Browns,JAX,CLE,lowvig,spreads,Cleveland Browns,-108.0,8.0
e55c6fe19fce094ce214c8b0e5b504e9,2026-09-05T15:48:52Z,2026-09-13T17:00:00Z,Jacksonville Jaguars,Cleveland Browns,JAX,CLE,lowvig,spreads,Jacksonville Jaguars,-102.0,-8.0
e55c6fe19fce094ce214c8b0e5b504e9,2026-09-05T15:48:52Z,2026-09-13T17:00:00Z,Jacksonville Jaguars,Cleveland Browns,JAX,CLE,lowvig,totals,Over,-107.0,40.5
e55c6fe19fce094ce214c8b0e5b504e9,2026-09-05T15:48:52Z,2026-09-13T17:00:00Z,Jacksonville Jaguars,Cleveland Browns,JAX,CLE,lowvig,totals,Under,-107.0,40.5
e55c6fe19fce094ce214c8b0e5b504e9,2026-09-05T15:48:52Z,2026-09-13T17:00:00Z,Jacksonville Jaguars,Cleveland Browns,JAX,CLE,betmgm,h2h,Cleveland Browns,310.0,
e55c6fe19fce094ce214c8b0e5b504e9,2026-09-05T15:48:52Z,2026-09-13T17:00:00Z,Jacksonville Jaguars,Cleveland Browns,JAX,CLE,betmgm,h2h,Jacksonville Jaguars,-375.0,
e55c6fe19fce094ce214c8b0e5b504e9,2026-09-05T15:48:52Z,2026-09-13T17:00:00Z,Jacksonville Jaguars,Cleveland Browns,JAX,CLE,betmgm,spreads,Cleveland Browns,-110.0,8.0
e55c6fe19fce094ce214c8b0e5b504e9,2026-09-05T15:48:52Z,2026-09-13T17:00:00Z,Jacksonville Jaguars,Cleveland Browns,JAX,CLE,betmgm,spreads,Jacksonville Jaguars,-108.0,-8.0
e55c6fe19fce094ce214c8b0e5b504e9,2026-09-05T15:48:52Z,2026-09-13T17:00:00Z,Jacksonville Jaguars,Cleveland Browns,JAX,CLE,betmgm,totals,Over,-108.0,40.5
e55c6fe19fce094ce214c8b0e5b504e9,2026-09-05T15:48:52Z,2026-09-13T17:00:00Z,Jacksonville Jaguars,Cleveland Browns,JAX,CLE,betmgm,totals,Under,-110.0,40.5
e55c6fe19fce094ce214c8b0e5b504e9,2026-09-05T15:48:52Z,2026-09-13T17:00:00Z,Jacksonville Jaguars,Cleveland Browns,JAX,CLE,bovada,h2h,Cleveland Browns,305.0,
e55c6fe19fce094ce214c8b0e5b504e9,2026-09-05T15:48:52Z,2026-09-13T17:00:00Z,Jacksonville Jaguars,Cleveland Browns,JAX,CLE,bovada,h2h,Jacksonville Jaguars,-410.0,
e55c6fe19fce094ce214c8b0e5b504e9,2026-09-05T15:48:52Z,2026-09-13T17:00:00Z,Jacksonville Jaguars,Cleveland Browns,JAX,CLE,bovada,spreads,Cleveland Browns,-120.0,8.5
e55c6fe19fce094ce214c8b0e5b504e9,2026-09-05T15:48:52Z,2026-09-13T17:00:00Z,Jacksonville Jaguars,Cleveland Browns,JAX,CLE,bovada,spreads,Jacksonville Jaguars,100.0,-8.5
e55c6fe19fce094ce214c8b0e5b504e9,2026-09-05T15:48:52Z,2026-09-13T17:00:00Z,Jacksonville Jaguars,Cleveland Browns,JAX,CLE,bovada,totals,Over,-110.0,40.5
e55c6fe19fce094ce214c8b0e5b504e9,2026-09-05T15:48:52Z,2026-09-13T17:00:00Z,Jacksonville Jaguars,Cleveland Browns,JAX,CLE,bovada,totals,Under,-110.0,40.5
e55c6fe19fce094ce214c8b0e5b504e9,2026-09-05T15:48:52Z,2026-09-13T17:00:00Z,Jacksonville Jaguars,Cleveland Browns,JAX,CLE,mybookieag,h2h,Cleveland Browns,320.0,
e55c6fe19fce094ce214c8b0e5b504e9,2026-09-05T15:48:52Z,2026-09-13T17:00:00Z,Jacksonville Jaguars,Cleveland Browns,JAX,CLE,mybookieag,h2h,Jacksonville Jaguars,-469.0,
e55c6fe19fce094ce214c8b0e5b504e9,2026-09-05T15:48:52Z,2026-09-13T17:00:00Z,Jacksonville Jaguars,Cleveland Browns,JAX,CLE,mybookieag,spreads,Cleveland Browns,-110.0,8.5
e55c6fe19fce094ce214c8b0e5b504e9,2026-09-05T15:48:52Z,2026-09-13T17:00:00Z,Jacksonville Jaguars,Cleveland Browns,JAX,CLE,mybookieag,spreads,Jacksonville Jaguars,-110.0,-8.5
e55c6fe19fce094ce214c8b0e5b504e9,2026-09-05T15:48:52Z,2026-09-13T17:00:00Z,Jacksonville Jaguars,Cleveland Browns,JAX,CLE,mybookieag,totals,Over,-110.0,40.5
e55c6fe19fce094ce214c8b0e5b504e9,2026-09-05T15:48:52Z,2026-09-13T17:00:00Z,Jacksonville Jaguars,Cleveland Browns,JAX,CLE,mybookieag,totals,Under,-110.0,40.5
c1d3fcec25aaeb06ebd2244d33d338e0,2026-09-05T15:48:52Z,2026-09-13T17:00:00Z,Detroit Lions,New Orleans Saints,DET,NO,draftkings,h2h,Detroit Lions,-310.0,
c1d3fcec25aaeb06ebd2244d33d338e0,2026-09-05T15:48:52Z,2026-09-13T17:00:00Z,Detroit Lions,New Orleans Saints,DET,NO,draftkings,h2h,New Orleans Saints,250.0,
c1d3fcec25aaeb06ebd2244d33d338e0,2026-09-05T15:48:52Z,2026-09-13T17:00:00Z,Detroit Lions,New Orleans Saints,DET,NO,draftkings,spreads,Detroit Lions,-110.0,-7.0
c1d3fcec25aaeb06ebd2244d33d338e0,2026-09-05T15:48:52Z,2026-09-13T17:00:00Z,Detroit Lions,New Orleans Saints,DET,NO,draftkings,spreads,New Orleans Saints,-110.0,7.0
c1d3fcec25aaeb06ebd2244d33d338e0,2026-09-05T15:48:52Z,2026-09-13T17:00:00Z,Detroit Lions,New Orleans Saints,DET,NO,draftkings,totals,Over,-115.0,49.5
c1d3fcec25aaeb06ebd2244d33d338e0,2026-09-05T15:48:52Z,2026-09-13T17:00:00Z,Detroit Lions,New Orleans Saints,DET,NO,draftkings,totals,Under,-105.0,49.5
c1d3fcec25aaeb06ebd2244d33d338e0,2026-09-05T15:48:52Z,2026-09-13T17:00:00Z,Detroit Lions,New Orleans Saints,DET,NO,fanduel,h2h,Detroit Lions,-335.0,
c1d3fcec25aaeb06ebd2244d33d338e0,2026-09-05T15:48:52Z,2026-09-13T17:00:00Z,Detroit Lions,New Orleans Saints,DET,NO,fanduel,h2h,New Orleans Saints,270.0,
c1d3fcec25aaeb06ebd2244d33d338e0,2026-09-05T15:48:52Z,2026-09-13T17:00:00Z,Detroit Lions,New Orleans Saints,DET,NO,fanduel,spreads,Detroit Lions,-122.0,-6.5
c1d3fcec25aaeb06ebd2244d33d338e0,2026-09-05T15:48:52Z,2026-09-13T17:00:00Z,Detroit Lions,New Orleans Saints,DET,NO,fanduel,spreads,New Orleans Saints,100.0,6.5
c1d3fcec25aaeb06ebd2244d33d338e0,2026-09-05T15:48:52Z,2026-09-13T17:00:00Z,Detroit Lions,New Orleans Saints,DET,NO,fanduel,totals,Over,-115.0,49.5
c1d3fcec25aaeb06ebd2244d33d338e0,2026-09-05T15:48:52Z,2026-09-13T17:00:00Z,Detroit Lions,New Orleans Saints,DET,NO,fanduel,totals,Under,-105.0,49.5
c1d3fcec25aaeb06ebd2244d33d338e0,2026-09-05T15:48:52Z,2026-09-13T17:00:00Z,Detroit Lions,New Orleans Saints,DET,NO,lowvig,h2h,Detroit Lions,-305.0,
c1d3fcec25aaeb06ebd2244d33d338e0,2026-09-05T15:48:52Z,2026-09-13T17:00:00Z,Detroit Lions,New Orleans Saints,DET,NO,lowvig,h2h,New Orleans Saints,249.0,
c1d3fcec25aaeb06ebd2244d33d338e0,2026-09-05T15:48:52Z,2026-09-13T17:00:00Z,Detroit Lions,New Orleans Saints,DET,NO,lowvig,spreads,Detroit Lions,101.0,-7.0
c1d3fcec25aaeb06ebd2244d33d338e0,2026-09-05T15:48:52Z,2026-09-13T17:00:00Z,Detroit Lions,New Orleans Saints,DET,NO,lowvig,spreads,New Orleans Saints,-112.0,7.0
c1d3fcec25aaeb06ebd2244d33d338e0,2026-09-05T15:48:52Z,2026-09-13T17:00:00Z,Detroit Lions,New Orleans Saints,DET,NO,lowvig,totals,Over,-107.0,50.0
c1d3fcec25aaeb06ebd2244d33d338e0,2026-09-05T15:48:52Z,2026-09-13T17:00:00Z,Detroit Lions,New Orleans Saints,DET,NO,lowvig,totals,Under,-107.0,50.0
c1d3fcec25aaeb06ebd2244d33d338e0,2026-09-05T15:48:52Z,2026-09-13T17:00:00Z,Detroit Lions,New Orleans Saints,DET,NO,betonlineag,h2h,Detroit Lions,-305.0,
c1d3fcec25aaeb06ebd2244d33d338e0,2026-09-05T15:48:52Z,2026-09-13T17:00:00Z,Detroit Lions,New Orleans Saints,DET,NO,betonlineag,h2h,New Orleans Saints,249.0,
c1d3fcec25aaeb06ebd2244d33d338e0,2026-09-05T15:48:52Z,2026-09-13T17:00:00Z,Detroit Lions,New Orleans Saints,DET,NO,betonlineag,spreads,Detroit Lions,-104.0,-7.0
c1d3fcec25aaeb06ebd2244d33d338e0,2026-09-05T15:48:52Z,2026-09-13T17:00:00Z,Detroit Lions,New Orleans Saints,DET,NO,betonlineag,spreads,New Orleans Saints,-116.0,7.0
c1d3fcec25aaeb06ebd2244d33d338e0,2026-09-05T15:48:52Z,2026-09-13T17:00:00Z,Detroit Lions,New Orleans Saints,DET,NO,betonlineag,totals,Over,-110.0,50.0
c1d3fcec25aaeb06ebd2244d33d338e0,2026-09-05T15:48:52Z,2026-09-13T17:00:00Z,Detroit Lions,New Orleans Saints,DET,NO,betonlineag,totals,Under,-110.0,50.0
c1d3fcec25aaeb06ebd2244d33d338e0,2026-09-05T15:48:52Z,2026-09-13T17:00:00Z,Detroit Lions,New Orleans Saints,DET,NO,betus,h2h,Detroit Lions,-305.0,
c1d3fcec25aaeb06ebd2244d33d338e0,2026-09-05T15:48:52Z,2026-09-13T17:00:00Z,Detroit Lions,New Orleans Saints,DET,NO,betus,h2h,New Orleans Saints,253.0,
c1d3fcec25aaeb06ebd2244d33d338e0,2026-09-05T15:48:52Z,2026-09-13T17:00:00Z,Detroit Lions,New Orleans Saints,DET,NO,betus,spreads,Detroit Lions,-105.0,-7.0
c1d3fcec25aaeb06ebd2244d33d338e0,2026-09-05T15:48:52Z,2026-09-13T17:00:00Z,Detroit Lions,New Orleans Saints,DET,NO,betus,spreads,New Orleans Saints,-115.0,7.0
c1d3fcec25aaeb06ebd2244d33d338e0,2026-09-05T15:48:52Z,2026-09-13T17:00:00Z,Detroit Lions,New Orleans Saints,DET,NO,betus,totals,Over,-110.0,50.0
c1d3fcec25aaeb06ebd2244d33d338e0,2026-09-05T15:48:52Z,2026-09-13T17:00:00Z,Detroit Lions,New Orleans Saints,DET,NO,betus,totals,Under,-110.0,50.0
c1d3fcec25aaeb06ebd2244d33d338e0,2026-09-05T15:48:52Z,2026-09-13T17:00:00Z,Detroit Lions,New Orleans Saints,DET,NO,betrivers,h2h,Detroit Lions,-345.0,
c1d3fcec25aaeb06ebd2244d33d338e0,2026-09-05T15:48:52Z,2026-09-13T17:00:00Z,Detroit Lions,New Orleans Saints,DET,NO,betrivers,h2h,New Orleans Saints,265.0,
c1d3fcec25aaeb06ebd2244d33d338e0,2026-09-05T15:48:52Z,2026-09-13T17:00:00Z,Detroit Lions,New Orleans Saints,DET,NO,betrivers,spreads,Detroit Lions,-113.0,-7.0
c1d3fcec25aaeb06ebd2244d33d338e0,2026-09-05T15:48:52Z,2026-09-13T17:00:00Z,Detroit Lions,New Orleans Saints,DET,NO,betrivers,spreads,New Orleans Saints,-108.0,7.0
c1d3fcec25aaeb06ebd2244d33d338e0,2026-09-05T15:48:52Z,2026-09-13T17:00:00Z,Detroit Lions,New Orleans Saints,DET,NO,betrivers,totals,Over,-113.0,50.0
c1d3fcec25aaeb06ebd2244d33d338e0,2026-09-05T15:48:52Z,2026-09-13T17:00:00Z,Detroit Lions,New Orleans Saints,DET,NO,betrivers,totals,Under,-108.0,50.0
c1d3fcec25aaeb06ebd2244d33d338e0,2026-09-05T15:48:52Z,2026-09-13T17:00:00Z,Detroit Lions,New Orleans Saints,DET,NO,betmgm,h2h,Detroit Lions,-325.0,
c1d3fcec25aaeb06ebd2244d33d338e0,2026-09-05T15:48:52Z,2026-09-13T17:00:00Z,Detroit Lions,New Orleans Saints,DET,NO,betmgm,h2h,New Orleans Saints,260.0,
c1d3fcec25aaeb06ebd2244d33d338e0,2026-09-05T15:48:52Z,2026-09-13T17:00:00Z,Detroit Lions,New Orleans Saints,DET,NO,betmgm,spreads,Detroit Lions,-108.0,-7.0
c1d3fcec25aaeb06ebd2244d33d338e0,2026-09-05T15:48:52Z,2026-09-13T17:00:00Z,Detroit Lions,New Orleans Saints,DET,NO,betmgm,spreads,New Orleans Saints,-110.0,7.0
c1d3fcec25aaeb06ebd2244d33d338e0,2026-09-05T15:48:52Z,2026-09-13T17:00:00Z,Detroit Lions,New Orleans Saints,DET,NO,betmgm,totals,Over,-108.0,50.0
c1d3fcec25aaeb06ebd2244d33d338e0,2026-09-05T15:48:52Z,2026-09-13T17:00:00Z,Detroit Lions,New Orleans Saints,DET,NO,betmgm,totals,Under,-110.0,50.0
c1d3fcec25aaeb06ebd2244d33d338e0,2026-09-05T15:48:52Z,2026-09-13T17:00:00Z,Detroit Lions,New Orleans Saints,DET,NO,bovada,h2h,Detroit Lions,-330.0,
c1d3fcec25aaeb06ebd2244d33d338e0,2026-09-05T15:48:52Z,2026-09-13T17:00:00Z,Detroit Lions,New Orleans Saints,DET,NO,bovada,h2h,New Orleans Saints,265.0,
c1d3fcec25aaeb06ebd2244d33d338e0,2026-09-05T15:48:52Z,2026-09-13T17:00:00Z,Detroit Lions,New Orleans Saints,DET,NO,bovada,spreads,Detroit Lions,-105.0,-7.0
c1d3fcec25aaeb06ebd2244d33d338e0,2026-09-05T15:48:52Z,2026-09-13T17:00:00Z,Detroit Lions,New Orleans Saints,DET,NO,bovada,spreads,New Orleans Saints,-115.0,7.0
c1d3fcec25aaeb06ebd2244d33d338e0,2026-09-05T15:48:52Z,2026-09-13T17:00:00Z,Detroit Lions,New Orleans Saints,DET,NO,bovada,totals,Over,-105.0,50.0
c1d3fcec25aaeb06ebd2244d33d338e0,2026-09-05T15:48:52Z,2026-09-13T17:00:00Z,Detroit Lions,New Orleans Saints,DET,NO,bovada,totals,Under,-115.0,50.0
c1d3fcec25aaeb06ebd2244d33d338e0,2026-09-05T15:48:52Z,2026-09-13T17:00:00Z,Detroit Lions,New Orleans Saints,DET,NO,mybookieag,h2h,Detroit Lions,-330.0,
c1d3fcec25aaeb06ebd2244d33d338e0,2026-09-05T15:48:52Z,2026-09-13T17:00:00Z,Detroit Lions,New Orleans Saints,DET,NO,mybookieag,h2h,New Orleans Saints,240.0,
c1d3fcec25aaeb06ebd2244d33d338e0,2026-09-05T15:48:52Z,2026-09-13T17:00:00Z,Detroit Lions,New Orleans Saints,DET,NO,mybookieag,spreads,Detroit Lions,-110.0,-7.0
c1d3fcec25aaeb06ebd2244d33d338e0,2026-09-05T15:48:52Z,2026-09-13T17:00:00Z,Detroit Lions,New Orleans Saints,DET,NO,mybookieag,spreads,New Orleans Saints,-110.0,7.0
c1d3fcec25aaeb06ebd2244d33d338e0,2026-09-05T15:48:52Z,2026-09-13T17:00:00Z,Detroit Lions,New Orleans Saints,DET,NO,mybookieag,totals,Over,-110.0,50.0
c1d3fcec25aaeb06ebd2244d33d338e0,2026-09-05T15:48:52Z,2026-09-13T17:00:00Z,Detroit Lions,New Orleans Saints,DET,NO,mybookieag,totals,Under,-110.0,50.0
7dddb296a42e7a41a774b24bd1709ce1,2026-09-05T15:48:52Z,2026-09-13T17:00:00Z,Tennessee Titans,New York Jets,TEN,NYJ,draftkings,h2h,New York Jets,110.0,
7dddb296a42e7a41a774b24bd1709ce1,2026-09-05T15:48:52Z,2026-09-13T17:00:00Z,Tennessee Titans,New York Jets,TEN,NYJ,draftkings,h2h,Tennessee Titans,-130.0,
7dddb296a42e7a41a774b24bd1709ce1,2026-09-05T15:48:52Z,2026-09-13T17:00:00Z,Tennessee Titans,New York Jets,TEN,NYJ,draftkings,spreads,New York Jets,-105.0,1.5
7dddb296a42e7a41a774b24bd1709ce1,2026-09-05T15:48:52Z,2026-09-13T17:00:00Z,Tennessee Titans,New York Jets,TEN,NYJ,draftkings,spreads,Tennessee Titans,-115.0,-1.5
7dddb296a42e7a41a774b24bd1709ce1,2026-09-05T15:48:52Z,2026-09-13T17:00:00Z,Tennessee Titans,New York Jets,TEN,NYJ,draftkings,totals,Over,-105.0,39.5
7dddb296a42e7a41a774b24bd1709ce1,2026-09-05T15:48:52Z,2026-09-13T17:00:00Z,Tennessee Titans,New York Jets,TEN,NYJ,draftkings,totals,Under,-115.0,39.5
7dddb296a42e7a41a774b24bd1709ce1,2026-09-05T15:48:52Z,2026-09-13T17:00:00Z,Tennessee Titans,New York Jets,TEN,NYJ,fanduel,h2h,New York Jets,110.0,
7dddb296a42e7a41a774b24bd1709ce1,2026-09-05T15:48:52Z,2026-09-13T17:00:00Z,Tennessee Titans,New York Jets,TEN,NYJ,fanduel,h2h,Tennessee Titans,-130.0,
7dddb296a42e7a41a774b24bd1709ce1,2026-09-05T15:48:52Z,2026-09-13T17:00:00Z,Tennessee Titans,New York Jets,TEN,NYJ,fanduel,spreads,New York Jets,-120.0,2.5
7dddb296a42e7a41a774b24bd1709ce1,2026-09-05T15:48:52Z,2026-09-13T17:00:00Z,Tennessee Titans,New York Jets,TEN,NYJ,fanduel,spreads,Tennessee Titans,-102.0,-2.5
7dddb296a42e7a41a774b24bd1709ce1,2026-09-05T15:48:52Z,2026-09-13T17:00:00Z,Tennessee Titans,New York Jets,TEN,NYJ,fanduel,totals,Over,-110.0,39.5
7dddb296a42e7a41a774b24bd1709ce1,2026-09-05T15:48:52Z,2026-09-13T17:00:00Z,Tennessee Titans,New York Jets,TEN,NYJ,fanduel,totals,Under,-110.0,39.5
7dddb296a42e7a41a774b24bd1709ce1,2026-09-05T15:48:52Z,2026-09-13T17:00:00Z,Tennessee Titans,New York Jets,TEN,NYJ,lowvig,spreads,New York Jets,107.0,0.0
7dddb296a42e7a41a774b24bd1709ce1,2026-09-05T15:48:52Z,2026-09-13T17:00:00Z,Tennessee Titans,New York Jets,TEN,NYJ,lowvig,spreads,Tennessee Titans,-118.0,0.0
7dddb296a42e7a41a774b24bd1709ce1,2026-09-05T15:48:52Z,2026-09-13T17:00:00Z,Tennessee Titans,New York Jets,TEN,NYJ,lowvig,totals,Over,-102.0,39.5
7dddb296a42e7a41a774b24bd1709ce1,2026-09-05T15:48:52Z,2026-09-13T17:00:00Z,Tennessee Titans,New York Jets,TEN,NYJ,lowvig,totals,Under,-113.0,39.5
7dddb296a42e7a41a774b24bd1709ce1,2026-09-05T15:48:52Z,2026-09-13T17:00:00Z,Tennessee Titans,New York Jets,TEN,NYJ,betus,spreads,New York Jets,100.0,0.0
7dddb296a42e7a41a774b24bd1709ce1,2026-09-05T15:48:52Z,2026-09-13T17:00:00Z,Tennessee Titans,New York Jets,TEN,NYJ,betus,spreads,Tennessee Titans,-120.0,0.0
7dddb296a42e7a41a774b24bd1709ce1,2026-09-05T15:48:52Z,2026-09-13T17:00:00Z,Tennessee Titans,New York Jets,TEN,NYJ,betus,totals,Over,-105.0,39.5
7dddb296a42e7a41a774b24bd1709ce1,2026-09-05T15:48:52Z,2026-09-13T17:00:00Z,Tennessee Titans,New York Jets,TEN,NYJ,betus,totals,Under,-115.0,39.5
7dddb296a42e7a41a774b24bd1709ce1,2026-09-05T15:48:52Z,2026-09-13T17:00:00Z,Tennessee Titans,New York Jets,TEN,NYJ,betonlineag,spreads,New York Jets,102.0,0.0
7dddb296a42e7a41a774b24bd1709ce1,2026-09-05T15:48:52Z,2026-09-13T17:00:00Z,Tennessee Titans,New York Jets,TEN,NYJ,betonlineag,spreads,Tennessee Titans,-122.0,0.0
7dddb296a42e7a41a774b24bd1709ce1,2026-09-05T15:48:52Z,2026-09-13T17:00:00Z,Tennessee Titans,New York Jets,TEN,NYJ,betonlineag,totals,Over,-105.0,39.5
7dddb296a42e7a41a774b24bd1709ce1,2026-09-05T15:48:52Z,2026-09-13T17:00:00Z,Tennessee Titans,New York Jets,TEN,NYJ,betonlineag,totals,Under,-115.0,39.5
7dddb296a42e7a41a774b24bd1709ce1,2026-09-05T15:48:52Z,2026-09-13T17:00:00Z,Tennessee Titans,New York Jets,TEN,NYJ,betrivers,h2h,New York Jets,110.0,
7dddb296a42e7a41a774b24bd1709ce1,2026-09-05T15:48:52Z,2026-09-13T17:00:00Z,Tennessee Titans,New York Jets,TEN,NYJ,betrivers,h2h,Tennessee Titans,-136.0,
7dddb296a42e7a41a774b24bd1709ce1,2026-09-05T15:48:52Z,2026-09-13T17:00:00Z,Tennessee Titans,New York Jets,TEN,NYJ,betrivers,spreads,New York Jets,-112.0,2.0
7dddb296a42e7a41a774b24bd1709ce1,2026-09-05T15:48:52Z,2026-09-13T17:00:00Z,Tennessee Titans,New York Jets,TEN,NYJ,betrivers,spreads,Tennessee Titans,-109.0,-2.0
7dddb296a42e7a41a774b24bd1709ce1,2026-09-05T15:48:52Z,2026-09-13T17:00:00Z,Tennessee Titans,New York Jets,TEN,NYJ,betrivers,totals,Over,-110.0,39.0
7dddb296a42e7a41a774b24bd1709ce1,2026-09-05T15:48:52Z,2026-09-13T17:00:00Z,Tennessee Titans,New York Jets,TEN,NYJ,betrivers,totals,Under,-110.0,39.0
7dddb296a42e7a41a774b24bd1709ce1,2026-09-05T15:48:52Z,2026-09-13T17:00:00Z,Tennessee Titans,New York Jets,TEN,NYJ,betmgm,h2h,New York Jets,105.0,
7dddb296a42e7a41a774b24bd1709ce1,2026-09-05T15:48:52Z,2026-09-13T17:00:00Z,Tennessee Titans,New York Jets,TEN,NYJ,betmgm,h2h,Tennessee Titans,-125.0,
7dddb296a42e7a41a774b24bd1709ce1,2026-09-05T15:48:52Z,2026-09-13T17:00:00Z,Tennessee Titans,New York Jets,TEN,NYJ,betmgm,spreads,New York Jets,-110.0,1.5
7dddb296a42e7a41a774b24bd1709ce1,2026-09-05T15:48:52Z,2026-09-13T17:00:00Z,Tennessee Titans,New York Jets,TEN,NYJ,betmgm,spreads,Tennessee Titans,-108.0,-1.5
7dddb296a42e7a41a774b24bd1709ce1,2026-09-05T15:48:52Z,2026-09-13T17:00:00Z,Tennessee Titans,New York Jets,TEN,NYJ,betmgm,totals,Over,-108.0,39.5
7dddb296a42e7a41a774b24bd1709ce1,2026-09-05T15:48:52Z,2026-09-13T17:00:00Z,Tennessee Titans,New York Jets,TEN,NYJ,betmgm,totals,Under,-110.0,39.5
7dddb296a42e7a41a774b24bd1709ce1,2026-09-05T15:48:52Z,2026-09-13T17:00:00Z,Tennessee Titans,New York Jets,TEN,NYJ,bovada,h2h,New York Jets,105.0,
7dddb296a42e7a41a774b24bd1709ce1,2026-09-05T15:48:52Z,2026-09-13T17:00:00Z,Tennessee Titans,New York Jets,TEN,NYJ,bovada,h2h,Tennessee Titans,-125.0,
7dddb296a42e7a41a774b24bd1709ce1,2026-09-05T15:48:52Z,2026-09-13T17:00:00Z,Tennessee Titans,New York Jets,TEN,NYJ,bovada,spreads,New York Jets,-110.0,1.5
7dddb296a42e7a41a774b24bd1709ce1,2026-09-05T15:48:52Z,2026-09-13T17:00:00Z,Tennessee Titans,New York Jets,TEN,NYJ,bovada,spreads,Tennessee Titans,-110.0,-1.5
7dddb296a42e7a41a774b24bd1709ce1,2026-09-05T15:48:52Z,2026-09-13T17:00:00Z,Tennessee Titans,New York Jets,TEN,NYJ,bovada,totals,Over,-115.0,39.0
7dddb296a42e7a41a774b24bd1709ce1,2026-09-05T15:48:52Z,2026-09-13T17:00:00Z,Tennessee Titans,New York Jets,TEN,NYJ,bovada,totals,Under,-105.0,39.0
7dddb296a42e7a41a774b24bd1709ce1,2026-09-05T15:48:52Z,2026-09-13T17:00:00Z,Tennessee Titans,New York Jets,TEN,NYJ,mybookieag,h2h,New York Jets,104.0,
7dddb296a42e7a41a774b24bd1709ce1,2026-09-05T15:48:52Z,2026-09-13T17:00:00Z,Tennessee Titans,New York Jets,TEN,NYJ,mybookieag,h2h,Tennessee Titans,-132.0,
7dddb296a42e7a41a774b24bd1709ce1,2026-09-05T15:48:52Z,2026-09-13T17:00:00Z,Tennessee Titans,New York Jets,TEN,NYJ,mybookieag,spreads,New York Jets,-110.0,1.5
7dddb296a42e7a41a774b24bd1709ce1,2026-09-05T15:48:52Z,2026-09-13T17:00:00Z,Tennessee Titans,New York Jets,TEN,NYJ,mybookieag,spreads,Tennessee Titans,-110.0,-1.5
7dddb296a42e7a41a774b24bd1709ce1,2026-09-05T15:48:52Z,2026-09-13T17:00:00Z,Tennessee Titans,New York Jets,TEN,NYJ,mybookieag,totals,Over,-110.0,39.5
7dddb296a42e7a41a774b24bd1709ce1,2026-09-05T15:48:52Z,2026-09-13T17:00:00Z,Tennessee Titans,New York Jets,TEN,NYJ,mybookieag,totals,Under,-110.0,39.5
95c01d1bb797d6df14824b106c5a9130,2026-09-06T16:00:35Z,2026-09-13T17:00:00Z,Pittsburgh Steelers,Atlanta Falcons,PIT,ATL,draftkings,h2h,Atlanta Falcons,154.0,
95c01d1bb797d6df14824b106c5a9130,2026-09-06T16:00:35Z,2026-09-13T17:00:00Z,Pittsburgh Steelers,Atlanta Falcons,PIT,ATL,draftkings,h2h,Pittsburgh Steelers,-185.0,
95c01d1bb797d6df14824b106c5a9130,2026-09-06T16:00:35Z,2026-09-13T17:00:00Z,Pittsburgh Steelers,Atlanta Falcons,PIT,ATL,draftkings,spreads,Atlanta Falcons,-118.0,3.5
95c01d1bb797d6df14824b106c5a9130,2026-09-06T16:00:35Z,2026-09-13T17:00:00Z,Pittsburgh Steelers,Atlanta Falcons,PIT,ATL,draftkings,spreads,Pittsburgh Steelers,-102.0,-3.5
95c01d1bb797d6df14824b106c5a9130,2026-09-06T16:00:35Z,2026-09-13T17:00:00Z,Pittsburgh Steelers,Atlanta Falcons,PIT,ATL,draftkings,totals,Over,-105.0,42.5
95c01d1bb797d6df14824b106c5a9130,2026-09-06T16:00:35Z,2026-09-13T17:00:00Z,Pittsburgh Steelers,Atlanta Falcons,PIT,ATL,draftkings,totals,Under,-115.0,42.5
95c01d1bb797d6df14824b106c5a9130,2026-09-06T16:00:35Z,2026-09-13T17:00:00Z,Pittsburgh Steelers,Atlanta Falcons,PIT,ATL,betrivers,h2h,Atlanta Falcons,140.0,
95c01d1bb797d6df14824b106c5a9130,2026-09-06T16:00:35Z,2026-09-13T17:00:00Z,Pittsburgh Steelers,Atlanta Falcons,PIT,ATL,betrivers,h2h,Pittsburgh Steelers,-177.0,
95c01d1bb797d6df14824b106c5a9130,2026-09-06T16:00:35Z,2026-09-13T17:00:00Z,Pittsburgh Steelers,Atlanta Falcons,PIT,ATL,betrivers,spreads,Atlanta Falcons,-106.0,3.0
95c01d1bb797d6df14824b106c5a9130,2026-09-06T16:00:35Z,2026-09-13T17:00:00Z,Pittsburgh Steelers,Atlanta Falcons,PIT,ATL,betrivers,spreads,Pittsburgh Steelers,-115.0,-3.0
95c01d1bb797d6df14824b106c5a9130,2026-09-06T16:00:35Z,2026-09-13T17:00:00Z,Pittsburgh Steelers,Atlanta Falcons,PIT,ATL,betrivers,totals,Over,-113.0,42.0
95c01d1bb797d6df14824b106c5a9130,2026-09-06T16:00:35Z,2026-09-13T17:00:00Z,Pittsburgh Steelers,Atlanta Falcons,PIT,ATL,betrivers,totals,Under,-108.0,42.0
95c01d1bb797d6df14824b106c5a9130,2026-09-06T16:00:35Z,2026-09-13T17:00:00Z,Pittsburgh Steelers,Atlanta Falcons,PIT,ATL,betonlineag,h2h,Atlanta Falcons,157.0,
95c01d1bb797d6df14824b106c5a9130,2026-09-06T16:00:35Z,2026-09-13T17:00:00Z,Pittsburgh Steelers,Atlanta Falcons,PIT,ATL,betonlineag,h2h,Pittsburgh Steelers,-180.0,
95c01d1bb797d6df14824b106c5a9130,2026-09-06T16:00:35Z,2026-09-13T17:00:00Z,Pittsburgh Steelers,Atlanta Falcons,PIT,ATL,betonlineag,spreads,Atlanta Falcons,105.0,3.0
95c01d1bb797d6df14824b106c5a9130,2026-09-06T16:00:35Z,2026-09-13T17:00:00Z,Pittsburgh Steelers,Atlanta Falcons,PIT,ATL,betonlineag,spreads,Pittsburgh Steelers,-125.0,-3.0
95c01d1bb797d6df14824b106c5a9130,2026-09-06T16:00:35Z,2026-09-13T17:00:00Z,Pittsburgh Steelers,Atlanta Falcons,PIT,ATL,betonlineag,totals,Over,-110.0,41.5
95c01d1bb797d6df14824b106c5a9130,2026-09-06T16:00:35Z,2026-09-13T17:00:00Z,Pittsburgh Steelers,Atlanta Falcons,PIT,ATL,betonlineag,totals,Under,-110.0,41.5
95c01d1bb797d6df14824b106c5a9130,2026-09-06T16:00:35Z,2026-09-13T17:00:00Z,Pittsburgh Steelers,Atlanta Falcons,PIT,ATL,fanduel,h2h,Atlanta Falcons,150.0,
95c01d1bb797d6df14824b106c5a9130,2026-09-06T16:00:35Z,2026-09-13T17:00:00Z,Pittsburgh Steelers,Atlanta Falcons,PIT,ATL,fanduel,h2h,Pittsburgh Steelers,-178.0,
95c01d1bb797d6df14824b106c5a9130,2026-09-06T16:00:35Z,2026-09-13T17:00:00Z,Pittsburgh Steelers,Atlanta Falcons,PIT,ATL,fanduel,spreads,Atlanta Falcons,-118.0,3.5
95c01d1bb797d6df14824b106c5a9130,2026-09-06T16:00:35Z,2026-09-13T17:00:00Z,Pittsburgh Steelers,Atlanta Falcons,PIT,ATL,fanduel,spreads,Pittsburgh Steelers,-104.0,-3.5
95c01d1bb797d6df14824b106c5a9130,2026-09-06T16:00:35Z,2026-09-13T17:00:00Z,Pittsburgh Steelers,Atlanta Falcons,PIT,ATL,fanduel,totals,Over,-115.0,41.5
95c01d1bb797d6df14824b106c5a9130,2026-09-06T16:00:35Z,2026-09-13T17:00:00Z,Pittsburgh Steelers,Atlanta Falcons,PIT,ATL,fanduel,totals,Under,-105.0,41.5
95c01d1bb797d6df14824b106c5a9130,2026-09-06T16:00:35Z,2026-09-13T17:00:00Z,Pittsburgh Steelers,Atlanta Falcons,PIT,ATL,lowvig,h2h,Atlanta Falcons,157.0,
95c01d1bb797d6df14824b106c5a9130,2026-09-06T16:00:35Z,2026-09-13T17:00:00Z,Pittsburgh Steelers,Atlanta Falcons,PIT,ATL,lowvig,h2h,Pittsburgh Steelers,-180.0,
95c01d1bb797d6df14824b106c5a9130,2026-09-06T16:00:35Z,2026-09-13T17:00:00Z,Pittsburgh Steelers,Atlanta Falcons,PIT,ATL,lowvig,spreads,Atlanta Falcons,110.0,3.0
95c01d1bb797d6df14824b106c5a9130,2026-09-06T16:00:35Z,2026-09-13T17:00:00Z,Pittsburgh Steelers,Atlanta Falcons,PIT,ATL,lowvig,spreads,Pittsburgh Steelers,-121.0,-3.0
95c01d1bb797d6df14824b106c5a9130,2026-09-06T16:00:35Z,2026-09-13T17:00:00Z,Pittsburgh Steelers,Atlanta Falcons,PIT,ATL,lowvig,totals,Over,-107.0,41.5
95c01d1bb797d6df14824b106c5a9130,2026-09-06T16:00:35Z,2026-09-13T17:00:00Z,Pittsburgh Steelers,Atlanta Falcons,PIT,ATL,lowvig,totals,Under,-107.0,41.5
95c01d1bb797d6df14824b106c5a9130,2026-09-06T16:00:35Z,2026-09-13T17:00:00Z,Pittsburgh Steelers,Atlanta Falcons,PIT,ATL,betus,h2h,Atlanta Falcons,155.0,
95c01d1bb797d6df14824b106c5a9130,2026-09-06T16:00:35Z,2026-09-13T17:00:00Z,Pittsburgh Steelers,Atlanta Falcons,PIT,ATL,betus,h2h,Pittsburgh Steelers,-180.0,
95c01d1bb797d6df14824b106c5a9130,2026-09-06T16:00:35Z,2026-09-13T17:00:00Z,Pittsburgh Steelers,Atlanta Falcons,PIT,ATL,betus,spreads,Atlanta Falcons,105.0,3.0
95c01d1bb797d6df14824b106c5a9130,2026-09-06T16:00:35Z,2026-09-13T17:00:00Z,Pittsburgh Steelers,Atlanta Falcons,PIT,ATL,betus,spreads,Pittsburgh Steelers,-125.0,-3.0
95c01d1bb797d6df14824b106c5a9130,2026-09-06T16:00:35Z,2026-09-13T17:00:00Z,Pittsburgh Steelers,Atlanta Falcons,PIT,ATL,betus,totals,Over,-110.0,42.0
95c01d1bb797d6df14824b106c5a9130,2026-09-06T16:00:35Z,2026-09-13T17:00:00Z,Pittsburgh Steelers,Atlanta Falcons,PIT,ATL,betus,totals,Under,-110.0,42.0
95c01d1bb797d6df14824b106c5a9130,2026-09-06T16:00:35Z,2026-09-13T17:00:00Z,Pittsburgh Steelers,Atlanta Falcons,PIT,ATL,betmgm,h2h,Atlanta Falcons,150.0,
95c01d1bb797d6df14824b106c5a9130,2026-09-06T16:00:35Z,2026-09-13T17:00:00Z,Pittsburgh Steelers,Atlanta Falcons,PIT,ATL,betmgm,h2h,Pittsburgh Steelers,-185.0,
95c01d1bb797d6df14824b106c5a9130,2026-09-06T16:00:35Z,2026-09-13T17:00:00Z,Pittsburgh Steelers,Atlanta Falcons,PIT,ATL,betmgm,spreads,Atlanta Falcons,-105.0,3.0
95c01d1bb797d6df14824b106c5a9130,2026-09-06T16:00:35Z,2026-09-13T17:00:00Z,Pittsburgh Steelers,Atlanta Falcons,PIT,ATL,betmgm,spreads,Pittsburgh Steelers,-115.0,-3.0
95c01d1bb797d6df14824b106c5a9130,2026-09-06T16:00:35Z,2026-09-13T17:00:00Z,Pittsburgh Steelers,Atlanta Falcons,PIT,ATL,betmgm,totals,Over,-108.0,42.0
95c01d1bb797d6df14824b106c5a9130,2026-09-06T16:00:35Z,2026-09-13T17:00:00Z,Pittsburgh Steelers,Atlanta Falcons,PIT,ATL,betmgm,totals,Under,-110.0,42.0
95c01d1bb797d6df14824b106c5a9130,2026-09-06T16:00:35Z,2026-09-13T17:00:00Z,Pittsburgh Steelers,Atlanta Falcons,PIT,ATL,bovada,h2h,Atlanta Falcons,155.0,
95c01d1bb797d6df14824b106c5a9130,2026-09-06T16:00:35Z,2026-09-13T17:00:00Z,Pittsburgh Steelers,Atlanta Falcons,PIT,ATL,bovada,h2h,Pittsburgh Steelers,-180.0,
95c01d1bb797d6df14824b106c5a9130,2026-09-06T16:00:35Z,2026-09-13T17:00:00Z,Pittsburgh Steelers,Atlanta Falcons,PIT,ATL,bovada,spreads,Atlanta Falcons,-120.0,3.5
95c01d1bb797d6df14824b106c5a9130,2026-09-06T16:00:35Z,2026-09-13T17:00:00Z,Pittsburgh Steelers,Atlanta Falcons,PIT,ATL,bovada,spreads,Pittsburgh Steelers,100.0,-3.5
95c01d1bb797d6df14824b106c5a9130,2026-09-06T16:00:35Z,2026-09-13T17:00:00Z,Pittsburgh Steelers,Atlanta Falcons,PIT,ATL,bovada,totals,Over,-105.0,42.5
95c01d1bb797d6df14824b106c5a9130,2026-09-06T16:00:35Z,2026-09-13T17:00:00Z,Pittsburgh Steelers,Atlanta Falcons,PIT,ATL,bovada,totals,Under,-115.0,42.5
95c01d1bb797d6df14824b106c5a9130,2026-09-06T16:00:35Z,2026-09-13T17:00:00Z,Pittsburgh Steelers,Atlanta Falcons,PIT,ATL,mybookieag,h2h,Atlanta Falcons,146.0,
95c01d1bb797d6df14824b106c5a9130,2026-09-06T16:00:35Z,2026-09-13T17:00:00Z,Pittsburgh Steelers,Atlanta Falcons,PIT,ATL,mybookieag,h2h,Pittsburgh Steelers,-188.0,
95c01d1bb797d6df14824b106c5a9130,2026-09-06T16:00:35Z,2026-09-13T17:00:00Z,Pittsburgh Steelers,Atlanta Falcons,PIT,ATL,mybookieag,spreads,Atlanta Falcons,100.0,3.0
95c01d1bb797d6df14824b106c5a9130,2026-09-06T16:00:35Z,2026-09-13T17:00:00Z,Pittsburgh Steelers,Atlanta Falcons,PIT,ATL,mybookieag,spreads,Pittsburgh Steelers,-120.0,-3.0
95c01d1bb797d6df14824b106c5a9130,2026-09-06T16:00:35Z,2026-09-13T17:00:00Z,Pittsburgh Steelers,Atlanta Falcons,PIT,ATL,mybookieag,totals,Over,-110.0,42.0
95c01d1bb797d6df14824b106c5a9130,2026-09-06T16:00:35Z,2026-09-13T17:00:00Z,Pittsburgh Steelers,Atlanta Falcons,PIT,ATL,mybookieag,totals,Under,-110.0,42.0
b6cfdcbafa61ce220ba87dc2d9b80c77,2026-09-06T16:00:35Z,2026-09-13T17:00:00Z,Indianapolis Colts,Baltimore Ravens,IND,BAL,draftkings,h2h,Baltimore Ravens,-175.0,
b6cfdcbafa61ce220ba87dc2d9b80c77,2026-09-06T16:00:35Z,2026-09-13T17:00:00Z,Indianapolis Colts,Baltimore Ravens,IND,BAL,draftkings,h2h,Indianapolis Colts,145.0,
b6cfdcbafa61ce220ba87dc2d9b80c77,2026-09-06T16:00:35Z,2026-09-13T17:00:00Z,Indianapolis Colts,Baltimore Ravens,IND,BAL,draftkings,spreads,Baltimore Ravens,-108.0,-3.5
b6cfdcbafa61ce220ba87dc2d9b80c77,2026-09-06T16:00:35Z,2026-09-13T17:00:00Z,Indianapolis Colts,Baltimore Ravens,IND,BAL,draftkings,spreads,Indianapolis Colts,-112.0,3.5
b6cfdcbafa61ce220ba87dc2d9b80c77,2026-09-06T16:00:35Z,2026-09-13T17:00:00Z,Indianapolis Colts,Baltimore Ravens,IND,BAL,draftkings,totals,Over,-105.0,48.5
b6cfdcbafa61ce220ba87dc2d9b80c77,2026-09-06T16:00:35Z,2026-09-13T17:00:00Z,Indianapolis Colts,Baltimore Ravens,IND,BAL,draftkings,totals,Under,-115.0,48.5
b6cfdcbafa61ce220ba87dc2d9b80c77,2026-09-06T16:00:35Z,2026-09-13T17:00:00Z,Indianapolis Colts,Baltimore Ravens,IND,BAL,betus,h2h,Baltimore Ravens,-170.0,
b6cfdcbafa61ce220ba87dc2d9b80c77,2026-09-06T16:00:35Z,2026-09-13T17:00:00Z,Indianapolis Colts,Baltimore Ravens,IND,BAL,betus,h2h,Indianapolis Colts,146.0,
b6cfdcbafa61ce220ba87dc2d9b80c77,2026-09-06T16:00:35Z,2026-09-13T17:00:00Z,Indianapolis Colts,Baltimore Ravens,IND,BAL,betus,spreads,Baltimore Ravens,100.0,-3.5
b6cfdcbafa61ce220ba87dc2d9b80c77,2026-09-06T16:00:35Z,2026-09-13T17:00:00Z,Indianapolis Colts,Baltimore Ravens,IND,BAL,betus,spreads,Indianapolis Colts,-120.0,3.5
b6cfdcbafa61ce220ba87dc2d9b80c77,2026-09-06T16:00:35Z,2026-09-13T17:00:00Z,Indianapolis Colts,Baltimore Ravens,IND,BAL,betus,totals,Over,-110.0,48.0
b6cfdcbafa61ce220ba87dc2d9b80c77,2026-09-06T16:00:35Z,2026-09-13T17:00:00Z,Indianapolis Colts,Baltimore Ravens,IND,BAL,betus,totals,Under,-110.0,48.0
b6cfdcbafa61ce220ba87dc2d9b80c77,2026-09-06T16:00:35Z,2026-09-13T17:00:00Z,Indianapolis Colts,Baltimore Ravens,IND,BAL,lowvig,h2h,Baltimore Ravens,-171.0,
b6cfdcbafa61ce220ba87dc2d9b80c77,2026-09-06T16:00:35Z,2026-09-13T17:00:00Z,Indianapolis Colts,Baltimore Ravens,IND,BAL,lowvig,h2h,Indianapolis Colts,150.0,
b6cfdcbafa61ce220ba87dc2d9b80c77,2026-09-06T16:00:35Z,2026-09-13T17:00:00Z,Indianapolis Colts,Baltimore Ravens,IND,BAL,lowvig,spreads,Baltimore Ravens,100.0,-3.5
b6cfdcbafa61ce220ba87dc2d9b80c77,2026-09-06T16:00:35Z,2026-09-13T17:00:00Z,Indianapolis Colts,Baltimore Ravens,IND,BAL,lowvig,spreads,Indianapolis Colts,-110.0,3.5
b6cfdcbafa61ce220ba87dc2d9b80c77,2026-09-06T16:00:35Z,2026-09-13T17:00:00Z,Indianapolis Colts,Baltimore Ravens,IND,BAL,lowvig,totals,Over,-102.0,48.0
b6cfdcbafa61ce220ba87dc2d9b80c77,2026-09-06T16:00:35Z,2026-09-13T17:00:00Z,Indianapolis Colts,Baltimore Ravens,IND,BAL,lowvig,totals,Under,-113.0,48.0
b6cfdcbafa61ce220ba87dc2d9b80c77,2026-09-06T16:00:35Z,2026-09-13T17:00:00Z,Indianapolis Colts,Baltimore Ravens,IND,BAL,betrivers,h2h,Baltimore Ravens,-190.0,
b6cfdcbafa61ce220ba87dc2d9b80c77,2026-09-06T16:00:35Z,2026-09-13T17:00:00Z,Indianapolis Colts,Baltimore Ravens,IND,BAL,betrivers,h2h,Indianapolis Colts,155.0,
b6cfdcbafa61ce220ba87dc2d9b80c77,2026-09-06T16:00:35Z,2026-09-13T17:00:00Z,Indianapolis Colts,Baltimore Ravens,IND,BAL,betrivers,spreads,Baltimore Ravens,-112.0,-3.5
b6cfdcbafa61ce220ba87dc2d9b80c77,2026-09-06T16:00:35Z,2026-09-13T17:00:00Z,Indianapolis Colts,Baltimore Ravens,IND,BAL,betrivers,spreads,Indianapolis Colts,-109.0,3.5
b6cfdcbafa61ce220ba87dc2d9b80c77,2026-09-06T16:00:35Z,2026-09-13T17:00:00Z,Indianapolis Colts,Baltimore Ravens,IND,BAL,betrivers,totals,Over,-110.0,48.0
b6cfdcbafa61ce220ba87dc2d9b80c77,2026-09-06T16:00:35Z,2026-09-13T17:00:00Z,Indianapolis Colts,Baltimore Ravens,IND,BAL,betrivers,totals,Under,-110.0,48.0
b6cfdcbafa61ce220ba87dc2d9b80c77,2026-09-06T16:00:35Z,2026-09-13T17:00:00Z,Indianapolis Colts,Baltimore Ravens,IND,BAL,betonlineag,h2h,Baltimore Ravens,-171.0,
b6cfdcbafa61ce220ba87dc2d9b80c77,2026-09-06T16:00:35Z,2026-09-13T17:00:00Z,Indianapolis Colts,Baltimore Ravens,IND,BAL,betonlineag,h2h,Indianapolis Colts,150.0,
b6cfdcbafa61ce220ba87dc2d9b80c77,2026-09-06T16:00:35Z,2026-09-13T17:00:00Z,Indianapolis Colts,Baltimore Ravens,IND,BAL,betonlineag,spreads,Baltimore Ravens,100.0,-3.5
b6cfdcbafa61ce220ba87dc2d9b80c77,2026-09-06T16:00:35Z,2026-09-13T17:00:00Z,Indianapolis Colts,Baltimore Ravens,IND,BAL,betonlineag,spreads,Indianapolis Colts,-120.0,3.5
b6cfdcbafa61ce220ba87dc2d9b80c77,2026-09-06T16:00:35Z,2026-09-13T17:00:00Z,Indianapolis Colts,Baltimore Ravens,IND,BAL,betonlineag,totals,Over,-105.0,48.0
b6cfdcbafa61ce220ba87dc2d9b80c77,2026-09-06T16:00:35Z,2026-09-13T17:00:00Z,Indianapolis Colts,Baltimore Ravens,IND,BAL,betonlineag,totals,Under,-115.0,48.0
b6cfdcbafa61ce220ba87dc2d9b80c77,2026-09-06T16:00:35Z,2026-09-13T17:00:00Z,Indianapolis Colts,Baltimore Ravens,IND,BAL,fanduel,h2h,Baltimore Ravens,-178.0,
b6cfdcbafa61ce220ba87dc2d9b80c77,2026-09-06T16:00:35Z,2026-09-13T17:00:00Z,Indianapolis Colts,Baltimore Ravens,IND,BAL,fanduel,h2h,Indianapolis Colts,150.0,
b6cfdcbafa61ce220ba87dc2d9b80c77,2026-09-06T16:00:35Z,2026-09-13T17:00:00Z,Indianapolis Colts,Baltimore Ravens,IND,BAL,fanduel,spreads,Baltimore Ravens,-105.0,-3.5
b6cfdcbafa61ce220ba87dc2d9b80c77,2026-09-06T16:00:35Z,2026-09-13T17:00:00Z,Indianapolis Colts,Baltimore Ravens,IND,BAL,fanduel,spreads,Indianapolis Colts,-115.0,3.5
b6cfdcbafa61ce220ba87dc2d9b80c77,2026-09-06T16:00:35Z,2026-09-13T17:00:00Z,Indianapolis Colts,Baltimore Ravens,IND,BAL,fanduel,totals,Over,-112.0,47.5
b6cfdcbafa61ce220ba87dc2d9b80c77,2026-09-06T16:00:35Z,2026-09-13T17:00:00Z,Indianapolis Colts,Baltimore Ravens,IND,BAL,fanduel,totals,Under,-108.0,47.5
b6cfdcbafa61ce220ba87dc2d9b80c77,2026-09-06T16:00:35Z,2026-09-13T17:00:00Z,Indianapolis Colts,Baltimore Ravens,IND,BAL,betmgm,h2h,Baltimore Ravens,-185.0,
b6cfdcbafa61ce220ba87dc2d9b80c77,2026-09-06T16:00:35Z,2026-09-13T17:00:00Z,Indianapolis Colts,Baltimore Ravens,IND,BAL,betmgm,h2h,Indianapolis Colts,150.0,
b6cfdcbafa61ce220ba87dc2d9b80c77,2026-09-06T16:00:35Z,2026-09-13T17:00:00Z,Indianapolis Colts,Baltimore Ravens,IND,BAL,betmgm,spreads,Baltimore Ravens,-105.0,-3.5
b6cfdcbafa61ce220ba87dc2d9b80c77,2026-09-06T16:00:35Z,2026-09-13T17:00:00Z,Indianapolis Colts,Baltimore Ravens,IND,BAL,betmgm,spreads,Indianapolis Colts,-112.0,3.5
b6cfdcbafa61ce220ba87dc2d9b80c77,2026-09-06T16:00:35Z,2026-09-13T17:00:00Z,Indianapolis Colts,Baltimore Ravens,IND,BAL,betmgm,totals,Over,-108.0,48.0
b6cfdcbafa61ce220ba87dc2d9b80c77,2026-09-06T16:00:35Z,2026-09-13T17:00:00Z,Indianapolis Colts,Baltimore Ravens,IND,BAL,betmgm,totals,Under,-110.0,48.0
b6cfdcbafa61ce220ba87dc2d9b80c77,2026-09-06T16:00:35Z,2026-09-13T17:00:00Z,Indianapolis Colts,Baltimore Ravens,IND,BAL,bovada,h2h,Baltimore Ravens,-180.0,
b6cfdcbafa61ce220ba87dc2d9b80c77,2026-09-06T16:00:35Z,2026-09-13T17:00:00Z,Indianapolis Colts,Baltimore Ravens,IND,BAL,bovada,h2h,Indianapolis Colts,155.0,
b6cfdcbafa61ce220ba87dc2d9b80c77,2026-09-06T16:00:35Z,2026-09-13T17:00:00Z,Indianapolis Colts,Baltimore Ravens,IND,BAL,bovada,spreads,Baltimore Ravens,100.0,-3.5
b6cfdcbafa61ce220ba87dc2d9b80c77,2026-09-06T16:00:35Z,2026-09-13T17:00:00Z,Indianapolis Colts,Baltimore Ravens,IND,BAL,bovada,spreads,Indianapolis Colts,-120.0,3.5
b6cfdcbafa61ce220ba87dc2d9b80c77,2026-09-06T16:00:35Z,2026-09-13T17:00:00Z,Indianapolis Colts,Baltimore Ravens,IND,BAL,bovada,totals,Over,100.0,48.0
b6cfdcbafa61ce220ba87dc2d9b80c77,2026-09-06T16:00:35Z,2026-09-13T17:00:00Z,Indianapolis Colts,Baltimore Ravens,IND,BAL,bovada,totals,Under,-120.0,48.0
b6cfdcbafa61ce220ba87dc2d9b80c77,2026-09-06T16:00:35Z,2026-09-13T17:00:00Z,Indianapolis Colts,Baltimore Ravens,IND,BAL,mybookieag,h2h,Baltimore Ravens,-188.0,
b6cfdcbafa61ce220ba87dc2d9b80c77,2026-09-06T16:00:35Z,2026-09-13T17:00:00Z,Indianapolis Colts,Baltimore Ravens,IND,BAL,mybookieag,h2h,Indianapolis Colts,146.0,
b6cfdcbafa61ce220ba87dc2d9b80c77,2026-09-06T16:00:35Z,2026-09-13T17:00:00Z,Indianapolis Colts,Baltimore Ravens,IND,BAL,mybookieag,spreads,Baltimore Ravens,-110.0,-3.5
b6cfdcbafa61ce220ba87dc2d9b80c77,2026-09-06T16:00:35Z,2026-09-13T17:00:00Z,Indianapolis Colts,Baltimore Ravens,IND,BAL,mybookieag,spreads,Indianapolis Colts,-110.0,3.5
b6cfdcbafa61ce220ba87dc2d9b80c77,2026-09-06T16:00:35Z,2026-09-13T17:00:00Z,Indianapolis Colts,Baltimore Ravens,IND,BAL,mybookieag,totals,Over,-110.0,48.0
b6cfdcbafa61ce220ba87dc2d9b80c77,2026-09-06T16:00:35Z,2026-09-13T17:00:00Z,Indianapolis Colts,Baltimore Ravens,IND,BAL,mybookieag,totals,Under,-110.0,48.0
7e09efed7e12c659b82740b67ce2f9a1,2026-09-06T16:00:35Z,2026-09-13T17:00:00Z,Houston Texans,Buffalo Bills,HOU,BUF,draftkings,h2h,Buffalo Bills,-118.0,
7e09efed7e12c659b82740b67ce2f9a1,2026-09-06T16:00:35Z,2026-09-13T17:00:00Z,Houston Texans,Buffalo Bills,HOU,BUF,draftkings,h2h,Houston Texans,-102.0,
7e09efed7e12c659b82740b67ce2f9a1,2026-09-06T16:00:35Z,2026-09-13T17:00:00Z,Houston Texans,Buffalo Bills,HOU,BUF,draftkings,spreads,Buffalo Bills,-105.0,-1.5
7e09efed7e12c659b82740b67ce2f9a1,2026-09-06T16:00:35Z,2026-09-13T17:00:00Z,Houston Texans,Buffalo Bills,HOU,BUF,draftkings,spreads,Houston Texans,-115.0,1.5
7e09efed7e12c659b82740b67ce2f9a1,2026-09-06T16:00:35Z,2026-09-13T17:00:00Z,Houston Texans,Buffalo Bills,HOU,BUF,draftkings,totals,Over,-110.0,44.5
7e09efed7e12c659b82740b67ce2f9a1,2026-09-06T16:00:35Z,2026-09-13T17:00:00Z,Houston Texans,Buffalo Bills,HOU,BUF,draftkings,totals,Under,-110.0,44.5
7e09efed7e12c659b82740b67ce2f9a1,2026-09-06T16:00:35Z,2026-09-13T17:00:00Z,Houston Texans,Buffalo Bills,HOU,BUF,betus,spreads,Buffalo Bills,-110.0,0.0
7e09efed7e12c659b82740b67ce2f9a1,2026-09-06T16:00:35Z,2026-09-13T17:00:00Z,Houston Texans,Buffalo Bills,HOU,BUF,betus,spreads,Houston Texans,-110.0,0.0
7e09efed7e12c659b82740b67ce2f9a1,2026-09-06T16:00:35Z,2026-09-13T17:00:00Z,Houston Texans,Buffalo Bills,HOU,BUF,betus,totals,Over,-110.0,44.5
7e09efed7e12c659b82740b67ce2f9a1,2026-09-06T16:00:35Z,2026-09-13T17:00:00Z,Houston Texans,Buffalo Bills,HOU,BUF,betus,totals,Under,-110.0,44.5
7e09efed7e12c659b82740b67ce2f9a1,2026-09-06T16:00:35Z,2026-09-13T17:00:00Z,Houston Texans,Buffalo Bills,HOU,BUF,lowvig,spreads,Buffalo Bills,-109.0,0.0
7e09efed7e12c659b82740b67ce2f9a1,2026-09-06T16:00:35Z,2026-09-13T17:00:00Z,Houston Texans,Buffalo Bills,HOU,BUF,lowvig,spreads,Houston Texans,-101.0,0.0
7e09efed7e12c659b82740b67ce2f9a1,2026-09-06T16:00:35Z,2026-09-13T17:00:00Z,Houston Texans,Buffalo Bills,HOU,BUF,lowvig,totals,Over,-109.0,44.5
7e09efed7e12c659b82740b67ce2f9a1,2026-09-06T16:00:35Z,2026-09-13T17:00:00Z,Houston Texans,Buffalo Bills,HOU,BUF,lowvig,totals,Under,-105.0,44.5
7e09efed7e12c659b82740b67ce2f9a1,2026-09-06T16:00:35Z,2026-09-13T17:00:00Z,Houston Texans,Buffalo Bills,HOU,BUF,betrivers,h2h,Buffalo Bills,-117.0,
7e09efed7e12c659b82740b67ce2f9a1,2026-09-06T16:00:35Z,2026-09-13T17:00:00Z,Houston Texans,Buffalo Bills,HOU,BUF,betrivers,h2h,Houston Texans,-107.0,
7e09efed7e12c659b82740b67ce2f9a1,2026-09-06T16:00:35Z,2026-09-13T17:00:00Z,Houston Texans,Buffalo Bills,HOU,BUF,betrivers,spreads,Buffalo Bills,-108.0,-1.0
7e09efed7e12c659b82740b67ce2f9a1,2026-09-06T16:00:35Z,2026-09-13T17:00:00Z,Houston Texans,Buffalo Bills,HOU,BUF,betrivers,spreads,Houston Texans,-113.0,1.0
7e09efed7e12c659b82740b67ce2f9a1,2026-09-06T16:00:35Z,2026-09-13T17:00:00Z,Houston Texans,Buffalo Bills,HOU,BUF,betrivers,totals,Over,-109.0,44.5
7e09efed7e12c659b82740b67ce2f9a1,2026-09-06T16:00:35Z,2026-09-13T17:00:00Z,Houston Texans,Buffalo Bills,HOU,BUF,betrivers,totals,Under,-112.0,44.5
7e09efed7e12c659b82740b67ce2f9a1,2026-09-06T16:00:35Z,2026-09-13T17:00:00Z,Houston Texans,Buffalo Bills,HOU,BUF,betonlineag,spreads,Buffalo Bills,-114.0,0.0
7e09efed7e12c659b82740b67ce2f9a1,2026-09-06T16:00:35Z,2026-09-13T17:00:00Z,Houston Texans,Buffalo Bills,HOU,BUF,betonlineag,spreads,Houston Texans,-106.0,0.0
7e09efed7e12c659b82740b67ce2f9a1,2026-09-06T16:00:35Z,2026-09-13T17:00:00Z,Houston Texans,Buffalo Bills,HOU,BUF,betonlineag,totals,Over,-112.0,44.5
7e09efed7e12c659b82740b67ce2f9a1,2026-09-06T16:00:35Z,2026-09-13T17:00:00Z,Houston Texans,Buffalo Bills,HOU,BUF,betonlineag,totals,Under,-108.0,44.5
7e09efed7e12c659b82740b67ce2f9a1,2026-09-06T16:00:35Z,2026-09-13T17:00:00Z,Houston Texans,Buffalo Bills,HOU,BUF,fanduel,h2h,Buffalo Bills,-112.0,
7e09efed7e12c659b82740b67ce2f9a1,2026-09-06T16:00:35Z,2026-09-13T17:00:00Z,Houston Texans,Buffalo Bills,HOU,BUF,fanduel,h2h,Houston Texans,-104.0,
7e09efed7e12c659b82740b67ce2f9a1,2026-09-06T16:00:35Z,2026-09-13T17:00:00Z,Houston Texans,Buffalo Bills,HOU,BUF,fanduel,spreads,Buffalo Bills,100.0,-1.5
7e09efed7e12c659b82740b67ce2f9a1,2026-09-06T16:00:35Z,2026-09-13T17:00:00Z,Houston Texans,Buffalo Bills,HOU,BUF,fanduel,spreads,Houston Texans,-122.0,1.5
7e09efed7e12c659b82740b67ce2f9a1,2026-09-06T16:00:35Z,2026-09-13T17:00:00Z,Houston Texans,Buffalo Bills,HOU,BUF,fanduel,totals,Over,-110.0,44.5
7e09efed7e12c659b82740b67ce2f9a1,2026-09-06T16:00:35Z,2026-09-13T17:00:00Z,Houston Texans,Buffalo Bills,HOU,BUF,fanduel,totals,Under,-110.0,44.5
7e09efed7e12c659b82740b67ce2f9a1,2026-09-06T16:00:35Z,2026-09-13T17:00:00Z,Houston Texans,Buffalo Bills,HOU,BUF,betmgm,h2h,Buffalo Bills,-110.0,
7e09efed7e12c659b82740b67ce2f9a1,2026-09-06T16:00:35Z,2026-09-13T17:00:00Z,Houston Texans,Buffalo Bills,HOU,BUF,betmgm,h2h,Houston Texans,-108.0,
7e09efed7e12c659b82740b67ce2f9a1,2026-09-06T16:00:35Z,2026-09-13T17:00:00Z,Houston Texans,Buffalo Bills,HOU,BUF,betmgm,spreads,Buffalo Bills,-105.0,-1.0
7e09efed7e12c659b82740b67ce2f9a1,2026-09-06T16:00:35Z,2026-09-13T17:00:00Z,Houston Texans,Buffalo Bills,HOU,BUF,betmgm,spreads,Houston Texans,-115.0,1.0
7e09efed7e12c659b82740b67ce2f9a1,2026-09-06T16:00:35Z,2026-09-13T17:00:00Z,Houston Texans,Buffalo Bills,HOU,BUF,betmgm,totals,Over,-110.0,44.5
7e09efed7e12c659b82740b67ce2f9a1,2026-09-06T16:00:35Z,2026-09-13T17:00:00Z,Houston Texans,Buffalo Bills,HOU,BUF,betmgm,totals,Under,-108.0,44.5
7e09efed7e12c659b82740b67ce2f9a1,2026-09-06T16:00:35Z,2026-09-13T17:00:00Z,Houston Texans,Buffalo Bills,HOU,BUF,bovada,h2h,Buffalo Bills,-110.0,
7e09efed7e12c659b82740b67ce2f9a1,2026-09-06T16:00:35Z,2026-09-13T17:00:00Z,Houston Texans,Buffalo Bills,HOU,BUF,bovada,h2h,Houston Texans,-110.0,
7e09efed7e12c659b82740b67ce2f9a1,2026-09-06T16:00:35Z,2026-09-13T17:00:00Z,Houston Texans,Buffalo Bills,HOU,BUF,bovada,spreads,Buffalo Bills,-115.0,1.0
7e09efed7e12c659b82740b67ce2f9a1,2026-09-06T16:00:35Z,2026-09-13T17:00:00Z,Houston Texans,Buffalo Bills,HOU,BUF,bovada,spreads,Houston Texans,-105.0,-1.0
7e09efed7e12c659b82740b67ce2f9a1,2026-09-06T16:00:35Z,2026-09-13T17:00:00Z,Houston Texans,Buffalo Bills,HOU,BUF,bovada,totals,Over,-110.0,44.5
7e09efed7e12c659b82740b67ce2f9a1,2026-09-06T16:00:35Z,2026-09-13T17:00:00Z,Houston Texans,Buffalo Bills,HOU,BUF,bovada,totals,Under,-110.0,44.5
7e09efed7e12c659b82740b67ce2f9a1,2026-09-06T16:00:35Z,2026-09-13T17:00:00Z,Houston Texans,Buffalo Bills,HOU,BUF,mybookieag,h2h,Buffalo Bills,-111.0,
7e09efed7e12c659b82740b67ce2f9a1,2026-09-06T16:00:35Z,2026-09-13T17:00:00Z,Houston Texans,Buffalo Bills,HOU,BUF,mybookieag,h2h,Houston Texans,-115.0,
7e09efed7e12c659b82740b67ce2f9a1,2026-09-06T16:00:35Z,2026-09-13T17:00:00Z,Houston Texans,Buffalo Bills,HOU,BUF,mybookieag,spreads,Buffalo Bills,-110.0,1.0
7e09efed7e12c659b82740b67ce2f9a1,2026-09-06T16:00:35Z,2026-09-13T17:00:00Z,Houston Texans,Buffalo Bills,HOU,BUF,mybookieag,spreads,Houston Texans,-110.0,-1.0
7e09efed7e12c659b82740b67ce2f9a1,2026-09-06T16:00:35Z,2026-09-13T17:00:00Z,Houston Texans,Buffalo Bills,HOU,BUF,mybookieag,totals,Over,-110.0,44.5
7e09efed7e12c659b82740b67ce2f9a1,2026-09-06T16:00:35Z,2026-09-13T17:00:00Z,Houston Texans,Buffalo Bills,HOU,BUF,mybookieag,totals,Under,-110.0,44.5
fc362aff0d889ec52d358307a70c32ed,2026-09-06T16:00:35Z,2026-09-13T17:00:00Z,Carolina Panthers,Chicago Bears,CAR,CHI,draftkings,h2h,Carolina Panthers,130.0,
fc362aff0d889ec52d358307a70c32ed,2026-09-06T16:00:35Z,2026-09-13T17:00:00Z,Carolina Panthers,Chicago Bears,CAR,CHI,draftkings,h2h,Chicago Bears,-155.0,
fc362aff0d889ec52d358307a70c32ed,2026-09-06T16:00:35Z,2026-09-13T17:00:00Z,Carolina Panthers,Chicago Bears,CAR,CHI,draftkings,spreads,Carolina Panthers,-102.0,2.5
fc362aff0d889ec52d358307a70c32ed,2026-09-06T16:00:35Z,2026-09-13T17:00:00Z,Carolina Panthers,Chicago Bears,CAR,CHI,draftkings,spreads,Chicago Bears,-118.0,-2.5
fc362aff0d889ec52d358307a70c32ed,2026-09-06T16:00:35Z,2026-09-13T17:00:00Z,Carolina Panthers,Chicago Bears,CAR,CHI,draftkings,totals,Over,-110.0,47.5
fc362aff0d889ec52d358307a70c32ed,2026-09-06T16:00:35Z,2026-09-13T17:00:00Z,Carolina Panthers,Chicago Bears,CAR,CHI,draftkings,totals,Under,-110.0,47.5
fc362aff0d889ec52d358307a70c32ed,2026-09-06T16:00:35Z,2026-09-13T17:00:00Z,Carolina Panthers,Chicago Bears,CAR,CHI,fanduel,h2h,Carolina Panthers,130.0,
fc362aff0d889ec52d358307a70c32ed,2026-09-06T16:00:35Z,2026-09-13T17:00:00Z,Carolina Panthers,Chicago Bears,CAR,CHI,fanduel,h2h,Chicago Bears,-154.0,
fc362aff0d889ec52d358307a70c32ed,2026-09-06T16:00:35Z,2026-09-13T17:00:00Z,Carolina Panthers,Chicago Bears,CAR,CHI,fanduel,spreads,Carolina Panthers,-102.0,2.5
fc362aff0d889ec52d358307a70c32ed,2026-09-06T16:00:35Z,2026-09-13T17:00:00Z,Carolina Panthers,Chicago Bears,CAR,CHI,fanduel,spreads,Chicago Bears,-120.0,-2.5
fc362aff0d889ec52d358307a70c32ed,2026-09-06T16:00:35Z,2026-09-13T17:00:00Z,Carolina Panthers,Chicago Bears,CAR,CHI,fanduel,totals,Over,-102.0,47.5
fc362aff0d889ec52d358307a70c32ed,2026-09-06T16:00:35Z,2026-09-13T17:00:00Z,Carolina Panthers,Chicago Bears,CAR,CHI,fanduel,totals,Under,-120.0,47.5
fc362aff0d889ec52d358307a70c32ed,2026-09-06T16:00:35Z,2026-09-13T17:00:00Z,Carolina Panthers,Chicago Bears,CAR,CHI,lowvig,h2h,Carolina Panthers,132.0,
fc362aff0d889ec52d358307a70c32ed,2026-09-06T16:00:35Z,2026-09-13T17:00:00Z,Carolina Panthers,Chicago Bears,CAR,CHI,lowvig,h2h,Chicago Bears,-152.0,
fc362aff0d889ec52d358307a70c32ed,2026-09-06T16:00:35Z,2026-09-13T17:00:00Z,Carolina Panthers,Chicago Bears,CAR,CHI,lowvig,spreads,Carolina Panthers,105.0,2.5
fc362aff0d889ec52d358307a70c32ed,2026-09-06T16:00:35Z,2026-09-13T17:00:00Z,Carolina Panthers,Chicago Bears,CAR,CHI,lowvig,spreads,Chicago Bears,-116.0,-2.5
fc362aff0d889ec52d358307a70c32ed,2026-09-06T16:00:35Z,2026-09-13T17:00:00Z,Carolina Panthers,Chicago Bears,CAR,CHI,lowvig,totals,Over,-107.0,47.0
fc362aff0d889ec52d358307a70c32ed,2026-09-06T16:00:35Z,2026-09-13T17:00:00Z,Carolina Panthers,Chicago Bears,CAR,CHI,lowvig,totals,Under,-107.0,47.0
fc362aff0d889ec52d358307a70c32ed,2026-09-06T16:00:35Z,2026-09-13T17:00:00Z,Carolina Panthers,Chicago Bears,CAR,CHI,betus,h2h,Carolina Panthers,134.0,
fc362aff0d889ec52d358307a70c32ed,2026-09-06T16:00:35Z,2026-09-13T17:00:00Z,Carolina Panthers,Chicago Bears,CAR,CHI,betus,h2h,Chicago Bears,-155.0,
fc362aff0d889ec52d358307a70c32ed,2026-09-06T16:00:35Z,2026-09-13T17:00:00Z,Carolina Panthers,Chicago Bears,CAR,CHI,betus,spreads,Carolina Panthers,-120.0,3.0
fc362aff0d889ec52d358307a70c32ed,2026-09-06T16:00:35Z,2026-09-13T17:00:00Z,Carolina Panthers,Chicago Bears,CAR,CHI,betus,spreads,Chicago Bears,100.0,-3.0
fc362aff0d889ec52d358307a70c32ed,2026-09-06T16:00:35Z,2026-09-13T17:00:00Z,Carolina Panthers,Chicago Bears,CAR,CHI,betus,totals,Over,-110.0,47.0
fc362aff0d889ec52d358307a70c32ed,2026-09-06T16:00:35Z,2026-09-13T17:00:00Z,Carolina Panthers,Chicago Bears,CAR,CHI,betus,totals,Under,-110.0,47.0
fc362aff0d889ec52d358307a70c32ed,2026-09-06T16:00:35Z,2026-09-13T17:00:00Z,Carolina Panthers,Chicago Bears,CAR,CHI,betonlineag,h2h,Carolina Panthers,132.0,
fc362aff0d889ec52d358307a70c32ed,2026-09-06T16:00:35Z,2026-09-13T17:00:00Z,Carolina Panthers,Chicago Bears,CAR,CHI,betonlineag,h2h,Chicago Bears,-152.0,
fc362aff0d889ec52d358307a70c32ed,2026-09-06T16:00:35Z,2026-09-13T17:00:00Z,Carolina Panthers,Chicago Bears,CAR,CHI,betonlineag,spreads,Carolina Panthers,100.0,2.5
fc362aff0d889ec52d358307a70c32ed,2026-09-06T16:00:35Z,2026-09-13T17:00:00Z,Carolina Panthers,Chicago Bears,CAR,CHI,betonlineag,spreads,Chicago Bears,-120.0,-2.5
fc362aff0d889ec52d358307a70c32ed,2026-09-06T16:00:35Z,2026-09-13T17:00:00Z,Carolina Panthers,Chicago Bears,CAR,CHI,betonlineag,totals,Over,-110.0,47.0
fc362aff0d889ec52d358307a70c32ed,2026-09-06T16:00:35Z,2026-09-13T17:00:00Z,Carolina Panthers,Chicago Bears,CAR,CHI,betonlineag,totals,Under,-110.0,47.0
fc362aff0d889ec52d358307a70c32ed,2026-09-06T16:00:35Z,2026-09-13T17:00:00Z,Carolina Panthers,Chicago Bears,CAR,CHI,betrivers,h2h,Carolina Panthers,128.0,
fc362aff0d889ec52d358307a70c32ed,2026-09-06T16:00:35Z,2026-09-13T17:00:00Z,Carolina Panthers,Chicago Bears,CAR,CHI,betrivers,h2h,Chicago Bears,-157.0,
fc362aff0d889ec52d358307a70c32ed,2026-09-06T16:00:35Z,2026-09-13T17:00:00Z,Carolina Panthers,Chicago Bears,CAR,CHI,betrivers,spreads,Carolina Panthers,-117.0,3.0
fc362aff0d889ec52d358307a70c32ed,2026-09-06T16:00:35Z,2026-09-13T17:00:00Z,Carolina Panthers,Chicago Bears,CAR,CHI,betrivers,spreads,Chicago Bears,-105.0,-3.0
fc362aff0d889ec52d358307a70c32ed,2026-09-06T16:00:35Z,2026-09-13T17:00:00Z,Carolina Panthers,Chicago Bears,CAR,CHI,betrivers,totals,Over,-109.0,47.5
fc362aff0d889ec52d358307a70c32ed,2026-09-06T16:00:35Z,2026-09-13T17:00:00Z,Carolina Panthers,Chicago Bears,CAR,CHI,betrivers,totals,Under,-112.0,47.5
fc362aff0d889ec52d358307a70c32ed,2026-09-06T16:00:35Z,2026-09-13T17:00:00Z,Carolina Panthers,Chicago Bears,CAR,CHI,betmgm,h2h,Carolina Panthers,130.0,
fc362aff0d889ec52d358307a70c32ed,2026-09-06T16:00:35Z,2026-09-13T17:00:00Z,Carolina Panthers,Chicago Bears,CAR,CHI,betmgm,h2h,Chicago Bears,-160.0,
fc362aff0d889ec52d358307a70c32ed,2026-09-06T16:00:35Z,2026-09-13T17:00:00Z,Carolina Panthers,Chicago Bears,CAR,CHI,betmgm,spreads,Carolina Panthers,-115.0,3.0
fc362aff0d889ec52d358307a70c32ed,2026-09-06T16:00:35Z,2026-09-13T17:00:00Z,Carolina Panthers,Chicago Bears,CAR,CHI,betmgm,spreads,Chicago Bears,-102.0,-3.0
fc362aff0d889ec52d358307a70c32ed,2026-09-06T16:00:35Z,2026-09-13T17:00:00Z,Carolina Panthers,Chicago Bears,CAR,CHI,betmgm,totals,Over,-110.0,47.0
fc362aff0d889ec52d358307a70c32ed,2026-09-06T16:00:35Z,2026-09-13T17:00:00Z,Carolina Panthers,Chicago Bears,CAR,CHI,betmgm,totals,Under,-108.0,47.0
fc362aff0d889ec52d358307a70c32ed,2026-09-06T16:00:35Z,2026-09-13T17:00:00Z,Carolina Panthers,Chicago Bears,CAR,CHI,bovada,h2h,Carolina Panthers,140.0,
fc362aff0d889ec52d358307a70c32ed,2026-09-06T16:00:35Z,2026-09-13T17:00:00Z,Carolina Panthers,Chicago Bears,CAR,CHI,bovada,h2h,Chicago Bears,-165.0,
fc362aff0d889ec52d358307a70c32ed,2026-09-06T16:00:35Z,2026-09-13T17:00:00Z,Carolina Panthers,Chicago Bears,CAR,CHI,bovada,spreads,Carolina Panthers,-115.0,3.0
fc362aff0d889ec52d358307a70c32ed,2026-09-06T16:00:35Z,2026-09-13T17:00:00Z,Carolina Panthers,Chicago Bears,CAR,CHI,bovada,spreads,Chicago Bears,-105.0,-3.0
fc362aff0d889ec52d358307a70c32ed,2026-09-06T16:00:35Z,2026-09-13T17:00:00Z,Carolina Panthers,Chicago Bears,CAR,CHI,bovada,totals,Over,-110.0,47.0
fc362aff0d889ec52d358307a70c32ed,2026-09-06T16:00:35Z,2026-09-13T17:00:00Z,Carolina Panthers,Chicago Bears,CAR,CHI,bovada,totals,Under,-110.0,47.0
fc362aff0d889ec52d358307a70c32ed,2026-09-06T16:00:35Z,2026-09-13T17:00:00Z,Carolina Panthers,Chicago Bears,CAR,CHI,mybookieag,h2h,Carolina Panthers,126.0,
fc362aff0d889ec52d358307a70c32ed,2026-09-06T16:00:35Z,2026-09-13T17:00:00Z,Carolina Panthers,Chicago Bears,CAR,CHI,mybookieag,h2h,Chicago Bears,-161.0,
fc362aff0d889ec52d358307a70c32ed,2026-09-06T16:00:35Z,2026-09-13T17:00:00Z,Carolina Panthers,Chicago Bears,CAR,CHI,mybookieag,spreads,Carolina Panthers,-120.0,3.0
fc362aff0d889ec52d358307a70c32ed,2026-09-06T16:00:35Z,2026-09-13T17:00:00Z,Carolina Panthers,Chicago Bears,CAR,CHI,mybookieag,spreads,Chicago Bears,100.0,-3.0
fc362aff0d889ec52d358307a70c32ed,2026-09-06T16:00:35Z,2026-09-13T17:00:00Z,Carolina Panthers,Chicago Bears,CAR,CHI,mybookieag,totals,Over,-110.0,47.0
fc362aff0d889ec52d358307a70c32ed,2026-09-06T16:00:35Z,2026-09-13T17:00:00Z,Carolina Panthers,Chicago Bears,CAR,CHI,mybookieag,totals,Under,-110.0,47.0
ed6d24ff979f9c71979fead577b0b3f7,2026-09-06T16:00:35Z,2026-09-13T17:00:00Z,Cincinnati Bengals,Tampa Bay Buccaneers,CIN,TB,draftkings,h2h,Cincinnati Bengals,-205.0,
ed6d24ff979f9c71979fead577b0b3f7,2026-09-06T16:00:35Z,2026-09-13T17:00:00Z,Cincinnati Bengals,Tampa Bay Buccaneers,CIN,TB,draftkings,h2h,Tampa Bay Buccaneers,170.0,
ed6d24ff979f9c71979fead577b0b3f7,2026-09-06T16:00:35Z,2026-09-13T17:00:00Z,Cincinnati Bengals,Tampa Bay Buccaneers,CIN,TB,draftkings,spreads,Cincinnati Bengals,-115.0,-3.5
ed6d24ff979f9c71979fead577b0b3f7,2026-09-06T16:00:35Z,2026-09-13T17:00:00Z,Cincinnati Bengals,Tampa Bay Buccaneers,CIN,TB,draftkings,spreads,Tampa Bay Buccaneers,-105.0,3.5
ed6d24ff979f9c71979fead577b0b3f7,2026-09-06T16:00:35Z,2026-09-13T17:00:00Z,Cincinnati Bengals,Tampa Bay Buccaneers,CIN,TB,draftkings,totals,Over,-118.0,50.5
ed6d24ff979f9c71979fead577b0b3f7,2026-09-06T16:00:35Z,2026-09-13T17:00:00Z,Cincinnati Bengals,Tampa Bay Buccaneers,CIN,TB,draftkings,totals,Under,-102.0,50.5
ed6d24ff979f9c71979fead577b0b3f7,2026-09-06T16:00:35Z,2026-09-13T17:00:00Z,Cincinnati Bengals,Tampa Bay Buccaneers,CIN,TB,fanduel,h2h,Cincinnati Bengals,-205.0,
ed6d24ff979f9c71979fead577b0b3f7,2026-09-06T16:00:35Z,2026-09-13T17:00:00Z,Cincinnati Bengals,Tampa Bay Buccaneers,CIN,TB,fanduel,h2h,Tampa Bay Buccaneers,172.0,
ed6d24ff979f9c71979fead577b0b3f7,2026-09-06T16:00:35Z,2026-09-13T17:00:00Z,Cincinnati Bengals,Tampa Bay Buccaneers,CIN,TB,fanduel,spreads,Cincinnati Bengals,-115.0,-3.5
ed6d24ff979f9c71979fead577b0b3f7,2026-09-06T16:00:35Z,2026-09-13T17:00:00Z,Cincinnati Bengals,Tampa Bay Buccaneers,CIN,TB,fanduel,spreads,Tampa Bay Buccaneers,-105.0,3.5
ed6d24ff979f9c71979fead577b0b3f7,2026-09-06T16:00:35Z,2026-09-13T17:00:00Z,Cincinnati Bengals,Tampa Bay Buccaneers,CIN,TB,fanduel,totals,Over,-112.0,50.5
ed6d24ff979f9c71979fead577b0b3f7,2026-09-06T16:00:35Z,2026-09-13T17:00:00Z,Cincinnati Bengals,Tampa Bay Buccaneers,CIN,TB,fanduel,totals,Under,-108.0,50.5
ed6d24ff979f9c71979fead577b0b3f7,2026-09-06T16:00:35Z,2026-09-13T17:00:00Z,Cincinnati Bengals,Tampa Bay Buccaneers,CIN,TB,lowvig,h2h,Cincinnati Bengals,-210.0,
ed6d24ff979f9c71979fead577b0b3f7,2026-09-06T16:00:35Z,2026-09-13T17:00:00Z,Cincinnati Bengals,Tampa Bay Buccaneers,CIN,TB,lowvig,h2h,Tampa Bay Buccaneers,180.0,
ed6d24ff979f9c71979fead577b0b3f7,2026-09-06T16:00:35Z,2026-09-13T17:00:00Z,Cincinnati Bengals,Tampa Bay Buccaneers,CIN,TB,lowvig,spreads,Cincinnati Bengals,-102.0,-4.0
ed6d24ff979f9c71979fead577b0b3f7,2026-09-06T16:00:35Z,2026-09-13T17:00:00Z,Cincinnati Bengals,Tampa Bay Buccaneers,CIN,TB,lowvig,spreads,Tampa Bay Buccaneers,-108.0,4.0
ed6d24ff979f9c71979fead577b0b3f7,2026-09-06T16:00:35Z,2026-09-13T17:00:00Z,Cincinnati Bengals,Tampa Bay Buccaneers,CIN,TB,lowvig,totals,Over,-102.0,50.5
ed6d24ff979f9c71979fead577b0b3f7,2026-09-06T16:00:35Z,2026-09-13T17:00:00Z,Cincinnati Bengals,Tampa Bay Buccaneers,CIN,TB,lowvig,totals,Under,-113.0,50.5
ed6d24ff979f9c71979fead577b0b3f7,2026-09-06T16:00:35Z,2026-09-13T17:00:00Z,Cincinnati Bengals,Tampa Bay Buccaneers,CIN,TB,betus,h2h,Cincinnati Bengals,-210.0,
ed6d24ff979f9c71979fead577b0b3f7,2026-09-06T16:00:35Z,2026-09-13T17:00:00Z,Cincinnati Bengals,Tampa Bay Buccaneers,CIN,TB,betus,h2h,Tampa Bay Buccaneers,180.0,
ed6d24ff979f9c71979fead577b0b3f7,2026-09-06T16:00:35Z,2026-09-13T17:00:00Z,Cincinnati Bengals,Tampa Bay Buccaneers,CIN,TB,betus,spreads,Cincinnati Bengals,-110.0,-4.0
ed6d24ff979f9c71979fead577b0b3f7,2026-09-06T16:00:35Z,2026-09-13T17:00:00Z,Cincinnati Bengals,Tampa Bay Buccaneers,CIN,TB,betus,spreads,Tampa Bay Buccaneers,-110.0,4.0
ed6d24ff979f9c71979fead577b0b3f7,2026-09-06T16:00:35Z,2026-09-13T17:00:00Z,Cincinnati Bengals,Tampa Bay Buccaneers,CIN,TB,betus,totals,Over,-105.0,50.5
ed6d24ff979f9c71979fead577b0b3f7,2026-09-06T16:00:35Z,2026-09-13T17:00:00Z,Cincinnati Bengals,Tampa Bay Buccaneers,CIN,TB,betus,totals,Under,-115.0,50.5
ed6d24ff979f9c71979fead577b0b3f7,2026-09-06T16:00:35Z,2026-09-13T17:00:00Z,Cincinnati Bengals,Tampa Bay Buccaneers,CIN,TB,betonlineag,h2h,Cincinnati Bengals,-210.0,
ed6d24ff979f9c71979fead577b0b3f7,2026-09-06T16:00:35Z,2026-09-13T17:00:00Z,Cincinnati Bengals,Tampa Bay Buccaneers,CIN,TB,betonlineag,h2h,Tampa Bay Buccaneers,180.0,
ed6d24ff979f9c71979fead577b0b3f7,2026-09-06T16:00:35Z,2026-09-13T17:00:00Z,Cincinnati Bengals,Tampa Bay Buccaneers,CIN,TB,betonlineag,spreads,Cincinnati Bengals,-107.0,-4.0
ed6d24ff979f9c71979fead577b0b3f7,2026-09-06T16:00:35Z,2026-09-13T17:00:00Z,Cincinnati Bengals,Tampa Bay Buccaneers,CIN,TB,betonlineag,spreads,Tampa Bay Buccaneers,-113.0,4.0
ed6d24ff979f9c71979fead577b0b3f7,2026-09-06T16:00:35Z,2026-09-13T17:00:00Z,Cincinnati Bengals,Tampa Bay Buccaneers,CIN,TB,betonlineag,totals,Over,-105.0,50.5
ed6d24ff979f9c71979fead577b0b3f7,2026-09-06T16:00:35Z,2026-09-13T17:00:00Z,Cincinnati Bengals,Tampa Bay Buccaneers,CIN,TB,betonlineag,totals,Under,-115.0,50.5
ed6d24ff979f9c71979fead577b0b3f7,2026-09-06T16:00:35Z,2026-09-13T17:00:00Z,Cincinnati Bengals,Tampa Bay Buccaneers,CIN,TB,betrivers,h2h,Cincinnati Bengals,-205.0,
ed6d24ff979f9c71979fead577b0b3f7,2026-09-06T16:00:35Z,2026-09-13T17:00:00Z,Cincinnati Bengals,Tampa Bay Buccaneers,CIN,TB,betrivers,h2h,Tampa Bay Buccaneers,163.0,
ed6d24ff979f9c71979fead577b0b3f7,2026-09-06T16:00:35Z,2026-09-13T17:00:00Z,Cincinnati Bengals,Tampa Bay Buccaneers,CIN,TB,betrivers,spreads,Cincinnati Bengals,-113.0,-3.5
ed6d24ff979f9c71979fead577b0b3f7,2026-09-06T16:00:35Z,2026-09-13T17:00:00Z,Cincinnati Bengals,Tampa Bay Buccaneers,CIN,TB,betrivers,spreads,Tampa Bay Buccaneers,-108.0,3.5
ed6d24ff979f9c71979fead577b0b3f7,2026-09-06T16:00:35Z,2026-09-13T17:00:00Z,Cincinnati Bengals,Tampa Bay Buccaneers,CIN,TB,betrivers,totals,Over,-112.0,50.5
ed6d24ff979f9c71979fead577b0b3f7,2026-09-06T16:00:35Z,2026-09-13T17:00:00Z,Cincinnati Bengals,Tampa Bay Buccaneers,CIN,TB,betrivers,totals,Under,-109.0,50.5
ed6d24ff979f9c71979fead577b0b3f7,2026-09-06T16:00:35Z,2026-09-13T17:00:00Z,Cincinnati Bengals,Tampa Bay Buccaneers,CIN,TB,betmgm,h2h,Cincinnati Bengals,-210.0,
ed6d24ff979f9c71979fead577b0b3f7,2026-09-06T16:00:35Z,2026-09-13T17:00:00Z,Cincinnati Bengals,Tampa Bay Buccaneers,CIN,TB,betmgm,h2h,Tampa Bay Buccaneers,170.0,
ed6d24ff979f9c71979fead577b0b3f7,2026-09-06T16:00:35Z,2026-09-13T17:00:00Z,Cincinnati Bengals,Tampa Bay Buccaneers,CIN,TB,betmgm,spreads,Cincinnati Bengals,-108.0,-4.0
ed6d24ff979f9c71979fead577b0b3f7,2026-09-06T16:00:35Z,2026-09-13T17:00:00Z,Cincinnati Bengals,Tampa Bay Buccaneers,CIN,TB,betmgm,spreads,Tampa Bay Buccaneers,-110.0,4.0
ed6d24ff979f9c71979fead577b0b3f7,2026-09-06T16:00:35Z,2026-09-13T17:00:00Z,Cincinnati Bengals,Tampa Bay Buccaneers,CIN,TB,betmgm,totals,Over,-110.0,50.5
ed6d24ff979f9c71979fead577b0b3f7,2026-09-06T16:00:35Z,2026-09-13T17:00:00Z,Cincinnati Bengals,Tampa Bay Buccaneers,CIN,TB,betmgm,totals,Under,-108.0,50.5
ed6d24ff979f9c71979fead577b0b3f7,2026-09-06T16:00:35Z,2026-09-13T17:00:00Z,Cincinnati Bengals,Tampa Bay Buccaneers,CIN,TB,bovada,h2h,Cincinnati Bengals,-225.0,
ed6d24ff979f9c71979fead577b0b3f7,2026-09-06T16:00:35Z,2026-09-13T17:00:00Z,Cincinnati Bengals,Tampa Bay Buccaneers,CIN,TB,bovada,h2h,Tampa Bay Buccaneers,185.0,
ed6d24ff979f9c71979fead577b0b3f7,2026-09-06T16:00:35Z,2026-09-13T17:00:00Z,Cincinnati Bengals,Tampa Bay Buccaneers,CIN,TB,bovada,spreads,Cincinnati Bengals,-110.0,-4.0
ed6d24ff979f9c71979fead577b0b3f7,2026-09-06T16:00:35Z,2026-09-13T17:00:00Z,Cincinnati Bengals,Tampa Bay Buccaneers,CIN,TB,bovada,spreads,Tampa Bay Buccaneers,-110.0,4.0
ed6d24ff979f9c71979fead577b0b3f7,2026-09-06T16:00:35Z,2026-09-13T17:00:00Z,Cincinnati Bengals,Tampa Bay Buccaneers,CIN,TB,bovada,totals,Over,-115.0,50.5
ed6d24ff979f9c71979fead577b0b3f7,2026-09-06T16:00:35Z,2026-09-13T17:00:00Z,Cincinnati Bengals,Tampa Bay Buccaneers,CIN,TB,bovada,totals,Under,-105.0,50.5
ed6d24ff979f9c71979fead577b0b3f7,2026-09-06T16:00:35Z,2026-09-13T17:00:00Z,Cincinnati Bengals,Tampa Bay Buccaneers,CIN,TB,mybookieag,h2h,Cincinnati Bengals,-216.0,
ed6d24ff979f9c71979fead577b0b3f7,2026-09-06T16:00:35Z,2026-09-13T17:00:00Z,Cincinnati Bengals,Tampa Bay Buccaneers,CIN,TB,mybookieag,h2h,Tampa Bay Buccaneers,166.0,
ed6d24ff979f9c71979fead577b0b3f7,2026-09-06T16:00:35Z,2026-09-13T17:00:00Z,Cincinnati Bengals,Tampa Bay Buccaneers,CIN,TB,mybookieag,spreads,Cincinnati Bengals,-110.0,-4.5
ed6d24ff979f9c71979fead577b0b3f7,2026-09-06T16:00:35Z,2026-09-13T17:00:00Z,Cincinnati Bengals,Tampa Bay Buccaneers,CIN,TB,mybookieag,spreads,Tampa Bay Buccaneers,-110.0,4.5
ed6d24ff979f9c71979fead577b0b3f7,2026-09-06T16:00:35Z,2026-09-13T17:00:00Z,Cincinnati Bengals,Tampa Bay Buccaneers,CIN,TB,mybookieag,totals,Over,-110.0,50.5
ed6d24ff979f9c71979fead577b0b3f7,2026-09-06T16:00:35Z,2026-09-13T17:00:00Z,Cincinnati Bengals,Tampa Bay Buccaneers,CIN,TB,mybookieag,totals,Under,-110.0,50.5
e55c6fe19fce094ce214c8b0e5b504e9,2026-09-06T16:00:35Z,2026-09-13T17:00:00Z,Jacksonville Jaguars,Cleveland Browns,JAX,CLE,draftkings,h2h,Cleveland Browns,295.0,
e55c6fe19fce094ce214c8b0e5b504e9,2026-09-06T16:00:35Z,2026-09-13T17:00:00Z,Jacksonville Jaguars,Cleveland Browns,JAX,CLE,draftkings,h2h,Jacksonville Jaguars,-375.0,
e55c6fe19fce094ce214c8b0e5b504e9,2026-09-06T16:00:35Z,2026-09-13T17:00:00Z,Jacksonville Jaguars,Cleveland Browns,JAX,CLE,draftkings,spreads,Cleveland Browns,-110.0,7.5
e55c6fe19fce094ce214c8b0e5b504e9,2026-09-06T16:00:35Z,2026-09-13T17:00:00Z,Jacksonville Jaguars,Cleveland Browns,JAX,CLE,draftkings,spreads,Jacksonville Jaguars,-110.0,-7.5
e55c6fe19fce094ce214c8b0e5b504e9,2026-09-06T16:00:35Z,2026-09-13T17:00:00Z,Jacksonville Jaguars,Cleveland Browns,JAX,CLE,draftkings,totals,Over,-110.0,40.5
e55c6fe19fce094ce214c8b0e5b504e9,2026-09-06T16:00:35Z,2026-09-13T17:00:00Z,Jacksonville Jaguars,Cleveland Browns,JAX,CLE,draftkings,totals,Under,-110.0,40.5
e55c6fe19fce094ce214c8b0e5b504e9,2026-09-06T16:00:35Z,2026-09-13T17:00:00Z,Jacksonville Jaguars,Cleveland Browns,JAX,CLE,fanduel,h2h,Cleveland Browns,315.0,
e55c6fe19fce094ce214c8b0e5b504e9,2026-09-06T16:00:35Z,2026-09-13T17:00:00Z,Jacksonville Jaguars,Cleveland Browns,JAX,CLE,fanduel,h2h,Jacksonville Jaguars,-400.0,
e55c6fe19fce094ce214c8b0e5b504e9,2026-09-06T16:00:35Z,2026-09-13T17:00:00Z,Jacksonville Jaguars,Cleveland Browns,JAX,CLE,fanduel,spreads,Cleveland Browns,-105.0,7.5
e55c6fe19fce094ce214c8b0e5b504e9,2026-09-06T16:00:35Z,2026-09-13T17:00:00Z,Jacksonville Jaguars,Cleveland Browns,JAX,CLE,fanduel,spreads,Jacksonville Jaguars,-115.0,-7.5
e55c6fe19fce094ce214c8b0e5b504e9,2026-09-06T16:00:35Z,2026-09-13T17:00:00Z,Jacksonville Jaguars,Cleveland Browns,JAX,CLE,fanduel,totals,Over,-110.0,40.5
e55c6fe19fce094ce214c8b0e5b504e9,2026-09-06T16:00:35Z,2026-09-13T17:00:00Z,Jacksonville Jaguars,Cleveland Browns,JAX,CLE,fanduel,totals,Under,-110.0,40.5
e55c6fe19fce094ce214c8b0e5b504e9,2026-09-06T16:00:35Z,2026-09-13T17:00:00Z,Jacksonville Jaguars,Cleveland Browns,JAX,CLE,betus,h2h,Cleveland Browns,312.0,
e55c6fe19fce094ce214c8b0e5b504e9,2026-09-06T16:00:35Z,2026-09-13T17:00:00Z,Jacksonville Jaguars,Cleveland Browns,JAX,CLE,betus,h2h,Jacksonville Jaguars,-390.0,
e55c6fe19fce094ce214c8b0e5b504e9,2026-09-06T16:00:35Z,2026-09-13T17:00:00Z,Jacksonville Jaguars,Cleveland Browns,JAX,CLE,betus,spreads,Cleveland Browns,-125.0,9.0
e55c6fe19fce094ce214c8b0e5b504e9,2026-09-06T16:00:35Z,2026-09-13T17:00:00Z,Jacksonville Jaguars,Cleveland Browns,JAX,CLE,betus,spreads,Jacksonville Jaguars,105.0,-9.0
e55c6fe19fce094ce214c8b0e5b504e9,2026-09-06T16:00:35Z,2026-09-13T17:00:00Z,Jacksonville Jaguars,Cleveland Browns,JAX,CLE,betus,totals,Over,-110.0,40.5
e55c6fe19fce094ce214c8b0e5b504e9,2026-09-06T16:00:35Z,2026-09-13T17:00:00Z,Jacksonville Jaguars,Cleveland Browns,JAX,CLE,betus,totals,Under,-110.0,40.5
e55c6fe19fce094ce214c8b0e5b504e9,2026-09-06T16:00:35Z,2026-09-13T17:00:00Z,Jacksonville Jaguars,Cleveland Browns,JAX,CLE,betrivers,h2h,Cleveland Browns,295.0,
e55c6fe19fce094ce214c8b0e5b504e9,2026-09-06T16:00:35Z,2026-09-13T17:00:00Z,Jacksonville Jaguars,Cleveland Browns,JAX,CLE,betrivers,h2h,Jacksonville Jaguars,-400.0,
e55c6fe19fce094ce214c8b0e5b504e9,2026-09-06T16:00:35Z,2026-09-13T17:00:00Z,Jacksonville Jaguars,Cleveland Browns,JAX,CLE,betrivers,spreads,Cleveland Browns,-108.0,8.0
e55c6fe19fce094ce214c8b0e5b504e9,2026-09-06T16:00:35Z,2026-09-13T17:00:00Z,Jacksonville Jaguars,Cleveland Browns,JAX,CLE,betrivers,spreads,Jacksonville Jaguars,-113.0,-8.0
e55c6fe19fce094ce214c8b0e5b504e9,2026-09-06T16:00:35Z,2026-09-13T17:00:00Z,Jacksonville Jaguars,Cleveland Browns,JAX,CLE,betrivers,totals,Over,-112.0,40.5
e55c6fe19fce094ce214c8b0e5b504e9,2026-09-06T16:00:35Z,2026-09-13T17:00:00Z,Jacksonville Jaguars,Cleveland Browns,JAX,CLE,betrivers,totals,Under,-109.0,40.5
e55c6fe19fce094ce214c8b0e5b504e9,2026-09-06T16:00:35Z,2026-09-13T17:00:00Z,Jacksonville Jaguars,Cleveland Browns,JAX,CLE,betonlineag,h2h,Cleveland Browns,310.0,
e55c6fe19fce094ce214c8b0e5b504e9,2026-09-06T16:00:35Z,2026-09-13T17:00:00Z,Jacksonville Jaguars,Cleveland Browns,JAX,CLE,betonlineag,h2h,Jacksonville Jaguars,-390.0,
e55c6fe19fce094ce214c8b0e5b504e9,2026-09-06T16:00:35Z,2026-09-13T17:00:00Z,Jacksonville Jaguars,Cleveland Browns,JAX,CLE,betonlineag,spreads,Cleveland Browns,-113.0,8.0
e55c6fe19fce094ce214c8b0e5b504e9,2026-09-06T16:00:35Z,2026-09-13T17:00:00Z,Jacksonville Jaguars,Cleveland Browns,JAX,CLE,betonlineag,spreads,Jacksonville Jaguars,-107.0,-8.0
e55c6fe19fce094ce214c8b0e5b504e9,2026-09-06T16:00:35Z,2026-09-13T17:00:00Z,Jacksonville Jaguars,Cleveland Browns,JAX,CLE,betonlineag,totals,Over,-110.0,40.5
e55c6fe19fce094ce214c8b0e5b504e9,2026-09-06T16:00:35Z,2026-09-13T17:00:00Z,Jacksonville Jaguars,Cleveland Browns,JAX,CLE,betonlineag,totals,Under,-110.0,40.5
e55c6fe19fce094ce214c8b0e5b504e9,2026-09-06T16:00:35Z,2026-09-13T17:00:00Z,Jacksonville Jaguars,Cleveland Browns,JAX,CLE,lowvig,h2h,Cleveland Browns,310.0,
e55c6fe19fce094ce214c8b0e5b504e9,2026-09-06T16:00:35Z,2026-09-13T17:00:00Z,Jacksonville Jaguars,Cleveland Browns,JAX,CLE,lowvig,h2h,Jacksonville Jaguars,-390.0,
e55c6fe19fce094ce214c8b0e5b504e9,2026-09-06T16:00:35Z,2026-09-13T17:00:00Z,Jacksonville Jaguars,Cleveland Browns,JAX,CLE,lowvig,spreads,Cleveland Browns,-108.0,8.0
e55c6fe19fce094ce214c8b0e5b504e9,2026-09-06T16:00:35Z,2026-09-13T17:00:00Z,Jacksonville Jaguars,Cleveland Browns,JAX,CLE,lowvig,spreads,Jacksonville Jaguars,-102.0,-8.0
e55c6fe19fce094ce214c8b0e5b504e9,2026-09-06T16:00:35Z,2026-09-13T17:00:00Z,Jacksonville Jaguars,Cleveland Browns,JAX,CLE,lowvig,totals,Over,-107.0,40.5
e55c6fe19fce094ce214c8b0e5b504e9,2026-09-06T16:00:35Z,2026-09-13T17:00:00Z,Jacksonville Jaguars,Cleveland Browns,JAX,CLE,lowvig,totals,Under,-107.0,40.5
e55c6fe19fce094ce214c8b0e5b504e9,2026-09-06T16:00:35Z,2026-09-13T17:00:00Z,Jacksonville Jaguars,Cleveland Browns,JAX,CLE,betmgm,h2h,Cleveland Browns,300.0,
e55c6fe19fce094ce214c8b0e5b504e9,2026-09-06T16:00:35Z,2026-09-13T17:00:00Z,Jacksonville Jaguars,Cleveland Browns,JAX,CLE,betmgm,h2h,Jacksonville Jaguars,-375.0,
e55c6fe19fce094ce214c8b0e5b504e9,2026-09-06T16:00:35Z,2026-09-13T17:00:00Z,Jacksonville Jaguars,Cleveland Browns,JAX,CLE,betmgm,spreads,Cleveland Browns,-102.0,7.5
e55c6fe19fce094ce214c8b0e5b504e9,2026-09-06T16:00:35Z,2026-09-13T17:00:00Z,Jacksonville Jaguars,Cleveland Browns,JAX,CLE,betmgm,spreads,Jacksonville Jaguars,-115.0,-7.5
e55c6fe19fce094ce214c8b0e5b504e9,2026-09-06T16:00:35Z,2026-09-13T17:00:00Z,Jacksonville Jaguars,Cleveland Browns,JAX,CLE,betmgm,totals,Over,-108.0,40.5
e55c6fe19fce094ce214c8b0e5b504e9,2026-09-06T16:00:35Z,2026-09-13T17:00:00Z,Jacksonville Jaguars,Cleveland Browns,JAX,CLE,betmgm,totals,Under,-110.0,40.5
e55c6fe19fce094ce214c8b0e5b504e9,2026-09-06T16:00:35Z,2026-09-13T17:00:00Z,Jacksonville Jaguars,Cleveland Browns,JAX,CLE,bovada,h2h,Cleveland Browns,305.0,
e55c6fe19fce094ce214c8b0e5b504e9,2026-09-06T16:00:35Z,2026-09-13T17:00:00Z,Jacksonville Jaguars,Cleveland Browns,JAX,CLE,bovada,h2h,Jacksonville Jaguars,-410.0,
e55c6fe19fce094ce214c8b0e5b504e9,2026-09-06T16:00:35Z,2026-09-13T17:00:00Z,Jacksonville Jaguars,Cleveland Browns,JAX,CLE,bovada,spreads,Cleveland Browns,-120.0,8.5
e55c6fe19fce094ce214c8b0e5b504e9,2026-09-06T16:00:35Z,2026-09-13T17:00:00Z,Jacksonville Jaguars,Cleveland Browns,JAX,CLE,bovada,spreads,Jacksonville Jaguars,100.0,-8.5
e55c6fe19fce094ce214c8b0e5b504e9,2026-09-06T16:00:35Z,2026-09-13T17:00:00Z,Jacksonville Jaguars,Cleveland Browns,JAX,CLE,bovada,totals,Over,-110.0,40.5
e55c6fe19fce094ce214c8b0e5b504e9,2026-09-06T16:00:35Z,2026-09-13T17:00:00Z,Jacksonville Jaguars,Cleveland Browns,JAX,CLE,bovada,totals,Under,-110.0,40.5
e55c6fe19fce094ce214c8b0e5b504e9,2026-09-06T16:00:35Z,2026-09-13T17:00:00Z,Jacksonville Jaguars,Cleveland Browns,JAX,CLE,mybookieag,h2h,Cleveland Browns,320.0,
e55c6fe19fce094ce214c8b0e5b504e9,2026-09-06T16:00:35Z,2026-09-13T17:00:00Z,Jacksonville Jaguars,Cleveland Browns,JAX,CLE,mybookieag,h2h,Jacksonville Jaguars,-461.0,
e55c6fe19fce094ce214c8b0e5b504e9,2026-09-06T16:00:35Z,2026-09-13T17:00:00Z,Jacksonville Jaguars,Cleveland Browns,JAX,CLE,mybookieag,spreads,Cleveland Browns,-110.0,8.5
e55c6fe19fce094ce214c8b0e5b504e9,2026-09-06T16:00:35Z,2026-09-13T17:00:00Z,Jacksonville Jaguars,Cleveland Browns,JAX,CLE,mybookieag,spreads,Jacksonville Jaguars,-110.0,-8.5
e55c6fe19fce094ce214c8b0e5b504e9,2026-09-06T16:00:35Z,2026-09-13T17:00:00Z,Jacksonville Jaguars,Cleveland Browns,JAX,CLE,mybookieag,totals,Over,-110.0,40.5
e55c6fe19fce094ce214c8b0e5b504e9,2026-09-06T16:00:35Z,2026-09-13T17:00:00Z,Jacksonville Jaguars,Cleveland Browns,JAX,CLE,mybookieag,totals,Under,-110.0,40.5
c1d3fcec25aaeb06ebd2244d33d338e0,2026-09-06T16:00:35Z,2026-09-13T17:00:00Z,Detroit Lions,New Orleans Saints,DET,NO,draftkings,h2h,Detroit Lions,-310.0,
c1d3fcec25aaeb06ebd2244d33d338e0,2026-09-06T16:00:35Z,2026-09-13T17:00:00Z,Detroit Lions,New Orleans Saints,DET,NO,draftkings,h2h,New Orleans Saints,250.0,
c1d3fcec25aaeb06ebd2244d33d338e0,2026-09-06T16:00:35Z,2026-09-13T17:00:00Z,Detroit Lions,New Orleans Saints,DET,NO,draftkings,spreads,Detroit Lions,-110.0,-7.0
c1d3fcec25aaeb06ebd2244d33d338e0,2026-09-06T16:00:35Z,2026-09-13T17:00:00Z,Detroit Lions,New Orleans Saints,DET,NO,draftkings,spreads,New Orleans Saints,-110.0,7.0
c1d3fcec25aaeb06ebd2244d33d338e0,2026-09-06T16:00:35Z,2026-09-13T17:00:00Z,Detroit Lions,New Orleans Saints,DET,NO,draftkings,totals,Over,-115.0,49.5
c1d3fcec25aaeb06ebd2244d33d338e0,2026-09-06T16:00:35Z,2026-09-13T17:00:00Z,Detroit Lions,New Orleans Saints,DET,NO,draftkings,totals,Under,-105.0,49.5
c1d3fcec25aaeb06ebd2244d33d338e0,2026-09-06T16:00:35Z,2026-09-13T17:00:00Z,Detroit Lions,New Orleans Saints,DET,NO,fanduel,h2h,Detroit Lions,-335.0,
c1d3fcec25aaeb06ebd2244d33d338e0,2026-09-06T16:00:35Z,2026-09-13T17:00:00Z,Detroit Lions,New Orleans Saints,DET,NO,fanduel,h2h,New Orleans Saints,270.0,
c1d3fcec25aaeb06ebd2244d33d338e0,2026-09-06T16:00:35Z,2026-09-13T17:00:00Z,Detroit Lions,New Orleans Saints,DET,NO,fanduel,spreads,Detroit Lions,-122.0,-6.5
c1d3fcec25aaeb06ebd2244d33d338e0,2026-09-06T16:00:35Z,2026-09-13T17:00:00Z,Detroit Lions,New Orleans Saints,DET,NO,fanduel,spreads,New Orleans Saints,100.0,6.5
c1d3fcec25aaeb06ebd2244d33d338e0,2026-09-06T16:00:35Z,2026-09-13T17:00:00Z,Detroit Lions,New Orleans Saints,DET,NO,fanduel,totals,Over,-115.0,49.5
c1d3fcec25aaeb06ebd2244d33d338e0,2026-09-06T16:00:35Z,2026-09-13T17:00:00Z,Detroit Lions,New Orleans Saints,DET,NO,fanduel,totals,Under,-105.0,49.5
c1d3fcec25aaeb06ebd2244d33d338e0,2026-09-06T16:00:35Z,2026-09-13T17:00:00Z,Detroit Lions,New Orleans Saints,DET,NO,lowvig,h2h,Detroit Lions,-305.0,
c1d3fcec25aaeb06ebd2244d33d338e0,2026-09-06T16:00:35Z,2026-09-13T17:00:00Z,Detroit Lions,New Orleans Saints,DET,NO,lowvig,h2h,New Orleans Saints,249.0,
c1d3fcec25aaeb06ebd2244d33d338e0,2026-09-06T16:00:35Z,2026-09-13T17:00:00Z,Detroit Lions,New Orleans Saints,DET,NO,lowvig,spreads,Detroit Lions,101.0,-7.0
c1d3fcec25aaeb06ebd2244d33d338e0,2026-09-06T16:00:35Z,2026-09-13T17:00:00Z,Detroit Lions,New Orleans Saints,DET,NO,lowvig,spreads,New Orleans Saints,-112.0,7.0
c1d3fcec25aaeb06ebd2244d33d338e0,2026-09-06T16:00:35Z,2026-09-13T17:00:00Z,Detroit Lions,New Orleans Saints,DET,NO,lowvig,totals,Over,-107.0,50.0
c1d3fcec25aaeb06ebd2244d33d338e0,2026-09-06T16:00:35Z,2026-09-13T17:00:00Z,Detroit Lions,New Orleans Saints,DET,NO,lowvig,totals,Under,-107.0,50.0
c1d3fcec25aaeb06ebd2244d33d338e0,2026-09-06T16:00:35Z,2026-09-13T17:00:00Z,Detroit Lions,New Orleans Saints,DET,NO,betonlineag,h2h,Detroit Lions,-305.0,
c1d3fcec25aaeb06ebd2244d33d338e0,2026-09-06T16:00:35Z,2026-09-13T17:00:00Z,Detroit Lions,New Orleans Saints,DET,NO,betonlineag,h2h,New Orleans Saints,249.0,
c1d3fcec25aaeb06ebd2244d33d338e0,2026-09-06T16:00:35Z,2026-09-13T17:00:00Z,Detroit Lions,New Orleans Saints,DET,NO,betonlineag,spreads,Detroit Lions,-104.0,-7.0
c1d3fcec25aaeb06ebd2244d33d338e0,2026-09-06T16:00:35Z,2026-09-13T17:00:00Z,Detroit Lions,New Orleans Saints,DET,NO,betonlineag,spreads,New Orleans Saints,-116.0,7.0
c1d3fcec25aaeb06ebd2244d33d338e0,2026-09-06T16:00:35Z,2026-09-13T17:00:00Z,Detroit Lions,New Orleans Saints,DET,NO,betonlineag,totals,Over,-110.0,50.0
c1d3fcec25aaeb06ebd2244d33d338e0,2026-09-06T16:00:35Z,2026-09-13T17:00:00Z,Detroit Lions,New Orleans Saints,DET,NO,betonlineag,totals,Under,-110.0,50.0
c1d3fcec25aaeb06ebd2244d33d338e0,2026-09-06T16:00:35Z,2026-09-13T17:00:00Z,Detroit Lions,New Orleans Saints,DET,NO,betus,h2h,Detroit Lions,-305.0,
c1d3fcec25aaeb06ebd2244d33d338e0,2026-09-06T16:00:35Z,2026-09-13T17:00:00Z,Detroit Lions,New Orleans Saints,DET,NO,betus,h2h,New Orleans Saints,253.0,
c1d3fcec25aaeb06ebd2244d33d338e0,2026-09-06T16:00:35Z,2026-09-13T17:00:00Z,Detroit Lions,New Orleans Saints,DET,NO,betus,spreads,Detroit Lions,-105.0,-7.0
c1d3fcec25aaeb06ebd2244d33d338e0,2026-09-06T16:00:35Z,2026-09-13T17:00:00Z,Detroit Lions,New Orleans Saints,DET,NO,betus,spreads,New Orleans Saints,-115.0,7.0
c1d3fcec25aaeb06ebd2244d33d338e0,2026-09-06T16:00:35Z,2026-09-13T17:00:00Z,Detroit Lions,New Orleans Saints,DET,NO,betus,totals,Over,-110.0,50.0
c1d3fcec25aaeb06ebd2244d33d338e0,2026-09-06T16:00:35Z,2026-09-13T17:00:00Z,Detroit Lions,New Orleans Saints,DET,NO,betus,totals,Under,-110.0,50.0
c1d3fcec25aaeb06ebd2244d33d338e0,2026-09-06T16:00:35Z,2026-09-13T17:00:00Z,Detroit Lions,New Orleans Saints,DET,NO,betrivers,h2h,Detroit Lions,-345.0,
c1d3fcec25aaeb06ebd2244d33d338e0,2026-09-06T16:00:35Z,2026-09-13T17:00:00Z,Detroit Lions,New Orleans Saints,DET,NO,betrivers,h2h,New Orleans Saints,265.0,
c1d3fcec25aaeb06ebd2244d33d338e0,2026-09-06T16:00:35Z,2026-09-13T17:00:00Z,Detroit Lions,New Orleans Saints,DET,NO,betrivers,spreads,Detroit Lions,-113.0,-7.0
c1d3fcec25aaeb06ebd2244d33d338e0,2026-09-06T16:00:35Z,2026-09-13T17:00:00Z,Detroit Lions,New Orleans Saints,DET,NO,betrivers,spreads,New Orleans Saints,-108.0,7.0
c1d3fcec25aaeb06ebd2244d33d338e0,2026-09-06T16:00:35Z,2026-09-13T17:00:00Z,Detroit Lions,New Orleans Saints,DET,NO,betrivers,totals,Over,-113.0,50.0
c1d3fcec25aaeb06ebd2244d33d338e0,2026-09-06T16:00:35Z,2026-09-13T17:00:00Z,Detroit Lions,New Orleans Saints,DET,NO,betrivers,totals,Under,-108.0,50.0
c1d3fcec25aaeb06ebd2244d33d338e0,2026-09-06T16:00:35Z,2026-09-13T17:00:00Z,Detroit Lions,New Orleans Saints,DET,NO,betmgm,h2h,Detroit Lions,-325.0,
c1d3fcec25aaeb06ebd2244d33d338e0,2026-09-06T16:00:35Z,2026-09-13T17:00:00Z,Detroit Lions,New Orleans Saints,DET,NO,betmgm,h2h,New Orleans Saints,260.0,
c1d3fcec25aaeb06ebd2244d33d338e0,2026-09-06T16:00:35Z,2026-09-13T17:00:00Z,Detroit Lions,New Orleans Saints,DET,NO,betmgm,spreads,Detroit Lions,-108.0,-7.0
c1d3fcec25aaeb06ebd2244d33d338e0,2026-09-06T16:00:35Z,2026-09-13T17:00:00Z,Detroit Lions,New Orleans Saints,DET,NO,betmgm,spreads,New Orleans Saints,-110.0,7.0
c1d3fcec25aaeb06ebd2244d33d338e0,2026-09-06T16:00:35Z,2026-09-13T17:00:00Z,Detroit Lions,New Orleans Saints,DET,NO,betmgm,totals,Over,-108.0,50.0
c1d3fcec25aaeb06ebd2244d33d338e0,2026-09-06T16:00:35Z,2026-09-13T17:00:00Z,Detroit Lions,New Orleans Saints,DET,NO,betmgm,totals,Under,-110.0,50.0
c1d3fcec25aaeb06ebd2244d33d338e0,2026-09-06T16:00:35Z,2026-09-13T17:00:00Z,Detroit Lions,New Orleans Saints,DET,NO,bovada,h2h,Detroit Lions,-330.0,
c1d3fcec25aaeb06ebd2244d33d338e0,2026-09-06T16:00:35Z,2026-09-13T17:00:00Z,Detroit Lions,New Orleans Saints,DET,NO,bovada,h2h,New Orleans Saints,265.0,
c1d3fcec25aaeb06ebd2244d33d338e0,2026-09-06T16:00:35Z,2026-09-13T17:00:00Z,Detroit Lions,New Orleans Saints,DET,NO,bovada,spreads,Detroit Lions,-105.0,-7.0
c1d3fcec25aaeb06ebd2244d33d338e0,2026-09-06T16:00:35Z,2026-09-13T17:00:00Z,Detroit Lions,New Orleans Saints,DET,NO,bovada,spreads,New Orleans Saints,-115.0,7.0
c1d3fcec25aaeb06ebd2244d33d338e0,2026-09-06T16:00:35Z,2026-09-13T17:00:00Z,Detroit Lions,New Orleans Saints,DET,NO,bovada,totals,Over,-105.0,50.0
c1d3fcec25aaeb06ebd2244d33d338e0,2026-09-06T16:00:35Z,2026-09-13T17:00:00Z,Detroit Lions,New Orleans Saints,DET,NO,bovada,totals,Under,-115.0,50.0
c1d3fcec25aaeb06ebd2244d33d338e0,2026-09-06T16:00:35Z,2026-09-13T17:00:00Z,Detroit Lions,New Orleans Saints,DET,NO,mybookieag,h2h,Detroit Lions,-330.0,
c1d3fcec25aaeb06ebd2244d33d338e0,2026-09-06T16:00:35Z,2026-09-13T17:00:00Z,Detroit Lions,New Orleans Saints,DET,NO,mybookieag,h2h,New Orleans Saints,240.0,
c1d3fcec25aaeb06ebd2244d33d338e0,2026-09-06T16:00:35Z,2026-09-13T17:00:00Z,Detroit Lions,New Orleans Saints,DET,NO,mybookieag,spreads,Detroit Lions,-110.0,-7.0
c1d3fcec25aaeb06ebd2244d33d338e0,2026-09-06T16:00:35Z,2026-09-13T17:00:00Z,Detroit Lions,New Orleans Saints,DET,NO,mybookieag,spreads,New Orleans Saints,-110.0,7.0
c1d3fcec25aaeb06ebd2244d33d338e0,2026-09-06T16:00:35Z,2026-09-13T17:00:00Z,Detroit Lions,New Orleans Saints,DET,NO,mybookieag,totals,Over,-110.0,50.0
c1d3fcec25aaeb06ebd2244d33d338e0,2026-09-06T16:00:35Z,2026-09-13T17:00:00Z,Detroit Lions,New Orleans Saints,DET,NO,mybookieag,totals,Under,-110.0,50.0
7dddb296a42e7a41a774b24bd1709ce1,2026-09-06T16:00:35Z,2026-09-13T17:00:00Z,Tennessee Titans,New York Jets,TEN,NYJ,draftkings,h2h,New York Jets,110.0,
7dddb296a42e7a41a774b24bd1709ce1,2026-09-06T16:00:35Z,2026-09-13T17:00:00Z,Tennessee Titans,New York Jets,TEN,NYJ,draftkings,h2h,Tennessee Titans,-130.0,
7dddb296a42e7a41a774b24bd1709ce1,2026-09-06T16:00:35Z,2026-09-13T17:00:00Z,Tennessee Titans,New York Jets,TEN,NYJ,draftkings,spreads,New York Jets,-105.0,1.5
7dddb296a42e7a41a774b24bd1709ce1,2026-09-06T16:00:35Z,2026-09-13T17:00:00Z,Tennessee Titans,New York Jets,TEN,NYJ,draftkings,spreads,Tennessee Titans,-115.0,-1.5
7dddb296a42e7a41a774b24bd1709ce1,2026-09-06T16:00:35Z,2026-09-13T17:00:00Z,Tennessee Titans,New York Jets,TEN,NYJ,draftkings,totals,Over,-105.0,39.5
7dddb296a42e7a41a774b24bd1709ce1,2026-09-06T16:00:35Z,2026-09-13T17:00:00Z,Tennessee Titans,New York Jets,TEN,NYJ,draftkings,totals,Under,-115.0,39.5
7dddb296a42e7a41a774b24bd1709ce1,2026-09-06T16:00:35Z,2026-09-13T17:00:00Z,Tennessee Titans,New York Jets,TEN,NYJ,fanduel,h2h,New York Jets,110.0,
7dddb296a42e7a41a774b24bd1709ce1,2026-09-06T16:00:35Z,2026-09-13T17:00:00Z,Tennessee Titans,New York Jets,TEN,NYJ,fanduel,h2h,Tennessee Titans,-130.0,
7dddb296a42e7a41a774b24bd1709ce1,2026-09-06T16:00:35Z,2026-09-13T17:00:00Z,Tennessee Titans,New York Jets,TEN,NYJ,fanduel,spreads,New York Jets,-120.0,2.5
7dddb296a42e7a41a774b24bd1709ce1,2026-09-06T16:00:35Z,2026-09-13T17:00:00Z,Tennessee Titans,New York Jets,TEN,NYJ,fanduel,spreads,Tennessee Titans,-102.0,-2.5
7dddb296a42e7a41a774b24bd1709ce1,2026-09-06T16:00:35Z,2026-09-13T17:00:00Z,Tennessee Titans,New York Jets,TEN,NYJ,fanduel,totals,Over,-110.0,39.5
7dddb296a42e7a41a774b24bd1709ce1,2026-09-06T16:00:35Z,2026-09-13T17:00:00Z,Tennessee Titans,New York Jets,TEN,NYJ,fanduel,totals,Under,-110.0,39.5
7dddb296a42e7a41a774b24bd1709ce1,2026-09-06T16:00:35Z,2026-09-13T17:00:00Z,Tennessee Titans,New York Jets,TEN,NYJ,lowvig,spreads,New York Jets,107.0,0.0
7dddb296a42e7a41a774b24bd1709ce1,2026-09-06T16:00:35Z,2026-09-13T17:00:00Z,Tennessee Titans,New York Jets,TEN,NYJ,lowvig,spreads,Tennessee Titans,-118.0,0.0
7dddb296a42e7a41a774b24bd1709ce1,2026-09-06T16:00:35Z,2026-09-13T17:00:00Z,Tennessee Titans,New York Jets,TEN,NYJ,lowvig,totals,Over,-102.0,39.5
7dddb296a42e7a41a774b24bd1709ce1,2026-09-06T16:00:35Z,2026-09-13T17:00:00Z,Tennessee Titans,New York Jets,TEN,NYJ,lowvig,totals,Under,-113.0,39.5
7dddb296a42e7a41a774b24bd1709ce1,2026-09-06T16:00:35Z,2026-09-13T17:00:00Z,Tennessee Titans,New York Jets,TEN,NYJ,betus,spreads,New York Jets,100.0,0.0
7dddb296a42e7a41a774b24bd1709ce1,2026-09-06T16:00:35Z,2026-09-13T17:00:00Z,Tennessee Titans,New York Jets,TEN,NYJ,betus,spreads,Tennessee Titans,-120.0,0.0
7dddb296a42e7a41a774b24bd1709ce1,2026-09-06T16:00:35Z,2026-09-13T17:00:00Z,Tennessee Titans,New York Jets,TEN,NYJ,betus,totals,Over,-105.0,39.5
7dddb296a42e7a41a774b24bd1709ce1,2026-09-06T16:00:35Z,2026-09-13T17:00:00Z,Tennessee Titans,New York Jets,TEN,NYJ,betus,totals,Under,-115.0,39.5
7dddb296a42e7a41a774b24bd1709ce1,2026-09-06T16:00:35Z,2026-09-13T17:00:00Z,Tennessee Titans,New York Jets,TEN,NYJ,betonlineag,spreads,New York Jets,102.0,0.0
7dddb296a42e7a41a774b24bd1709ce1,2026-09-06T16:00:35Z,2026-09-13T17:00:00Z,Tennessee Titans,New York Jets,TEN,NYJ,betonlineag,spreads,Tennessee Titans,-122.0,0.0
7dddb296a42e7a41a774b24bd1709ce1,2026-09-06T16:00:35Z,2026-09-13T17:00:00Z,Tennessee Titans,New York Jets,TEN,NYJ,betonlineag,totals,Over,-105.0,39.5
7dddb296a42e7a41a774b24bd1709ce1,2026-09-06T16:00:35Z,2026-09-13T17:00:00Z,Tennessee Titans,New York Jets,TEN,NYJ,betonlineag,totals,Under,-115.0,39.5
7dddb296a42e7a41a774b24bd1709ce1,2026-09-06T16:00:35Z,2026-09-13T17:00:00Z,Tennessee Titans,New York Jets,TEN,NYJ,betrivers,h2h,New York Jets,110.0,
7dddb296a42e7a41a774b24bd1709ce1,2026-09-06T16:00:35Z,2026-09-13T17:00:00Z,Tennessee Titans,New York Jets,TEN,NYJ,betrivers,h2h,Tennessee Titans,-136.0,
7dddb296a42e7a41a774b24bd1709ce1,2026-09-06T16:00:35Z,2026-09-13T17:00:00Z,Tennessee Titans,New York Jets,TEN,NYJ,betrivers,spreads,New York Jets,-112.0,2.0
7dddb296a42e7a41a774b24bd1709ce1,2026-09-06T16:00:35Z,2026-09-13T17:00:00Z,Tennessee Titans,New York Jets,TEN,NYJ,betrivers,spreads,Tennessee Titans,-109.0,-2.0
7dddb296a42e7a41a774b24bd1709ce1,2026-09-06T16:00:35Z,2026-09-13T17:00:00Z,Tennessee Titans,New York Jets,TEN,NYJ,betrivers,totals,Over,-110.0,39.0
7dddb296a42e7a41a774b24bd1709ce1,2026-09-06T16:00:35Z,2026-09-13T17:00:00Z,Tennessee Titans,New York Jets,TEN,NYJ,betrivers,totals,Under,-110.0,39.0
7dddb296a42e7a41a774b24bd1709ce1,2026-09-06T16:00:35Z,2026-09-13T17:00:00Z,Tennessee Titans,New York Jets,TEN,NYJ,betmgm,h2h,New York Jets,105.0,
7dddb296a42e7a41a774b24bd1709ce1,2026-09-06T16:00:35Z,2026-09-13T17:00:00Z,Tennessee Titans,New York Jets,TEN,NYJ,betmgm,h2h,Tennessee Titans,-125.0,
7dddb296a42e7a41a774b24bd1709ce1,2026-09-06T16:00:35Z,2026-09-13T17:00:00Z,Tennessee Titans,New York Jets,TEN,NYJ,betmgm,spreads,New York Jets,-110.0,1.5
7dddb296a42e7a41a774b24bd1709ce1,2026-09-06T16:00:35Z,2026-09-13T17:00:00Z,Tennessee Titans,New York Jets,TEN,NYJ,betmgm,spreads,Tennessee Titans,-108.0,-1.5
7dddb296a42e7a41a774b24bd1709ce1,2026-09-06T16:00:35Z,2026-09-13T17:00:00Z,Tennessee Titans,New York Jets,TEN,NYJ,betmgm,totals,Over,-108.0,39.5
7dddb296a42e7a41a774b24bd1709ce1,2026-09-06T16:00:35Z,2026-09-13T17:00:00Z,Tennessee Titans,New York Jets,TEN,NYJ,betmgm,totals,Under,-110.0,39.5
7dddb296a42e7a41a774b24bd1709ce1,2026-09-06T16:00:35Z,2026-09-13T17:00:00Z,Tennessee Titans,New York Jets,TEN,NYJ,bovada,h2h,New York Jets,105.0,
7dddb296a42e7a41a774b24bd1709ce1,2026-09-06T16:00:35Z,2026-09-13T17:00:00Z,Tennessee Titans,New York Jets,TEN,NYJ,bovada,h2h,Tennessee Titans,-125.0,
7dddb296a42e7a41a774b24bd1709ce1,2026-09-06T16:00:35Z,2026-09-13T17:00:00Z,Tennessee Titans,New York Jets,TEN,NYJ,bovada,spreads,New York Jets,-110.0,1.5
7dddb296a42e7a41a774b24bd1709ce1,2026-09-06T16:00:35Z,2026-09-13T17:00:00Z,Tennessee Titans,New York Jets,TEN,NYJ,bovada,spreads,Tennessee Titans,-110.0,-1.5
7dddb296a42e7a41a774b24bd1709ce1,2026-09-06T16:00:35Z,2026-09-13T17:00:00Z,Tennessee Titans,New York Jets,TEN,NYJ,bovada,totals,Over,-115.0,39.0
7dddb296a42e7a41a774b24bd1709ce1,2026-09-06T16:00:35Z,2026-09-13T17:00:00Z,Tennessee Titans,New York Jets,TEN,NYJ,bovada,totals,Under,-105.0,39.0
7dddb296a42e7a41a774b24bd1709ce1,2026-09-06T16:00:35Z,2026-09-13T17:00:00Z,Tennessee Titans,New York Jets,TEN,NYJ,mybookieag,h2h,New York Jets,105.0,
7dddb296a42e7a41a774b24bd1709ce1,2026-09-06T16:00:35Z,2026-09-13T17:00:00Z,Tennessee Titans,New York Jets,TEN,NYJ,mybookieag,h2h,Tennessee Titans,-133.0,
7dddb296a42e7a41a774b24bd1709ce1,2026-09-06T16:00:35Z,2026-09-13T17:00:00Z,Tennessee Titans,New York Jets,TEN,NYJ,mybookieag,spreads,New York Jets,-110.0,1.5
7dddb296a42e7a41a774b24bd1709ce1,2026-09-06T16:00:35Z,2026-09-13T17:00:00Z,Tennessee Titans,New York Jets,TEN,NYJ,mybookieag,spreads,Tennessee Titans,-110.0,-1.5
7dddb296a42e7a41a774b24bd1709ce1,2026-09-06T16:00:35Z,2026-09-13T17:00:00Z,Tennessee Titans,New York Jets,TEN,NYJ,mybookieag,totals,Over,-110.0,39.5
7dddb296a42e7a41a774b24bd1709ce1,2026-09-06T16:00:35Z,2026-09-13T17:00:00Z,Tennessee Titans,New York Jets,TEN,NYJ,mybookieag,totals,Under,-110.0,39.5
95c01d1bb797d6df14824b106c5a9130,2026-09-07T18:08:19Z,2026-09-13T17:00:00Z,Pittsburgh Steelers,Atlanta Falcons,PIT,ATL,draftkings,h2h,Atlanta Falcons,150.0,
95c01d1bb797d6df14824b106c5a9130,2026-09-07T18:08:19Z,2026-09-13T17:00:00Z,Pittsburgh Steelers,Atlanta Falcons,PIT,ATL,draftkings,h2h,Pittsburgh Steelers,-180.0,
95c01d1bb797d6df14824b106c5a9130,2026-09-07T18:08:19Z,2026-09-13T17:00:00Z,Pittsburgh Steelers,Atlanta Falcons,PIT,ATL,draftkings,spreads,Atlanta Falcons,-118.0,3.5
95c01d1bb797d6df14824b106c5a9130,2026-09-07T18:08:19Z,2026-09-13T17:00:00Z,Pittsburgh Steelers,Atlanta Falcons,PIT,ATL,draftkings,spreads,Pittsburgh Steelers,-102.0,-3.5
95c01d1bb797d6df14824b106c5a9130,2026-09-07T18:08:19Z,2026-09-13T17:00:00Z,Pittsburgh Steelers,Atlanta Falcons,PIT,ATL,draftkings,totals,Over,-105.0,42.5
95c01d1bb797d6df14824b106c5a9130,2026-09-07T18:08:19Z,2026-09-13T17:00:00Z,Pittsburgh Steelers,Atlanta Falcons,PIT,ATL,draftkings,totals,Under,-115.0,42.5
95c01d1bb797d6df14824b106c5a9130,2026-09-07T18:08:19Z,2026-09-13T17:00:00Z,Pittsburgh Steelers,Atlanta Falcons,PIT,ATL,betrivers,h2h,Atlanta Falcons,140.0,
95c01d1bb797d6df14824b106c5a9130,2026-09-07T18:08:19Z,2026-09-13T17:00:00Z,Pittsburgh Steelers,Atlanta Falcons,PIT,ATL,betrivers,h2h,Pittsburgh Steelers,-177.0,
95c01d1bb797d6df14824b106c5a9130,2026-09-07T18:08:19Z,2026-09-13T17:00:00Z,Pittsburgh Steelers,Atlanta Falcons,PIT,ATL,betrivers,spreads,Atlanta Falcons,-117.0,3.5
95c01d1bb797d6df14824b106c5a9130,2026-09-07T18:08:19Z,2026-09-13T17:00:00Z,Pittsburgh Steelers,Atlanta Falcons,PIT,ATL,betrivers,spreads,Pittsburgh Steelers,-105.0,-3.5
95c01d1bb797d6df14824b106c5a9130,2026-09-07T18:08:19Z,2026-09-13T17:00:00Z,Pittsburgh Steelers,Atlanta Falcons,PIT,ATL,betrivers,totals,Over,-110.0,42.0
95c01d1bb797d6df14824b106c5a9130,2026-09-07T18:08:19Z,2026-09-13T17:00:00Z,Pittsburgh Steelers,Atlanta Falcons,PIT,ATL,betrivers,totals,Under,-110.0,42.0
95c01d1bb797d6df14824b106c5a9130,2026-09-07T18:08:19Z,2026-09-13T17:00:00Z,Pittsburgh Steelers,Atlanta Falcons,PIT,ATL,betonlineag,h2h,Atlanta Falcons,157.0,
95c01d1bb797d6df14824b106c5a9130,2026-09-07T18:08:19Z,2026-09-13T17:00:00Z,Pittsburgh Steelers,Atlanta Falcons,PIT,ATL,betonlineag,h2h,Pittsburgh Steelers,-180.0,
95c01d1bb797d6df14824b106c5a9130,2026-09-07T18:08:19Z,2026-09-13T17:00:00Z,Pittsburgh Steelers,Atlanta Falcons,PIT,ATL,betonlineag,spreads,Atlanta Falcons,105.0,3.0
95c01d1bb797d6df14824b106c5a9130,2026-09-07T18:08:19Z,2026-09-13T17:00:00Z,Pittsburgh Steelers,Atlanta Falcons,PIT,ATL,betonlineag,spreads,Pittsburgh Steelers,-125.0,-3.0
95c01d1bb797d6df14824b106c5a9130,2026-09-07T18:08:19Z,2026-09-13T17:00:00Z,Pittsburgh Steelers,Atlanta Falcons,PIT,ATL,betonlineag,totals,Over,-110.0,41.5
95c01d1bb797d6df14824b106c5a9130,2026-09-07T18:08:19Z,2026-09-13T17:00:00Z,Pittsburgh Steelers,Atlanta Falcons,PIT,ATL,betonlineag,totals,Under,-110.0,41.5
95c01d1bb797d6df14824b106c5a9130,2026-09-07T18:08:19Z,2026-09-13T17:00:00Z,Pittsburgh Steelers,Atlanta Falcons,PIT,ATL,fanduel,h2h,Atlanta Falcons,150.0,
95c01d1bb797d6df14824b106c5a9130,2026-09-07T18:08:19Z,2026-09-13T17:00:00Z,Pittsburgh Steelers,Atlanta Falcons,PIT,ATL,fanduel,h2h,Pittsburgh Steelers,-178.0,
95c01d1bb797d6df14824b106c5a9130,2026-09-07T18:08:19Z,2026-09-13T17:00:00Z,Pittsburgh Steelers,Atlanta Falcons,PIT,ATL,fanduel,spreads,Atlanta Falcons,-118.0,3.5
95c01d1bb797d6df14824b106c5a9130,2026-09-07T18:08:19Z,2026-09-13T17:00:00Z,Pittsburgh Steelers,Atlanta Falcons,PIT,ATL,fanduel,spreads,Pittsburgh Steelers,-104.0,-3.5
95c01d1bb797d6df14824b106c5a9130,2026-09-07T18:08:19Z,2026-09-13T17:00:00Z,Pittsburgh Steelers,Atlanta Falcons,PIT,ATL,fanduel,totals,Over,-115.0,41.5
95c01d1bb797d6df14824b106c5a9130,2026-09-07T18:08:19Z,2026-09-13T17:00:00Z,Pittsburgh Steelers,Atlanta Falcons,PIT,ATL,fanduel,totals,Under,-105.0,41.5
95c01d1bb797d6df14824b106c5a9130,2026-09-07T18:08:19Z,2026-09-13T17:00:00Z,Pittsburgh Steelers,Atlanta Falcons,PIT,ATL,lowvig,h2h,Atlanta Falcons,157.0,
95c01d1bb797d6df14824b106c5a9130,2026-09-07T18:08:19Z,2026-09-13T17:00:00Z,Pittsburgh Steelers,Atlanta Falcons,PIT,ATL,lowvig,h2h,Pittsburgh Steelers,-180.0,
95c01d1bb797d6df14824b106c5a9130,2026-09-07T18:08:19Z,2026-09-13T17:00:00Z,Pittsburgh Steelers,Atlanta Falcons,PIT,ATL,lowvig,spreads,Atlanta Falcons,110.0,3.0
95c01d1bb797d6df14824b106c5a9130,2026-09-07T18:08:19Z,2026-09-13T17:00:00Z,Pittsburgh Steelers,Atlanta Falcons,PIT,ATL,lowvig,spreads,Pittsburgh Steelers,-121.0,-3.0
95c01d1bb797d6df14824b106c5a9130,2026-09-07T18:08:19Z,2026-09-13T17:00:00Z,Pittsburgh Steelers,Atlanta Falcons,PIT,ATL,lowvig,totals,Over,-107.0,41.5
95c01d1bb797d6df14824b106c5a9130,2026-09-07T18:08:19Z,2026-09-13T17:00:00Z,Pittsburgh Steelers,Atlanta Falcons,PIT,ATL,lowvig,totals,Under,-107.0,41.5
95c01d1bb797d6df14824b106c5a9130,2026-09-07T18:08:19Z,2026-09-13T17:00:00Z,Pittsburgh Steelers,Atlanta Falcons,PIT,ATL,betus,h2h,Atlanta Falcons,155.0,
95c01d1bb797d6df14824b106c5a9130,2026-09-07T18:08:19Z,2026-09-13T17:00:00Z,Pittsburgh Steelers,Atlanta Falcons,PIT,ATL,betus,h2h,Pittsburgh Steelers,-180.0,
95c01d1bb797d6df14824b106c5a9130,2026-09-07T18:08:19Z,2026-09-13T17:00:00Z,Pittsburgh Steelers,Atlanta Falcons,PIT,ATL,betus,spreads,Atlanta Falcons,105.0,3.0
95c01d1bb797d6df14824b106c5a9130,2026-09-07T18:08:19Z,2026-09-13T17:00:00Z,Pittsburgh Steelers,Atlanta Falcons,PIT,ATL,betus,spreads,Pittsburgh Steelers,-125.0,-3.0
95c01d1bb797d6df14824b106c5a9130,2026-09-07T18:08:19Z,2026-09-13T17:00:00Z,Pittsburgh Steelers,Atlanta Falcons,PIT,ATL,betus,totals,Over,-110.0,42.0
95c01d1bb797d6df14824b106c5a9130,2026-09-07T18:08:19Z,2026-09-13T17:00:00Z,Pittsburgh Steelers,Atlanta Falcons,PIT,ATL,betus,totals,Under,-110.0,42.0
95c01d1bb797d6df14824b106c5a9130,2026-09-07T18:08:19Z,2026-09-13T17:00:00Z,Pittsburgh Steelers,Atlanta Falcons,PIT,ATL,betmgm,h2h,Atlanta Falcons,155.0,
95c01d1bb797d6df14824b106c5a9130,2026-09-07T18:08:19Z,2026-09-13T17:00:00Z,Pittsburgh Steelers,Atlanta Falcons,PIT,ATL,betmgm,h2h,Pittsburgh Steelers,-190.0,
95c01d1bb797d6df14824b106c5a9130,2026-09-07T18:08:19Z,2026-09-13T17:00:00Z,Pittsburgh Steelers,Atlanta Falcons,PIT,ATL,betmgm,spreads,Atlanta Falcons,-112.0,3.5
95c01d1bb797d6df14824b106c5a9130,2026-09-07T18:08:19Z,2026-09-13T17:00:00Z,Pittsburgh Steelers,Atlanta Falcons,PIT,ATL,betmgm,spreads,Pittsburgh Steelers,-105.0,-3.5
95c01d1bb797d6df14824b106c5a9130,2026-09-07T18:08:19Z,2026-09-13T17:00:00Z,Pittsburgh Steelers,Atlanta Falcons,PIT,ATL,betmgm,totals,Over,-108.0,42.0
95c01d1bb797d6df14824b106c5a9130,2026-09-07T18:08:19Z,2026-09-13T17:00:00Z,Pittsburgh Steelers,Atlanta Falcons,PIT,ATL,betmgm,totals,Under,-110.0,42.0
95c01d1bb797d6df14824b106c5a9130,2026-09-07T18:08:19Z,2026-09-13T17:00:00Z,Pittsburgh Steelers,Atlanta Falcons,PIT,ATL,bovada,h2h,Atlanta Falcons,160.0,
95c01d1bb797d6df14824b106c5a9130,2026-09-07T18:08:19Z,2026-09-13T17:00:00Z,Pittsburgh Steelers,Atlanta Falcons,PIT,ATL,bovada,h2h,Pittsburgh Steelers,-185.0,
95c01d1bb797d6df14824b106c5a9130,2026-09-07T18:08:19Z,2026-09-13T17:00:00Z,Pittsburgh Steelers,Atlanta Falcons,PIT,ATL,bovada,spreads,Atlanta Falcons,-120.0,3.5
95c01d1bb797d6df14824b106c5a9130,2026-09-07T18:08:19Z,2026-09-13T17:00:00Z,Pittsburgh Steelers,Atlanta Falcons,PIT,ATL,bovada,spreads,Pittsburgh Steelers,100.0,-3.5
95c01d1bb797d6df14824b106c5a9130,2026-09-07T18:08:19Z,2026-09-13T17:00:00Z,Pittsburgh Steelers,Atlanta Falcons,PIT,ATL,bovada,totals,Over,-105.0,42.5
95c01d1bb797d6df14824b106c5a9130,2026-09-07T18:08:19Z,2026-09-13T17:00:00Z,Pittsburgh Steelers,Atlanta Falcons,PIT,ATL,bovada,totals,Under,-115.0,42.5
95c01d1bb797d6df14824b106c5a9130,2026-09-07T18:08:19Z,2026-09-13T17:00:00Z,Pittsburgh Steelers,Atlanta Falcons,PIT,ATL,mybookieag,h2h,Atlanta Falcons,146.0,
95c01d1bb797d6df14824b106c5a9130,2026-09-07T18:08:19Z,2026-09-13T17:00:00Z,Pittsburgh Steelers,Atlanta Falcons,PIT,ATL,mybookieag,h2h,Pittsburgh Steelers,-188.0,
95c01d1bb797d6df14824b106c5a9130,2026-09-07T18:08:19Z,2026-09-13T17:00:00Z,Pittsburgh Steelers,Atlanta Falcons,PIT,ATL,mybookieag,spreads,Atlanta Falcons,100.0,3.0
95c01d1bb797d6df14824b106c5a9130,2026-09-07T18:08:19Z,2026-09-13T17:00:00Z,Pittsburgh Steelers,Atlanta Falcons,PIT,ATL,mybookieag,spreads,Pittsburgh Steelers,-120.0,-3.0
95c01d1bb797d6df14824b106c5a9130,2026-09-07T18:08:19Z,2026-09-13T17:00:00Z,Pittsburgh Steelers,Atlanta Falcons,PIT,ATL,mybookieag,totals,Over,-110.0,42.0
95c01d1bb797d6df14824b106c5a9130,2026-09-07T18:08:19Z,2026-09-13T17:00:00Z,Pittsburgh Steelers,Atlanta Falcons,PIT,ATL,mybookieag,totals,Under,-110.0,42.0
b6cfdcbafa61ce220ba87dc2d9b80c77,2026-09-07T18:08:19Z,2026-09-13T17:00:00Z,Indianapolis Colts,Baltimore Ravens,IND,BAL,draftkings,h2h,Baltimore Ravens,-175.0,
b6cfdcbafa61ce220ba87dc2d9b80c77,2026-09-07T18:08:19Z,2026-09-13T17:00:00Z,Indianapolis Colts,Baltimore Ravens,IND,BAL,draftkings,h2h,Indianapolis Colts,145.0,
b6cfdcbafa61ce220ba87dc2d9b80c77,2026-09-07T18:08:19Z,2026-09-13T17:00:00Z,Indianapolis Colts,Baltimore Ravens,IND,BAL,draftkings,spreads,Baltimore Ravens,-105.0,-3.5
b6cfdcbafa61ce220ba87dc2d9b80c77,2026-09-07T18:08:19Z,2026-09-13T17:00:00Z,Indianapolis Colts,Baltimore Ravens,IND,BAL,draftkings,spreads,Indianapolis Colts,-115.0,3.5
b6cfdcbafa61ce220ba87dc2d9b80c77,2026-09-07T18:08:19Z,2026-09-13T17:00:00Z,Indianapolis Colts,Baltimore Ravens,IND,BAL,draftkings,totals,Over,-115.0,47.5
b6cfdcbafa61ce220ba87dc2d9b80c77,2026-09-07T18:08:19Z,2026-09-13T17:00:00Z,Indianapolis Colts,Baltimore Ravens,IND,BAL,draftkings,totals,Under,-105.0,47.5
b6cfdcbafa61ce220ba87dc2d9b80c77,2026-09-07T18:08:19Z,2026-09-13T17:00:00Z,Indianapolis Colts,Baltimore Ravens,IND,BAL,betus,h2h,Baltimore Ravens,-170.0,
b6cfdcbafa61ce220ba87dc2d9b80c77,2026-09-07T18:08:19Z,2026-09-13T17:00:00Z,Indianapolis Colts,Baltimore Ravens,IND,BAL,betus,h2h,Indianapolis Colts,146.0,
b6cfdcbafa61ce220ba87dc2d9b80c77,2026-09-07T18:08:19Z,2026-09-13T17:00:00Z,Indianapolis Colts,Baltimore Ravens,IND,BAL,betus,spreads,Baltimore Ravens,100.0,-3.5
b6cfdcbafa61ce220ba87dc2d9b80c77,2026-09-07T18:08:19Z,2026-09-13T17:00:00Z,Indianapolis Colts,Baltimore Ravens,IND,BAL,betus,spreads,Indianapolis Colts,-120.0,3.5
b6cfdcbafa61ce220ba87dc2d9b80c77,2026-09-07T18:08:19Z,2026-09-13T17:00:00Z,Indianapolis Colts,Baltimore Ravens,IND,BAL,betus,totals,Over,-110.0,48.0
b6cfdcbafa61ce220ba87dc2d9b80c77,2026-09-07T18:08:19Z,2026-09-13T17:00:00Z,Indianapolis Colts,Baltimore Ravens,IND,BAL,betus,totals,Under,-110.0,48.0
b6cfdcbafa61ce220ba87dc2d9b80c77,2026-09-07T18:08:19Z,2026-09-13T17:00:00Z,Indianapolis Colts,Baltimore Ravens,IND,BAL,lowvig,h2h,Baltimore Ravens,-171.0,
b6cfdcbafa61ce220ba87dc2d9b80c77,2026-09-07T18:08:19Z,2026-09-13T17:00:00Z,Indianapolis Colts,Baltimore Ravens,IND,BAL,lowvig,h2h,Indianapolis Colts,150.0,
b6cfdcbafa61ce220ba87dc2d9b80c77,2026-09-07T18:08:19Z,2026-09-13T17:00:00Z,Indianapolis Colts,Baltimore Ravens,IND,BAL,lowvig,spreads,Baltimore Ravens,100.0,-3.5
b6cfdcbafa61ce220ba87dc2d9b80c77,2026-09-07T18:08:19Z,2026-09-13T17:00:00Z,Indianapolis Colts,Baltimore Ravens,IND,BAL,lowvig,spreads,Indianapolis Colts,-110.0,3.5
b6cfdcbafa61ce220ba87dc2d9b80c77,2026-09-07T18:08:19Z,2026-09-13T17:00:00Z,Indianapolis Colts,Baltimore Ravens,IND,BAL,lowvig,totals,Over,-102.0,48.0
b6cfdcbafa61ce220ba87dc2d9b80c77,2026-09-07T18:08:19Z,2026-09-13T17:00:00Z,Indianapolis Colts,Baltimore Ravens,IND,BAL,lowvig,totals,Under,-113.0,48.0
b6cfdcbafa61ce220ba87dc2d9b80c77,2026-09-07T18:08:19Z,2026-09-13T17:00:00Z,Indianapolis Colts,Baltimore Ravens,IND,BAL,betrivers,h2h,Baltimore Ravens,-177.0,
b6cfdcbafa61ce220ba87dc2d9b80c77,2026-09-07T18:08:19Z,2026-09-13T17:00:00Z,Indianapolis Colts,Baltimore Ravens,IND,BAL,betrivers,h2h,Indianapolis Colts,140.0,
b6cfdcbafa61ce220ba87dc2d9b80c77,2026-09-07T18:08:19Z,2026-09-13T17:00:00Z,Indianapolis Colts,Baltimore Ravens,IND,BAL,betrivers,spreads,Baltimore Ravens,-104.0,-3.5
b6cfdcbafa61ce220ba87dc2d9b80c77,2026-09-07T18:08:19Z,2026-09-13T17:00:00Z,Indianapolis Colts,Baltimore Ravens,IND,BAL,betrivers,spreads,Indianapolis Colts,-118.0,3.5
b6cfdcbafa61ce220ba87dc2d9b80c77,2026-09-07T18:08:19Z,2026-09-13T17:00:00Z,Indianapolis Colts,Baltimore Ravens,IND,BAL,betrivers,totals,Over,-109.0,48.0
b6cfdcbafa61ce220ba87dc2d9b80c77,2026-09-07T18:08:19Z,2026-09-13T17:00:00Z,Indianapolis Colts,Baltimore Ravens,IND,BAL,betrivers,totals,Under,-112.0,48.0
b6cfdcbafa61ce220ba87dc2d9b80c77,2026-09-07T18:08:19Z,2026-09-13T17:00:00Z,Indianapolis Colts,Baltimore Ravens,IND,BAL,betonlineag,h2h,Baltimore Ravens,-171.0,
b6cfdcbafa61ce220ba87dc2d9b80c77,2026-09-07T18:08:19Z,2026-09-13T17:00:00Z,Indianapolis Colts,Baltimore Ravens,IND,BAL,betonlineag,h2h,Indianapolis Colts,150.0,
b6cfdcbafa61ce220ba87dc2d9b80c77,2026-09-07T18:08:19Z,2026-09-13T17:00:00Z,Indianapolis Colts,Baltimore Ravens,IND,BAL,betonlineag,spreads,Baltimore Ravens,100.0,-3.5
b6cfdcbafa61ce220ba87dc2d9b80c77,2026-09-07T18:08:19Z,2026-09-13T17:00:00Z,Indianapolis Colts,Baltimore Ravens,IND,BAL,betonlineag,spreads,Indianapolis Colts,-120.0,3.5
b6cfdcbafa61ce220ba87dc2d9b80c77,2026-09-07T18:08:19Z,2026-09-13T17:00:00Z,Indianapolis Colts,Baltimore Ravens,IND,BAL,betonlineag,totals,Over,-105.0,48.0
b6cfdcbafa61ce220ba87dc2d9b80c77,2026-09-07T18:08:19Z,2026-09-13T17:00:00Z,Indianapolis Colts,Baltimore Ravens,IND,BAL,betonlineag,totals,Under,-115.0,48.0
b6cfdcbafa61ce220ba87dc2d9b80c77,2026-09-07T18:08:19Z,2026-09-13T17:00:00Z,Indianapolis Colts,Baltimore Ravens,IND,BAL,fanduel,h2h,Baltimore Ravens,-178.0,
b6cfdcbafa61ce220ba87dc2d9b80c77,2026-09-07T18:08:19Z,2026-09-13T17:00:00Z,Indianapolis Colts,Baltimore Ravens,IND,BAL,fanduel,h2h,Indianapolis Colts,150.0,
b6cfdcbafa61ce220ba87dc2d9b80c77,2026-09-07T18:08:19Z,2026-09-13T17:00:00Z,Indianapolis Colts,Baltimore Ravens,IND,BAL,fanduel,spreads,Baltimore Ravens,-104.0,-3.5
b6cfdcbafa61ce220ba87dc2d9b80c77,2026-09-07T18:08:19Z,2026-09-13T17:00:00Z,Indianapolis Colts,Baltimore Ravens,IND,BAL,fanduel,spreads,Indianapolis Colts,-118.0,3.5
b6cfdcbafa61ce220ba87dc2d9b80c77,2026-09-07T18:08:19Z,2026-09-13T17:00:00Z,Indianapolis Colts,Baltimore Ravens,IND,BAL,fanduel,totals,Over,-112.0,47.5
b6cfdcbafa61ce220ba87dc2d9b80c77,2026-09-07T18:08:19Z,2026-09-13T17:00:00Z,Indianapolis Colts,Baltimore Ravens,IND,BAL,fanduel,totals,Under,-108.0,47.5
b6cfdcbafa61ce220ba87dc2d9b80c77,2026-09-07T18:08:19Z,2026-09-13T17:00:00Z,Indianapolis Colts,Baltimore Ravens,IND,BAL,betmgm,h2h,Baltimore Ravens,-175.0,
b6cfdcbafa61ce220ba87dc2d9b80c77,2026-09-07T18:08:19Z,2026-09-13T17:00:00Z,Indianapolis Colts,Baltimore Ravens,IND,BAL,betmgm,h2h,Indianapolis Colts,145.0,
b6cfdcbafa61ce220ba87dc2d9b80c77,2026-09-07T18:08:19Z,2026-09-13T17:00:00Z,Indianapolis Colts,Baltimore Ravens,IND,BAL,betmgm,spreads,Baltimore Ravens,-102.0,-3.5
b6cfdcbafa61ce220ba87dc2d9b80c77,2026-09-07T18:08:19Z,2026-09-13T17:00:00Z,Indianapolis Colts,Baltimore Ravens,IND,BAL,betmgm,spreads,Indianapolis Colts,-115.0,3.5
b6cfdcbafa61ce220ba87dc2d9b80c77,2026-09-07T18:08:19Z,2026-09-13T17:00:00Z,Indianapolis Colts,Baltimore Ravens,IND,BAL,betmgm,totals,Over,-110.0,47.5
b6cfdcbafa61ce220ba87dc2d9b80c77,2026-09-07T18:08:19Z,2026-09-13T17:00:00Z,Indianapolis Colts,Baltimore Ravens,IND,BAL,betmgm,totals,Under,-108.0,47.5
b6cfdcbafa61ce220ba87dc2d9b80c77,2026-09-07T18:08:19Z,2026-09-13T17:00:00Z,Indianapolis Colts,Baltimore Ravens,IND,BAL,bovada,h2h,Baltimore Ravens,-180.0,
b6cfdcbafa61ce220ba87dc2d9b80c77,2026-09-07T18:08:19Z,2026-09-13T17:00:00Z,Indianapolis Colts,Baltimore Ravens,IND,BAL,bovada,h2h,Indianapolis Colts,155.0,
b6cfdcbafa61ce220ba87dc2d9b80c77,2026-09-07T18:08:19Z,2026-09-13T17:00:00Z,Indianapolis Colts,Baltimore Ravens,IND,BAL,bovada,spreads,Baltimore Ravens,100.0,-3.5
b6cfdcbafa61ce220ba87dc2d9b80c77,2026-09-07T18:08:19Z,2026-09-13T17:00:00Z,Indianapolis Colts,Baltimore Ravens,IND,BAL,bovada,spreads,Indianapolis Colts,-120.0,3.5
b6cfdcbafa61ce220ba87dc2d9b80c77,2026-09-07T18:08:19Z,2026-09-13T17:00:00Z,Indianapolis Colts,Baltimore Ravens,IND,BAL,bovada,totals,Over,100.0,48.0
b6cfdcbafa61ce220ba87dc2d9b80c77,2026-09-07T18:08:19Z,2026-09-13T17:00:00Z,Indianapolis Colts,Baltimore Ravens,IND,BAL,bovada,totals,Under,-120.0,48.0
b6cfdcbafa61ce220ba87dc2d9b80c77,2026-09-07T18:08:19Z,2026-09-13T17:00:00Z,Indianapolis Colts,Baltimore Ravens,IND,BAL,mybookieag,h2h,Baltimore Ravens,-183.0,
b6cfdcbafa61ce220ba87dc2d9b80c77,2026-09-07T18:08:19Z,2026-09-13T17:00:00Z,Indianapolis Colts,Baltimore Ravens,IND,BAL,mybookieag,h2h,Indianapolis Colts,142.0,
b6cfdcbafa61ce220ba87dc2d9b80c77,2026-09-07T18:08:19Z,2026-09-13T17:00:00Z,Indianapolis Colts,Baltimore Ravens,IND,BAL,mybookieag,spreads,Baltimore Ravens,100.0,-3.5
b6cfdcbafa61ce220ba87dc2d9b80c77,2026-09-07T18:08:19Z,2026-09-13T17:00:00Z,Indianapolis Colts,Baltimore Ravens,IND,BAL,mybookieag,spreads,Indianapolis Colts,-120.0,3.5
b6cfdcbafa61ce220ba87dc2d9b80c77,2026-09-07T18:08:19Z,2026-09-13T17:00:00Z,Indianapolis Colts,Baltimore Ravens,IND,BAL,mybookieag,totals,Over,-110.0,48.0
b6cfdcbafa61ce220ba87dc2d9b80c77,2026-09-07T18:08:19Z,2026-09-13T17:00:00Z,Indianapolis Colts,Baltimore Ravens,IND,BAL,mybookieag,totals,Under,-110.0,48.0
7e09efed7e12c659b82740b67ce2f9a1,2026-09-07T18:08:19Z,2026-09-13T17:00:00Z,Houston Texans,Buffalo Bills,HOU,BUF,draftkings,h2h,Buffalo Bills,-110.0,
7e09efed7e12c659b82740b67ce2f9a1,2026-09-07T18:08:19Z,2026-09-13T17:00:00Z,Houston Texans,Buffalo Bills,HOU,BUF,draftkings,h2h,Houston Texans,-110.0,
7e09efed7e12c659b82740b67ce2f9a1,2026-09-07T18:08:19Z,2026-09-13T17:00:00Z,Houston Texans,Buffalo Bills,HOU,BUF,draftkings,spreads,Buffalo Bills,-122.0,1.5
7e09efed7e12c659b82740b67ce2f9a1,2026-09-07T18:08:19Z,2026-09-13T17:00:00Z,Houston Texans,Buffalo Bills,HOU,BUF,draftkings,spreads,Houston Texans,102.0,-1.5
7e09efed7e12c659b82740b67ce2f9a1,2026-09-07T18:08:19Z,2026-09-13T17:00:00Z,Houston Texans,Buffalo Bills,HOU,BUF,draftkings,totals,Over,-110.0,44.5
7e09efed7e12c659b82740b67ce2f9a1,2026-09-07T18:08:19Z,2026-09-13T17:00:00Z,Houston Texans,Buffalo Bills,HOU,BUF,draftkings,totals,Under,-110.0,44.5
7e09efed7e12c659b82740b67ce2f9a1,2026-09-07T18:08:19Z,2026-09-13T17:00:00Z,Houston Texans,Buffalo Bills,HOU,BUF,betus,spreads,Buffalo Bills,-110.0,0.0
7e09efed7e12c659b82740b67ce2f9a1,2026-09-07T18:08:19Z,2026-09-13T17:00:00Z,Houston Texans,Buffalo Bills,HOU,BUF,betus,spreads,Houston Texans,-110.0,0.0
7e09efed7e12c659b82740b67ce2f9a1,2026-09-07T18:08:19Z,2026-09-13T17:00:00Z,Houston Texans,Buffalo Bills,HOU,BUF,betus,totals,Over,-110.0,44.5
7e09efed7e12c659b82740b67ce2f9a1,2026-09-07T18:08:19Z,2026-09-13T17:00:00Z,Houston Texans,Buffalo Bills,HOU,BUF,betus,totals,Under,-110.0,44.5
7e09efed7e12c659b82740b67ce2f9a1,2026-09-07T18:08:19Z,2026-09-13T17:00:00Z,Houston Texans,Buffalo Bills,HOU,BUF,lowvig,spreads,Buffalo Bills,-109.0,0.0
7e09efed7e12c659b82740b67ce2f9a1,2026-09-07T18:08:19Z,2026-09-13T17:00:00Z,Houston Texans,Buffalo Bills,HOU,BUF,lowvig,spreads,Houston Texans,-101.0,0.0
7e09efed7e12c659b82740b67ce2f9a1,2026-09-07T18:08:19Z,2026-09-13T17:00:00Z,Houston Texans,Buffalo Bills,HOU,BUF,lowvig,totals,Over,-109.0,44.5
7e09efed7e12c659b82740b67ce2f9a1,2026-09-07T18:08:19Z,2026-09-13T17:00:00Z,Houston Texans,Buffalo Bills,HOU,BUF,lowvig,totals,Under,-105.0,44.5
7e09efed7e12c659b82740b67ce2f9a1,2026-09-07T18:08:19Z,2026-09-13T17:00:00Z,Houston Texans,Buffalo Bills,HOU,BUF,betrivers,h2h,Buffalo Bills,-117.0,
7e09efed7e12c659b82740b67ce2f9a1,2026-09-07T18:08:19Z,2026-09-13T17:00:00Z,Houston Texans,Buffalo Bills,HOU,BUF,betrivers,h2h,Houston Texans,-106.0,
7e09efed7e12c659b82740b67ce2f9a1,2026-09-07T18:08:19Z,2026-09-13T17:00:00Z,Houston Texans,Buffalo Bills,HOU,BUF,betrivers,spreads,Buffalo Bills,-109.0,-1.0
7e09efed7e12c659b82740b67ce2f9a1,2026-09-07T18:08:19Z,2026-09-13T17:00:00Z,Houston Texans,Buffalo Bills,HOU,BUF,betrivers,spreads,Houston Texans,-112.0,1.0
7e09efed7e12c659b82740b67ce2f9a1,2026-09-07T18:08:19Z,2026-09-13T17:00:00Z,Houston Texans,Buffalo Bills,HOU,BUF,betrivers,totals,Over,-108.0,44.5
7e09efed7e12c659b82740b67ce2f9a1,2026-09-07T18:08:19Z,2026-09-13T17:00:00Z,Houston Texans,Buffalo Bills,HOU,BUF,betrivers,totals,Under,-113.0,44.5
7e09efed7e12c659b82740b67ce2f9a1,2026-09-07T18:08:19Z,2026-09-13T17:00:00Z,Houston Texans,Buffalo Bills,HOU,BUF,betonlineag,spreads,Buffalo Bills,-114.0,0.0
7e09efed7e12c659b82740b67ce2f9a1,2026-09-07T18:08:19Z,2026-09-13T17:00:00Z,Houston Texans,Buffalo Bills,HOU,BUF,betonlineag,spreads,Houston Texans,-106.0,0.0
7e09efed7e12c659b82740b67ce2f9a1,2026-09-07T18:08:19Z,2026-09-13T17:00:00Z,Houston Texans,Buffalo Bills,HOU,BUF,betonlineag,totals,Over,-112.0,44.5
7e09efed7e12c659b82740b67ce2f9a1,2026-09-07T18:08:19Z,2026-09-13T17:00:00Z,Houston Texans,Buffalo Bills,HOU,BUF,betonlineag,totals,Under,-108.0,44.5
7e09efed7e12c659b82740b67ce2f9a1,2026-09-07T18:08:19Z,2026-09-13T17:00:00Z,Houston Texans,Buffalo Bills,HOU,BUF,fanduel,h2h,Buffalo Bills,-110.0,
7e09efed7e12c659b82740b67ce2f9a1,2026-09-07T18:08:19Z,2026-09-13T17:00:00Z,Houston Texans,Buffalo Bills,HOU,BUF,fanduel,h2h,Houston Texans,-106.0,
7e09efed7e12c659b82740b67ce2f9a1,2026-09-07T18:08:19Z,2026-09-13T17:00:00Z,Houston Texans,Buffalo Bills,HOU,BUF,fanduel,spreads,Buffalo Bills,-102.0,-1.5
7e09efed7e12c659b82740b67ce2f9a1,2026-09-07T18:08:19Z,2026-09-13T17:00:00Z,Houston Texans,Buffalo Bills,HOU,BUF,fanduel,spreads,Houston Texans,-120.0,1.5
7e09efed7e12c659b82740b67ce2f9a1,2026-09-07T18:08:19Z,2026-09-13T17:00:00Z,Houston Texans,Buffalo Bills,HOU,BUF,fanduel,totals,Over,-110.0,44.5
7e09efed7e12c659b82740b67ce2f9a1,2026-09-07T18:08:19Z,2026-09-13T17:00:00Z,Houston Texans,Buffalo Bills,HOU,BUF,fanduel,totals,Under,-110.0,44.5
7e09efed7e12c659b82740b67ce2f9a1,2026-09-07T18:08:19Z,2026-09-13T17:00:00Z,Houston Texans,Buffalo Bills,HOU,BUF,betmgm,h2h,Buffalo Bills,-108.0,
7e09efed7e12c659b82740b67ce2f9a1,2026-09-07T18:08:19Z,2026-09-13T17:00:00Z,Houston Texans,Buffalo Bills,HOU,BUF,betmgm,h2h,Houston Texans,-110.0,
7e09efed7e12c659b82740b67ce2f9a1,2026-09-07T18:08:19Z,2026-09-13T17:00:00Z,Houston Texans,Buffalo Bills,HOU,BUF,betmgm,spreads,Buffalo Bills,-118.0,1.0
7e09efed7e12c659b82740b67ce2f9a1,2026-09-07T18:08:19Z,2026-09-13T17:00:00Z,Houston Texans,Buffalo Bills,HOU,BUF,betmgm,spreads,Houston Texans,-102.0,-1.0
7e09efed7e12c659b82740b67ce2f9a1,2026-09-07T18:08:19Z,2026-09-13T17:00:00Z,Houston Texans,Buffalo Bills,HOU,BUF,betmgm,totals,Over,-108.0,44.5
7e09efed7e12c659b82740b67ce2f9a1,2026-09-07T18:08:19Z,2026-09-13T17:00:00Z,Houston Texans,Buffalo Bills,HOU,BUF,betmgm,totals,Under,-110.0,44.5
7e09efed7e12c659b82740b67ce2f9a1,2026-09-07T18:08:19Z,2026-09-13T17:00:00Z,Houston Texans,Buffalo Bills,HOU,BUF,bovada,h2h,Buffalo Bills,-110.0,
7e09efed7e12c659b82740b67ce2f9a1,2026-09-07T18:08:19Z,2026-09-13T17:00:00Z,Houston Texans,Buffalo Bills,HOU,BUF,bovada,h2h,Houston Texans,-110.0,
7e09efed7e12c659b82740b67ce2f9a1,2026-09-07T18:08:19Z,2026-09-13T17:00:00Z,Houston Texans,Buffalo Bills,HOU,BUF,bovada,spreads,Buffalo Bills,-115.0,1.0
7e09efed7e12c659b82740b67ce2f9a1,2026-09-07T18:08:19Z,2026-09-13T17:00:00Z,Houston Texans,Buffalo Bills,HOU,BUF,bovada,spreads,Houston Texans,-105.0,-1.0
7e09efed7e12c659b82740b67ce2f9a1,2026-09-07T18:08:19Z,2026-09-13T17:00:00Z,Houston Texans,Buffalo Bills,HOU,BUF,bovada,totals,Over,-110.0,44.5
7e09efed7e12c659b82740b67ce2f9a1,2026-09-07T18:08:19Z,2026-09-13T17:00:00Z,Houston Texans,Buffalo Bills,HOU,BUF,bovada,totals,Under,-110.0,44.5
7e09efed7e12c659b82740b67ce2f9a1,2026-09-07T18:08:19Z,2026-09-13T17:00:00Z,Houston Texans,Buffalo Bills,HOU,BUF,mybookieag,h2h,Buffalo Bills,-111.0,
7e09efed7e12c659b82740b67ce2f9a1,2026-09-07T18:08:19Z,2026-09-13T17:00:00Z,Houston Texans,Buffalo Bills,HOU,BUF,mybookieag,h2h,Houston Texans,-115.0,
7e09efed7e12c659b82740b67ce2f9a1,2026-09-07T18:08:19Z,2026-09-13T17:00:00Z,Houston Texans,Buffalo Bills,HOU,BUF,mybookieag,spreads,Buffalo Bills,-110.0,1.0
7e09efed7e12c659b82740b67ce2f9a1,2026-09-07T18:08:19Z,2026-09-13T17:00:00Z,Houston Texans,Buffalo Bills,HOU,BUF,mybookieag,spreads,Houston Texans,-110.0,-1.0
7e09efed7e12c659b82740b67ce2f9a1,2026-09-07T18:08:19Z,2026-09-13T17:00:00Z,Houston Texans,Buffalo Bills,HOU,BUF,mybookieag,totals,Over,-110.0,44.5
7e09efed7e12c659b82740b67ce2f9a1,2026-09-07T18:08:19Z,2026-09-13T17:00:00Z,Houston Texans,Buffalo Bills,HOU,BUF,mybookieag,totals,Under,-110.0,44.5
fc362aff0d889ec52d358307a70c32ed,2026-09-07T18:08:19Z,2026-09-13T17:00:00Z,Carolina Panthers,Chicago Bears,CAR,CHI,draftkings,h2h,Carolina Panthers,124.0,
fc362aff0d889ec52d358307a70c32ed,2026-09-07T18:08:19Z,2026-09-13T17:00:00Z,Carolina Panthers,Chicago Bears,CAR,CHI,draftkings,h2h,Chicago Bears,-148.0,
fc362aff0d889ec52d358307a70c32ed,2026-09-07T18:08:19Z,2026-09-13T17:00:00Z,Carolina Panthers,Chicago Bears,CAR,CHI,draftkings,spreads,Carolina Panthers,-118.0,3.0
fc362aff0d889ec52d358307a70c32ed,2026-09-07T18:08:19Z,2026-09-13T17:00:00Z,Carolina Panthers,Chicago Bears,CAR,CHI,draftkings,spreads,Chicago Bears,-102.0,-3.0
fc362aff0d889ec52d358307a70c32ed,2026-09-07T18:08:19Z,2026-09-13T17:00:00Z,Carolina Panthers,Chicago Bears,CAR,CHI,draftkings,totals,Over,-118.0,46.5
fc362aff0d889ec52d358307a70c32ed,2026-09-07T18:08:19Z,2026-09-13T17:00:00Z,Carolina Panthers,Chicago Bears,CAR,CHI,draftkings,totals,Under,-102.0,46.5
fc362aff0d889ec52d358307a70c32ed,2026-09-07T18:08:19Z,2026-09-13T17:00:00Z,Carolina Panthers,Chicago Bears,CAR,CHI,fanduel,h2h,Carolina Panthers,134.0,
fc362aff0d889ec52d358307a70c32ed,2026-09-07T18:08:19Z,2026-09-13T17:00:00Z,Carolina Panthers,Chicago Bears,CAR,CHI,fanduel,h2h,Chicago Bears,-158.0,
fc362aff0d889ec52d358307a70c32ed,2026-09-07T18:08:19Z,2026-09-13T17:00:00Z,Carolina Panthers,Chicago Bears,CAR,CHI,fanduel,spreads,Carolina Panthers,100.0,2.5
fc362aff0d889ec52d358307a70c32ed,2026-09-07T18:08:19Z,2026-09-13T17:00:00Z,Carolina Panthers,Chicago Bears,CAR,CHI,fanduel,spreads,Chicago Bears,-122.0,-2.5
fc362aff0d889ec52d358307a70c32ed,2026-09-07T18:08:19Z,2026-09-13T17:00:00Z,Carolina Panthers,Chicago Bears,CAR,CHI,fanduel,totals,Over,-102.0,47.5
fc362aff0d889ec52d358307a70c32ed,2026-09-07T18:08:19Z,2026-09-13T17:00:00Z,Carolina Panthers,Chicago Bears,CAR,CHI,fanduel,totals,Under,-120.0,47.5
fc362aff0d889ec52d358307a70c32ed,2026-09-07T18:08:19Z,2026-09-13T17:00:00Z,Carolina Panthers,Chicago Bears,CAR,CHI,lowvig,h2h,Carolina Panthers,132.0,
fc362aff0d889ec52d358307a70c32ed,2026-09-07T18:08:19Z,2026-09-13T17:00:00Z,Carolina Panthers,Chicago Bears,CAR,CHI,lowvig,h2h,Chicago Bears,-152.0,
fc362aff0d889ec52d358307a70c32ed,2026-09-07T18:08:19Z,2026-09-13T17:00:00Z,Carolina Panthers,Chicago Bears,CAR,CHI,lowvig,spreads,Carolina Panthers,105.0,2.5
fc362aff0d889ec52d358307a70c32ed,2026-09-07T18:08:19Z,2026-09-13T17:00:00Z,Carolina Panthers,Chicago Bears,CAR,CHI,lowvig,spreads,Chicago Bears,-116.0,-2.5
fc362aff0d889ec52d358307a70c32ed,2026-09-07T18:08:19Z,2026-09-13T17:00:00Z,Carolina Panthers,Chicago Bears,CAR,CHI,lowvig,totals,Over,-107.0,47.0
fc362aff0d889ec52d358307a70c32ed,2026-09-07T18:08:19Z,2026-09-13T17:00:00Z,Carolina Panthers,Chicago Bears,CAR,CHI,lowvig,totals,Under,-107.0,47.0
fc362aff0d889ec52d358307a70c32ed,2026-09-07T18:08:19Z,2026-09-13T17:00:00Z,Carolina Panthers,Chicago Bears,CAR,CHI,betus,h2h,Carolina Panthers,134.0,
fc362aff0d889ec52d358307a70c32ed,2026-09-07T18:08:19Z,2026-09-13T17:00:00Z,Carolina Panthers,Chicago Bears,CAR,CHI,betus,h2h,Chicago Bears,-155.0,
fc362aff0d889ec52d358307a70c32ed,2026-09-07T18:08:19Z,2026-09-13T17:00:00Z,Carolina Panthers,Chicago Bears,CAR,CHI,betus,spreads,Carolina Panthers,-120.0,3.0
fc362aff0d889ec52d358307a70c32ed,2026-09-07T18:08:19Z,2026-09-13T17:00:00Z,Carolina Panthers,Chicago Bears,CAR,CHI,betus,spreads,Chicago Bears,100.0,-3.0
fc362aff0d889ec52d358307a70c32ed,2026-09-07T18:08:19Z,2026-09-13T17:00:00Z,Carolina Panthers,Chicago Bears,CAR,CHI,betus,totals,Over,-110.0,47.0
fc362aff0d889ec52d358307a70c32ed,2026-09-07T18:08:19Z,2026-09-13T17:00:00Z,Carolina Panthers,Chicago Bears,CAR,CHI,betus,totals,Under,-110.0,47.0
fc362aff0d889ec52d358307a70c32ed,2026-09-07T18:08:19Z,2026-09-13T17:00:00Z,Carolina Panthers,Chicago Bears,CAR,CHI,betonlineag,h2h,Carolina Panthers,132.0,
fc362aff0d889ec52d358307a70c32ed,2026-09-07T18:08:19Z,2026-09-13T17:00:00Z,Carolina Panthers,Chicago Bears,CAR,CHI,betonlineag,h2h,Chicago Bears,-152.0,
fc362aff0d889ec52d358307a70c32ed,2026-09-07T18:08:19Z,2026-09-13T17:00:00Z,Carolina Panthers,Chicago Bears,CAR,CHI,betonlineag,spreads,Carolina Panthers,100.0,2.5
fc362aff0d889ec52d358307a70c32ed,2026-09-07T18:08:19Z,2026-09-13T17:00:00Z,Carolina Panthers,Chicago Bears,CAR,CHI,betonlineag,spreads,Chicago Bears,-120.0,-2.5
fc362aff0d889ec52d358307a70c32ed,2026-09-07T18:08:19Z,2026-09-13T17:00:00Z,Carolina Panthers,Chicago Bears,CAR,CHI,betonlineag,totals,Over,-110.0,47.0
fc362aff0d889ec52d358307a70c32ed,2026-09-07T18:08:19Z,2026-09-13T17:00:00Z,Carolina Panthers,Chicago Bears,CAR,CHI,betonlineag,totals,Under,-110.0,47.0
fc362aff0d889ec52d358307a70c32ed,2026-09-07T18:08:19Z,2026-09-13T17:00:00Z,Carolina Panthers,Chicago Bears,CAR,CHI,betrivers,h2h,Carolina Panthers,128.0,
fc362aff0d889ec52d358307a70c32ed,2026-09-07T18:08:19Z,2026-09-13T17:00:00Z,Carolina Panthers,Chicago Bears,CAR,CHI,betrivers,h2h,Chicago Bears,-157.0,
fc362aff0d889ec52d358307a70c32ed,2026-09-07T18:08:19Z,2026-09-13T17:00:00Z,Carolina Panthers,Chicago Bears,CAR,CHI,betrivers,spreads,Carolina Panthers,-117.0,3.0
fc362aff0d889ec52d358307a70c32ed,2026-09-07T18:08:19Z,2026-09-13T17:00:00Z,Carolina Panthers,Chicago Bears,CAR,CHI,betrivers,spreads,Chicago Bears,-105.0,-3.0
fc362aff0d889ec52d358307a70c32ed,2026-09-07T18:08:19Z,2026-09-13T17:00:00Z,Carolina Panthers,Chicago Bears,CAR,CHI,betrivers,totals,Over,-109.0,47.5
fc362aff0d889ec52d358307a70c32ed,2026-09-07T18:08:19Z,2026-09-13T17:00:00Z,Carolina Panthers,Chicago Bears,CAR,CHI,betrivers,totals,Under,-112.0,47.5
fc362aff0d889ec52d358307a70c32ed,2026-09-07T18:08:19Z,2026-09-13T17:00:00Z,Carolina Panthers,Chicago Bears,CAR,CHI,betmgm,h2h,Carolina Panthers,130.0,
fc362aff0d889ec52d358307a70c32ed,2026-09-07T18:08:19Z,2026-09-13T17:00:00Z,Carolina Panthers,Chicago Bears,CAR,CHI,betmgm,h2h,Chicago Bears,-155.0,
fc362aff0d889ec52d358307a70c32ed,2026-09-07T18:08:19Z,2026-09-13T17:00:00Z,Carolina Panthers,Chicago Bears,CAR,CHI,betmgm,spreads,Carolina Panthers,-118.0,3.0
fc362aff0d889ec52d358307a70c32ed,2026-09-07T18:08:19Z,2026-09-13T17:00:00Z,Carolina Panthers,Chicago Bears,CAR,CHI,betmgm,spreads,Chicago Bears,-102.0,-3.0
fc362aff0d889ec52d358307a70c32ed,2026-09-07T18:08:19Z,2026-09-13T17:00:00Z,Carolina Panthers,Chicago Bears,CAR,CHI,betmgm,totals,Over,-110.0,47.0
fc362aff0d889ec52d358307a70c32ed,2026-09-07T18:08:19Z,2026-09-13T17:00:00Z,Carolina Panthers,Chicago Bears,CAR,CHI,betmgm,totals,Under,-108.0,47.0
fc362aff0d889ec52d358307a70c32ed,2026-09-07T18:08:19Z,2026-09-13T17:00:00Z,Carolina Panthers,Chicago Bears,CAR,CHI,bovada,h2h,Carolina Panthers,140.0,
fc362aff0d889ec52d358307a70c32ed,2026-09-07T18:08:19Z,2026-09-13T17:00:00Z,Carolina Panthers,Chicago Bears,CAR,CHI,bovada,h2h,Chicago Bears,-165.0,
fc362aff0d889ec52d358307a70c32ed,2026-09-07T18:08:19Z,2026-09-13T17:00:00Z,Carolina Panthers,Chicago Bears,CAR,CHI,bovada,spreads,Carolina Panthers,-115.0,3.0
fc362aff0d889ec52d358307a70c32ed,2026-09-07T18:08:19Z,2026-09-13T17:00:00Z,Carolina Panthers,Chicago Bears,CAR,CHI,bovada,spreads,Chicago Bears,-105.0,-3.0
fc362aff0d889ec52d358307a70c32ed,2026-09-07T18:08:19Z,2026-09-13T17:00:00Z,Carolina Panthers,Chicago Bears,CAR,CHI,bovada,totals,Over,-110.0,47.0
fc362aff0d889ec52d358307a70c32ed,2026-09-07T18:08:19Z,2026-09-13T17:00:00Z,Carolina Panthers,Chicago Bears,CAR,CHI,bovada,totals,Under,-110.0,47.0
fc362aff0d889ec52d358307a70c32ed,2026-09-07T18:08:19Z,2026-09-13T17:00:00Z,Carolina Panthers,Chicago Bears,CAR,CHI,mybookieag,h2h,Carolina Panthers,126.0,
fc362aff0d889ec52d358307a70c32ed,2026-09-07T18:08:19Z,2026-09-13T17:00:00Z,Carolina Panthers,Chicago Bears,CAR,CHI,mybookieag,h2h,Chicago Bears,-161.0,
fc362aff0d889ec52d358307a70c32ed,2026-09-07T18:08:19Z,2026-09-13T17:00:00Z,Carolina Panthers,Chicago Bears,CAR,CHI,mybookieag,spreads,Carolina Panthers,-120.0,3.0
fc362aff0d889ec52d358307a70c32ed,2026-09-07T18:08:19Z,2026-09-13T17:00:00Z,Carolina Panthers,Chicago Bears,CAR,CHI,mybookieag,spreads,Chicago Bears,100.0,-3.0
fc362aff0d889ec52d358307a70c32ed,2026-09-07T18:08:19Z,2026-09-13T17:00:00Z,Carolina Panthers,Chicago Bears,CAR,CHI,mybookieag,totals,Over,-110.0,47.0
fc362aff0d889ec52d358307a70c32ed,2026-09-07T18:08:19Z,2026-09-13T17:00:00Z,Carolina Panthers,Chicago Bears,CAR,CHI,mybookieag,totals,Under,-110.0,47.0
ed6d24ff979f9c71979fead577b0b3f7,2026-09-07T18:08:19Z,2026-09-13T17:00:00Z,Cincinnati Bengals,Tampa Bay Buccaneers,CIN,TB,draftkings,h2h,Cincinnati Bengals,-205.0,
ed6d24ff979f9c71979fead577b0b3f7,2026-09-07T18:08:19Z,2026-09-13T17:00:00Z,Cincinnati Bengals,Tampa Bay Buccaneers,CIN,TB,draftkings,h2h,Tampa Bay Buccaneers,170.0,
ed6d24ff979f9c71979fead577b0b3f7,2026-09-07T18:08:19Z,2026-09-13T17:00:00Z,Cincinnati Bengals,Tampa Bay Buccaneers,CIN,TB,draftkings,spreads,Cincinnati Bengals,-115.0,-3.5
ed6d24ff979f9c71979fead577b0b3f7,2026-09-07T18:08:19Z,2026-09-13T17:00:00Z,Cincinnati Bengals,Tampa Bay Buccaneers,CIN,TB,draftkings,spreads,Tampa Bay Buccaneers,-105.0,3.5
ed6d24ff979f9c71979fead577b0b3f7,2026-09-07T18:08:19Z,2026-09-13T17:00:00Z,Cincinnati Bengals,Tampa Bay Buccaneers,CIN,TB,draftkings,totals,Over,-108.0,50.5
ed6d24ff979f9c71979fead577b0b3f7,2026-09-07T18:08:19Z,2026-09-13T17:00:00Z,Cincinnati Bengals,Tampa Bay Buccaneers,CIN,TB,draftkings,totals,Under,-112.0,50.5
ed6d24ff979f9c71979fead577b0b3f7,2026-09-07T18:08:19Z,2026-09-13T17:00:00Z,Cincinnati Bengals,Tampa Bay Buccaneers,CIN,TB,fanduel,h2h,Cincinnati Bengals,-200.0,
ed6d24ff979f9c71979fead577b0b3f7,2026-09-07T18:08:19Z,2026-09-13T17:00:00Z,Cincinnati Bengals,Tampa Bay Buccaneers,CIN,TB,fanduel,h2h,Tampa Bay Buccaneers,168.0,
ed6d24ff979f9c71979fead577b0b3f7,2026-09-07T18:08:19Z,2026-09-13T17:00:00Z,Cincinnati Bengals,Tampa Bay Buccaneers,CIN,TB,fanduel,spreads,Cincinnati Bengals,-115.0,-3.5
ed6d24ff979f9c71979fead577b0b3f7,2026-09-07T18:08:19Z,2026-09-13T17:00:00Z,Cincinnati Bengals,Tampa Bay Buccaneers,CIN,TB,fanduel,spreads,Tampa Bay Buccaneers,-105.0,3.5
ed6d24ff979f9c71979fead577b0b3f7,2026-09-07T18:08:19Z,2026-09-13T17:00:00Z,Cincinnati Bengals,Tampa Bay Buccaneers,CIN,TB,fanduel,totals,Over,-112.0,50.5
ed6d24ff979f9c71979fead577b0b3f7,2026-09-07T18:08:19Z,2026-09-13T17:00:00Z,Cincinnati Bengals,Tampa Bay Buccaneers,CIN,TB,fanduel,totals,Under,-108.0,50.5
ed6d24ff979f9c71979fead577b0b3f7,2026-09-07T18:08:19Z,2026-09-13T17:00:00Z,Cincinnati Bengals,Tampa Bay Buccaneers,CIN,TB,lowvig,h2h,Cincinnati Bengals,-210.0,
ed6d24ff979f9c71979fead577b0b3f7,2026-09-07T18:08:19Z,2026-09-13T17:00:00Z,Cincinnati Bengals,Tampa Bay Buccaneers,CIN,TB,lowvig,h2h,Tampa Bay Buccaneers,180.0,
ed6d24ff979f9c71979fead577b0b3f7,2026-09-07T18:08:19Z,2026-09-13T17:00:00Z,Cincinnati Bengals,Tampa Bay Buccaneers,CIN,TB,lowvig,spreads,Cincinnati Bengals,-102.0,-4.0
ed6d24ff979f9c71979fead577b0b3f7,2026-09-07T18:08:19Z,2026-09-13T17:00:00Z,Cincinnati Bengals,Tampa Bay Buccaneers,CIN,TB,lowvig,spreads,Tampa Bay Buccaneers,-108.0,4.0
ed6d24ff979f9c71979fead577b0b3f7,2026-09-07T18:08:19Z,2026-09-13T17:00:00Z,Cincinnati Bengals,Tampa Bay Buccaneers,CIN,TB,lowvig,totals,Over,-102.0,50.5
ed6d24ff979f9c71979fead577b0b3f7,2026-09-07T18:08:19Z,2026-09-13T17:00:00Z,Cincinnati Bengals,Tampa Bay Buccaneers,CIN,TB,lowvig,totals,Under,-113.0,50.5
ed6d24ff979f9c71979fead577b0b3f7,2026-09-07T18:08:19Z,2026-09-13T17:00:00Z,Cincinnati Bengals,Tampa Bay Buccaneers,CIN,TB,betus,h2h,Cincinnati Bengals,-210.0,
ed6d24ff979f9c71979fead577b0b3f7,2026-09-07T18:08:19Z,2026-09-13T17:00:00Z,Cincinnati Bengals,Tampa Bay Buccaneers,CIN,TB,betus,h2h,Tampa Bay Buccaneers,180.0,
ed6d24ff979f9c71979fead577b0b3f7,2026-09-07T18:08:19Z,2026-09-13T17:00:00Z,Cincinnati Bengals,Tampa Bay Buccaneers,CIN,TB,betus,spreads,Cincinnati Bengals,-110.0,-3.5
ed6d24ff979f9c71979fead577b0b3f7,2026-09-07T18:08:19Z,2026-09-13T17:00:00Z,Cincinnati Bengals,Tampa Bay Buccaneers,CIN,TB,betus,spreads,Tampa Bay Buccaneers,-110.0,3.5
ed6d24ff979f9c71979fead577b0b3f7,2026-09-07T18:08:19Z,2026-09-13T17:00:00Z,Cincinnati Bengals,Tampa Bay Buccaneers,CIN,TB,betus,totals,Over,-105.0,50.5
ed6d24ff979f9c71979fead577b0b3f7,2026-09-07T18:08:19Z,2026-09-13T17:00:00Z,Cincinnati Bengals,Tampa Bay Buccaneers,CIN,TB,betus,totals,Under,-115.0,50.5
ed6d24ff979f9c71979fead577b0b3f7,2026-09-07T18:08:19Z,2026-09-13T17:00:00Z,Cincinnati Bengals,Tampa Bay Buccaneers,CIN,TB,betonlineag,h2h,Cincinnati Bengals,-210.0,
ed6d24ff979f9c71979fead577b0b3f7,2026-09-07T18:08:19Z,2026-09-13T17:00:00Z,Cincinnati Bengals,Tampa Bay Buccaneers,CIN,TB,betonlineag,h2h,Tampa Bay Buccaneers,180.0,
ed6d24ff979f9c71979fead577b0b3f7,2026-09-07T18:08:19Z,2026-09-13T17:00:00Z,Cincinnati Bengals,Tampa Bay Buccaneers,CIN,TB,betonlineag,spreads,Cincinnati Bengals,-107.0,-4.0
ed6d24ff979f9c71979fead577b0b3f7,2026-09-07T18:08:19Z,2026-09-13T17:00:00Z,Cincinnati Bengals,Tampa Bay Buccaneers,CIN,TB,betonlineag,spreads,Tampa Bay Buccaneers,-113.0,4.0
ed6d24ff979f9c71979fead577b0b3f7,2026-09-07T18:08:19Z,2026-09-13T17:00:00Z,Cincinnati Bengals,Tampa Bay Buccaneers,CIN,TB,betonlineag,totals,Over,-105.0,50.5
ed6d24ff979f9c71979fead577b0b3f7,2026-09-07T18:08:19Z,2026-09-13T17:00:00Z,Cincinnati Bengals,Tampa Bay Buccaneers,CIN,TB,betonlineag,totals,Under,-115.0,50.5
ed6d24ff979f9c71979fead577b0b3f7,2026-09-07T18:08:19Z,2026-09-13T17:00:00Z,Cincinnati Bengals,Tampa Bay Buccaneers,CIN,TB,betrivers,h2h,Cincinnati Bengals,-215.0,
ed6d24ff979f9c71979fead577b0b3f7,2026-09-07T18:08:19Z,2026-09-13T17:00:00Z,Cincinnati Bengals,Tampa Bay Buccaneers,CIN,TB,betrivers,h2h,Tampa Bay Buccaneers,170.0,
ed6d24ff979f9c71979fead577b0b3f7,2026-09-07T18:08:19Z,2026-09-13T17:00:00Z,Cincinnati Bengals,Tampa Bay Buccaneers,CIN,TB,betrivers,spreads,Cincinnati Bengals,-112.0,-4.0
ed6d24ff979f9c71979fead577b0b3f7,2026-09-07T18:08:19Z,2026-09-13T17:00:00Z,Cincinnati Bengals,Tampa Bay Buccaneers,CIN,TB,betrivers,spreads,Tampa Bay Buccaneers,-109.0,4.0
ed6d24ff979f9c71979fead577b0b3f7,2026-09-07T18:08:19Z,2026-09-13T17:00:00Z,Cincinnati Bengals,Tampa Bay Buccaneers,CIN,TB,betrivers,totals,Over,-113.0,50.5
ed6d24ff979f9c71979fead577b0b3f7,2026-09-07T18:08:19Z,2026-09-13T17:00:00Z,Cincinnati Bengals,Tampa Bay Buccaneers,CIN,TB,betrivers,totals,Under,-108.0,50.5
ed6d24ff979f9c71979fead577b0b3f7,2026-09-07T18:08:19Z,2026-09-13T17:00:00Z,Cincinnati Bengals,Tampa Bay Buccaneers,CIN,TB,betmgm,h2h,Cincinnati Bengals,-200.0,
ed6d24ff979f9c71979fead577b0b3f7,2026-09-07T18:08:19Z,2026-09-13T17:00:00Z,Cincinnati Bengals,Tampa Bay Buccaneers,CIN,TB,betmgm,h2h,Tampa Bay Buccaneers,165.0,
ed6d24ff979f9c71979fead577b0b3f7,2026-09-07T18:08:19Z,2026-09-13T17:00:00Z,Cincinnati Bengals,Tampa Bay Buccaneers,CIN,TB,betmgm,spreads,Cincinnati Bengals,-110.0,-3.5
ed6d24ff979f9c71979fead577b0b3f7,2026-09-07T18:08:19Z,2026-09-13T17:00:00Z,Cincinnati Bengals,Tampa Bay Buccaneers,CIN,TB,betmgm,spreads,Tampa Bay Buccaneers,-108.0,3.5
ed6d24ff979f9c71979fead577b0b3f7,2026-09-07T18:08:19Z,2026-09-13T17:00:00Z,Cincinnati Bengals,Tampa Bay Buccaneers,CIN,TB,betmgm,totals,Over,-110.0,50.5
ed6d24ff979f9c71979fead577b0b3f7,2026-09-07T18:08:19Z,2026-09-13T17:00:00Z,Cincinnati Bengals,Tampa Bay Buccaneers,CIN,TB,betmgm,totals,Under,-108.0,50.5
ed6d24ff979f9c71979fead577b0b3f7,2026-09-07T18:08:19Z,2026-09-13T17:00:00Z,Cincinnati Bengals,Tampa Bay Buccaneers,CIN,TB,bovada,h2h,Cincinnati Bengals,-220.0,
ed6d24ff979f9c71979fead577b0b3f7,2026-09-07T18:08:19Z,2026-09-13T17:00:00Z,Cincinnati Bengals,Tampa Bay Buccaneers,CIN,TB,bovada,h2h,Tampa Bay Buccaneers,180.0,
ed6d24ff979f9c71979fead577b0b3f7,2026-09-07T18:08:19Z,2026-09-13T17:00:00Z,Cincinnati Bengals,Tampa Bay Buccaneers,CIN,TB,bovada,spreads,Cincinnati Bengals,-110.0,-4.0
ed6d24ff979f9c71979fead577b0b3f7,2026-09-07T18:08:19Z,2026-09-13T17:00:00Z,Cincinnati Bengals,Tampa Bay Buccaneers,CIN,TB,bovada,spreads,Tampa Bay Buccaneers,-110.0,4.0
ed6d24ff979f9c71979fead577b0b3f7,2026-09-07T18:08:19Z,2026-09-13T17:00:00Z,Cincinnati Bengals,Tampa Bay Buccaneers,CIN,TB,bovada,totals,Over,-105.0,50.5
ed6d24ff979f9c71979fead577b0b3f7,2026-09-07T18:08:19Z,2026-09-13T17:00:00Z,Cincinnati Bengals,Tampa Bay Buccaneers,CIN,TB,bovada,totals,Under,-115.0,50.5
ed6d24ff979f9c71979fead577b0b3f7,2026-09-07T18:08:19Z,2026-09-13T17:00:00Z,Cincinnati Bengals,Tampa Bay Buccaneers,CIN,TB,mybookieag,h2h,Cincinnati Bengals,-216.0,
ed6d24ff979f9c71979fead577b0b3f7,2026-09-07T18:08:19Z,2026-09-13T17:00:00Z,Cincinnati Bengals,Tampa Bay Buccaneers,CIN,TB,mybookieag,h2h,Tampa Bay Buccaneers,166.0,
ed6d24ff979f9c71979fead577b0b3f7,2026-09-07T18:08:19Z,2026-09-13T17:00:00Z,Cincinnati Bengals,Tampa Bay Buccaneers,CIN,TB,mybookieag,spreads,Cincinnati Bengals,-110.0,-4.0
ed6d24ff979f9c71979fead577b0b3f7,2026-09-07T18:08:19Z,2026-09-13T17:00:00Z,Cincinnati Bengals,Tampa Bay Buccaneers,CIN,TB,mybookieag,spreads,Tampa Bay Buccaneers,-110.0,4.0
ed6d24ff979f9c71979fead577b0b3f7,2026-09-07T18:08:19Z,2026-09-13T17:00:00Z,Cincinnati Bengals,Tampa Bay Buccaneers,CIN,TB,mybookieag,totals,Over,-110.0,50.5
ed6d24ff979f9c71979fead577b0b3f7,2026-09-07T18:08:19Z,2026-09-13T17:00:00Z,Cincinnati Bengals,Tampa Bay Buccaneers,CIN,TB,mybookieag,totals,Under,-110.0,50.5
e55c6fe19fce094ce214c8b0e5b504e9,2026-09-07T18:08:19Z,2026-09-13T17:00:00Z,Jacksonville Jaguars,Cleveland Browns,JAX,CLE,draftkings,h2h,Cleveland Browns,340.0,
e55c6fe19fce094ce214c8b0e5b504e9,2026-09-07T18:08:19Z,2026-09-13T17:00:00Z,Jacksonville Jaguars,Cleveland Browns,JAX,CLE,draftkings,h2h,Jacksonville Jaguars,-440.0,
e55c6fe19fce094ce214c8b0e5b504e9,2026-09-07T18:08:19Z,2026-09-13T17:00:00Z,Jacksonville Jaguars,Cleveland Browns,JAX,CLE,draftkings,spreads,Cleveland Browns,-112.0,8.5
e55c6fe19fce094ce214c8b0e5b504e9,2026-09-07T18:08:19Z,2026-09-13T17:00:00Z,Jacksonville Jaguars,Cleveland Browns,JAX,CLE,draftkings,spreads,Jacksonville Jaguars,-108.0,-8.5
e55c6fe19fce094ce214c8b0e5b504e9,2026-09-07T18:08:19Z,2026-09-13T17:00:00Z,Jacksonville Jaguars,Cleveland Browns,JAX,CLE,draftkings,totals,Over,-110.0,40.5
e55c6fe19fce094ce214c8b0e5b504e9,2026-09-07T18:08:19Z,2026-09-13T17:00:00Z,Jacksonville Jaguars,Cleveland Browns,JAX,CLE,draftkings,totals,Under,-110.0,40.5
e55c6fe19fce094ce214c8b0e5b504e9,2026-09-07T18:08:19Z,2026-09-13T17:00:00Z,Jacksonville Jaguars,Cleveland Browns,JAX,CLE,fanduel,h2h,Cleveland Browns,330.0,
e55c6fe19fce094ce214c8b0e5b504e9,2026-09-07T18:08:19Z,2026-09-13T17:00:00Z,Jacksonville Jaguars,Cleveland Browns,JAX,CLE,fanduel,h2h,Jacksonville Jaguars,-420.0,
e55c6fe19fce094ce214c8b0e5b504e9,2026-09-07T18:08:19Z,2026-09-13T17:00:00Z,Jacksonville Jaguars,Cleveland Browns,JAX,CLE,fanduel,spreads,Cleveland Browns,-115.0,8.5
e55c6fe19fce094ce214c8b0e5b504e9,2026-09-07T18:08:19Z,2026-09-13T17:00:00Z,Jacksonville Jaguars,Cleveland Browns,JAX,CLE,fanduel,spreads,Jacksonville Jaguars,-105.0,-8.5
e55c6fe19fce094ce214c8b0e5b504e9,2026-09-07T18:08:19Z,2026-09-13T17:00:00Z,Jacksonville Jaguars,Cleveland Browns,JAX,CLE,fanduel,totals,Over,-108.0,40.5
e55c6fe19fce094ce214c8b0e5b504e9,2026-09-07T18:08:19Z,2026-09-13T17:00:00Z,Jacksonville Jaguars,Cleveland Browns,JAX,CLE,fanduel,totals,Under,-112.0,40.5
e55c6fe19fce094ce214c8b0e5b504e9,2026-09-07T18:08:19Z,2026-09-13T17:00:00Z,Jacksonville Jaguars,Cleveland Browns,JAX,CLE,betus,h2h,Cleveland Browns,320.0,
e55c6fe19fce094ce214c8b0e5b504e9,2026-09-07T18:08:19Z,2026-09-13T17:00:00Z,Jacksonville Jaguars,Cleveland Browns,JAX,CLE,betus,h2h,Jacksonville Jaguars,-400.0,
e55c6fe19fce094ce214c8b0e5b504e9,2026-09-07T18:08:19Z,2026-09-13T17:00:00Z,Jacksonville Jaguars,Cleveland Browns,JAX,CLE,betus,spreads,Cleveland Browns,-125.0,9.0
e55c6fe19fce094ce214c8b0e5b504e9,2026-09-07T18:08:19Z,2026-09-13T17:00:00Z,Jacksonville Jaguars,Cleveland Browns,JAX,CLE,betus,spreads,Jacksonville Jaguars,105.0,-9.0
e55c6fe19fce094ce214c8b0e5b504e9,2026-09-07T18:08:19Z,2026-09-13T17:00:00Z,Jacksonville Jaguars,Cleveland Browns,JAX,CLE,betus,totals,Over,-110.0,40.5
e55c6fe19fce094ce214c8b0e5b504e9,2026-09-07T18:08:19Z,2026-09-13T17:00:00Z,Jacksonville Jaguars,Cleveland Browns,JAX,CLE,betus,totals,Under,-110.0,40.5
e55c6fe19fce094ce214c8b0e5b504e9,2026-09-07T18:08:19Z,2026-09-13T17:00:00Z,Jacksonville Jaguars,Cleveland Browns,JAX,CLE,betrivers,h2h,Cleveland Browns,320.0,
e55c6fe19fce094ce214c8b0e5b504e9,2026-09-07T18:08:19Z,2026-09-13T17:00:00Z,Jacksonville Jaguars,Cleveland Browns,JAX,CLE,betrivers,h2h,Jacksonville Jaguars,-435.0,
e55c6fe19fce094ce214c8b0e5b504e9,2026-09-07T18:08:19Z,2026-09-13T17:00:00Z,Jacksonville Jaguars,Cleveland Browns,JAX,CLE,betrivers,spreads,Cleveland Browns,-110.0,9.0
e55c6fe19fce094ce214c8b0e5b504e9,2026-09-07T18:08:19Z,2026-09-13T17:00:00Z,Jacksonville Jaguars,Cleveland Browns,JAX,CLE,betrivers,spreads,Jacksonville Jaguars,-110.0,-9.0
e55c6fe19fce094ce214c8b0e5b504e9,2026-09-07T18:08:19Z,2026-09-13T17:00:00Z,Jacksonville Jaguars,Cleveland Browns,JAX,CLE,betrivers,totals,Over,-109.0,40.5
e55c6fe19fce094ce214c8b0e5b504e9,2026-09-07T18:08:19Z,2026-09-13T17:00:00Z,Jacksonville Jaguars,Cleveland Browns,JAX,CLE,betrivers,totals,Under,-112.0,40.5
e55c6fe19fce094ce214c8b0e5b504e9,2026-09-07T18:08:19Z,2026-09-13T17:00:00Z,Jacksonville Jaguars,Cleveland Browns,JAX,CLE,betonlineag,h2h,Cleveland Browns,316.0,
e55c6fe19fce094ce214c8b0e5b504e9,2026-09-07T18:08:19Z,2026-09-13T17:00:00Z,Jacksonville Jaguars,Cleveland Browns,JAX,CLE,betonlineag,h2h,Jacksonville Jaguars,-400.0,
e55c6fe19fce094ce214c8b0e5b504e9,2026-09-07T18:08:19Z,2026-09-13T17:00:00Z,Jacksonville Jaguars,Cleveland Browns,JAX,CLE,betonlineag,spreads,Cleveland Browns,-110.0,8.0
e55c6fe19fce094ce214c8b0e5b504e9,2026-09-07T18:08:19Z,2026-09-13T17:00:00Z,Jacksonville Jaguars,Cleveland Browns,JAX,CLE,betonlineag,spreads,Jacksonville Jaguars,-110.0,-8.0
e55c6fe19fce094ce214c8b0e5b504e9,2026-09-07T18:08:19Z,2026-09-13T17:00:00Z,Jacksonville Jaguars,Cleveland Browns,JAX,CLE,betonlineag,totals,Over,-112.0,40.5
e55c6fe19fce094ce214c8b0e5b504e9,2026-09-07T18:08:19Z,2026-09-13T17:00:00Z,Jacksonville Jaguars,Cleveland Browns,JAX,CLE,betonlineag,totals,Under,-108.0,40.5
e55c6fe19fce094ce214c8b0e5b504e9,2026-09-07T18:08:19Z,2026-09-13T17:00:00Z,Jacksonville Jaguars,Cleveland Browns,JAX,CLE,lowvig,h2h,Cleveland Browns,316.0,
e55c6fe19fce094ce214c8b0e5b504e9,2026-09-07T18:08:19Z,2026-09-13T17:00:00Z,Jacksonville Jaguars,Cleveland Browns,JAX,CLE,lowvig,h2h,Jacksonville Jaguars,-400.0,
e55c6fe19fce094ce214c8b0e5b504e9,2026-09-07T18:08:19Z,2026-09-13T17:00:00Z,Jacksonville Jaguars,Cleveland Browns,JAX,CLE,lowvig,spreads,Cleveland Browns,-102.0,8.0
e55c6fe19fce094ce214c8b0e5b504e9,2026-09-07T18:08:19Z,2026-09-13T17:00:00Z,Jacksonville Jaguars,Cleveland Browns,JAX,CLE,lowvig,spreads,Jacksonville Jaguars,-108.0,-8.0
e55c6fe19fce094ce214c8b0e5b504e9,2026-09-07T18:08:19Z,2026-09-13T17:00:00Z,Jacksonville Jaguars,Cleveland Browns,JAX,CLE,lowvig,totals,Over,-109.0,40.5
e55c6fe19fce094ce214c8b0e5b504e9,2026-09-07T18:08:19Z,2026-09-13T17:00:00Z,Jacksonville Jaguars,Cleveland Browns,JAX,CLE,lowvig,totals,Under,-105.0,40.5
e55c6fe19fce094ce214c8b0e5b504e9,2026-09-07T18:08:19Z,2026-09-13T17:00:00Z,Jacksonville Jaguars,Cleveland Browns,JAX,CLE,betmgm,h2h,Cleveland Browns,320.0,
e55c6fe19fce094ce214c8b0e5b504e9,2026-09-07T18:08:19Z,2026-09-13T17:00:00Z,Jacksonville Jaguars,Cleveland Browns,JAX,CLE,betmgm,h2h,Jacksonville Jaguars,-400.0,
e55c6fe19fce094ce214c8b0e5b504e9,2026-09-07T18:08:19Z,2026-09-13T17:00:00Z,Jacksonville Jaguars,Cleveland Browns,JAX,CLE,betmgm,spreads,Cleveland Browns,-110.0,8.5
e55c6fe19fce094ce214c8b0e5b504e9,2026-09-07T18:08:19Z,2026-09-13T17:00:00Z,Jacksonville Jaguars,Cleveland Browns,JAX,CLE,betmgm,spreads,Jacksonville Jaguars,-108.0,-8.5
e55c6fe19fce094ce214c8b0e5b504e9,2026-09-07T18:08:19Z,2026-09-13T17:00:00Z,Jacksonville Jaguars,Cleveland Browns,JAX,CLE,betmgm,totals,Over,-108.0,40.5
e55c6fe19fce094ce214c8b0e5b504e9,2026-09-07T18:08:19Z,2026-09-13T17:00:00Z,Jacksonville Jaguars,Cleveland Browns,JAX,CLE,betmgm,totals,Under,-110.0,40.5
e55c6fe19fce094ce214c8b0e5b504e9,2026-09-07T18:08:19Z,2026-09-13T17:00:00Z,Jacksonville Jaguars,Cleveland Browns,JAX,CLE,bovada,h2h,Cleveland Browns,305.0,
e55c6fe19fce094ce214c8b0e5b504e9,2026-09-07T18:08:19Z,2026-09-13T17:00:00Z,Jacksonville Jaguars,Cleveland Browns,JAX,CLE,bovada,h2h,Jacksonville Jaguars,-410.0,
e55c6fe19fce094ce214c8b0e5b504e9,2026-09-07T18:08:19Z,2026-09-13T17:00:00Z,Jacksonville Jaguars,Cleveland Browns,JAX,CLE,bovada,spreads,Cleveland Browns,-120.0,8.5
e55c6fe19fce094ce214c8b0e5b504e9,2026-09-07T18:08:19Z,2026-09-13T17:00:00Z,Jacksonville Jaguars,Cleveland Browns,JAX,CLE,bovada,spreads,Jacksonville Jaguars,100.0,-8.5
e55c6fe19fce094ce214c8b0e5b504e9,2026-09-07T18:08:19Z,2026-09-13T17:00:00Z,Jacksonville Jaguars,Cleveland Browns,JAX,CLE,bovada,totals,Over,-115.0,40.5
e55c6fe19fce094ce214c8b0e5b504e9,2026-09-07T18:08:19Z,2026-09-13T17:00:00Z,Jacksonville Jaguars,Cleveland Browns,JAX,CLE,bovada,totals,Under,-105.0,40.5
e55c6fe19fce094ce214c8b0e5b504e9,2026-09-07T18:08:19Z,2026-09-13T17:00:00Z,Jacksonville Jaguars,Cleveland Browns,JAX,CLE,mybookieag,h2h,Cleveland Browns,330.0,
e55c6fe19fce094ce214c8b0e5b504e9,2026-09-07T18:08:19Z,2026-09-13T17:00:00Z,Jacksonville Jaguars,Cleveland Browns,JAX,CLE,mybookieag,h2h,Jacksonville Jaguars,-481.0,
e55c6fe19fce094ce214c8b0e5b504e9,2026-09-07T18:08:19Z,2026-09-13T17:00:00Z,Jacksonville Jaguars,Cleveland Browns,JAX,CLE,mybookieag,spreads,Cleveland Browns,-110.0,8.5
e55c6fe19fce094ce214c8b0e5b504e9,2026-09-07T18:08:19Z,2026-09-13T17:00:00Z,Jacksonville Jaguars,Cleveland Browns,JAX,CLE,mybookieag,spreads,Jacksonville Jaguars,-110.0,-8.5
e55c6fe19fce094ce214c8b0e5b504e9,2026-09-07T18:08:19Z,2026-09-13T17:00:00Z,Jacksonville Jaguars,Cleveland Browns,JAX,CLE,mybookieag,totals,Over,-110.0,40.5
e55c6fe19fce094ce214c8b0e5b504e9,2026-09-07T18:08:19Z,2026-09-13T17:00:00Z,Jacksonville Jaguars,Cleveland Browns,JAX,CLE,mybookieag,totals,Under,-110.0,40.5
c1d3fcec25aaeb06ebd2244d33d338e0,2026-09-07T18:08:19Z,2026-09-13T17:00:00Z,Detroit Lions,New Orleans Saints,DET,NO,draftkings,h2h,Detroit Lions,-290.0,
c1d3fcec25aaeb06ebd2244d33d338e0,2026-09-07T18:08:19Z,2026-09-13T17:00:00Z,Detroit Lions,New Orleans Saints,DET,NO,draftkings,h2h,New Orleans Saints,235.0,
c1d3fcec25aaeb06ebd2244d33d338e0,2026-09-07T18:08:19Z,2026-09-13T17:00:00Z,Detroit Lions,New Orleans Saints,DET,NO,draftkings,spreads,Detroit Lions,-105.0,-7.0
c1d3fcec25aaeb06ebd2244d33d338e0,2026-09-07T18:08:19Z,2026-09-13T17:00:00Z,Detroit Lions,New Orleans Saints,DET,NO,draftkings,spreads,New Orleans Saints,-115.0,7.0
c1d3fcec25aaeb06ebd2244d33d338e0,2026-09-07T18:08:19Z,2026-09-13T17:00:00Z,Detroit Lions,New Orleans Saints,DET,NO,draftkings,totals,Over,-102.0,50.5
c1d3fcec25aaeb06ebd2244d33d338e0,2026-09-07T18:08:19Z,2026-09-13T17:00:00Z,Detroit Lions,New Orleans Saints,DET,NO,draftkings,totals,Under,-118.0,50.5
c1d3fcec25aaeb06ebd2244d33d338e0,2026-09-07T18:08:19Z,2026-09-13T17:00:00Z,Detroit Lions,New Orleans Saints,DET,NO,fanduel,h2h,Detroit Lions,-340.0,
c1d3fcec25aaeb06ebd2244d33d338e0,2026-09-07T18:08:19Z,2026-09-13T17:00:00Z,Detroit Lions,New Orleans Saints,DET,NO,fanduel,h2h,New Orleans Saints,275.0,
c1d3fcec25aaeb06ebd2244d33d338e0,2026-09-07T18:08:19Z,2026-09-13T17:00:00Z,Detroit Lions,New Orleans Saints,DET,NO,fanduel,spreads,Detroit Lions,-122.0,-6.5
c1d3fcec25aaeb06ebd2244d33d338e0,2026-09-07T18:08:19Z,2026-09-13T17:00:00Z,Detroit Lions,New Orleans Saints,DET,NO,fanduel,spreads,New Orleans Saints,100.0,6.5
c1d3fcec25aaeb06ebd2244d33d338e0,2026-09-07T18:08:19Z,2026-09-13T17:00:00Z,Detroit Lions,New Orleans Saints,DET,NO,fanduel,totals,Over,-115.0,49.5
c1d3fcec25aaeb06ebd2244d33d338e0,2026-09-07T18:08:19Z,2026-09-13T17:00:00Z,Detroit Lions,New Orleans Saints,DET,NO,fanduel,totals,Under,-105.0,49.5
c1d3fcec25aaeb06ebd2244d33d338e0,2026-09-07T18:08:19Z,2026-09-13T17:00:00Z,Detroit Lions,New Orleans Saints,DET,NO,lowvig,h2h,Detroit Lions,-310.0,
c1d3fcec25aaeb06ebd2244d33d338e0,2026-09-07T18:08:19Z,2026-09-13T17:00:00Z,Detroit Lions,New Orleans Saints,DET,NO,lowvig,h2h,New Orleans Saints,252.0,
c1d3fcec25aaeb06ebd2244d33d338e0,2026-09-07T18:08:19Z,2026-09-13T17:00:00Z,Detroit Lions,New Orleans Saints,DET,NO,lowvig,spreads,Detroit Lions,101.0,-7.0
c1d3fcec25aaeb06ebd2244d33d338e0,2026-09-07T18:08:19Z,2026-09-13T17:00:00Z,Detroit Lions,New Orleans Saints,DET,NO,lowvig,spreads,New Orleans Saints,-112.0,7.0
c1d3fcec25aaeb06ebd2244d33d338e0,2026-09-07T18:08:19Z,2026-09-13T17:00:00Z,Detroit Lions,New Orleans Saints,DET,NO,lowvig,totals,Over,-107.0,50.0
c1d3fcec25aaeb06ebd2244d33d338e0,2026-09-07T18:08:19Z,2026-09-13T17:00:00Z,Detroit Lions,New Orleans Saints,DET,NO,lowvig,totals,Under,-107.0,50.0
c1d3fcec25aaeb06ebd2244d33d338e0,2026-09-07T18:08:19Z,2026-09-13T17:00:00Z,Detroit Lions,New Orleans Saints,DET,NO,betonlineag,h2h,Detroit Lions,-310.0,
c1d3fcec25aaeb06ebd2244d33d338e0,2026-09-07T18:08:19Z,2026-09-13T17:00:00Z,Detroit Lions,New Orleans Saints,DET,NO,betonlineag,h2h,New Orleans Saints,252.0,
c1d3fcec25aaeb06ebd2244d33d338e0,2026-09-07T18:08:19Z,2026-09-13T17:00:00Z,Detroit Lions,New Orleans Saints,DET,NO,betonlineag,spreads,Detroit Lions,-104.0,-7.0
c1d3fcec25aaeb06ebd2244d33d338e0,2026-09-07T18:08:19Z,2026-09-13T17:00:00Z,Detroit Lions,New Orleans Saints,DET,NO,betonlineag,spreads,New Orleans Saints,-116.0,7.0
c1d3fcec25aaeb06ebd2244d33d338e0,2026-09-07T18:08:19Z,2026-09-13T17:00:00Z,Detroit Lions,New Orleans Saints,DET,NO,betonlineag,totals,Over,-110.0,50.0
c1d3fcec25aaeb06ebd2244d33d338e0,2026-09-07T18:08:19Z,2026-09-13T17:00:00Z,Detroit Lions,New Orleans Saints,DET,NO,betonlineag,totals,Under,-110.0,50.0
c1d3fcec25aaeb06ebd2244d33d338e0,2026-09-07T18:08:19Z,2026-09-13T17:00:00Z,Detroit Lions,New Orleans Saints,DET,NO,betus,h2h,Detroit Lions,-310.0,
c1d3fcec25aaeb06ebd2244d33d338e0,2026-09-07T18:08:19Z,2026-09-13T17:00:00Z,Detroit Lions,New Orleans Saints,DET,NO,betus,h2h,New Orleans Saints,255.0,
c1d3fcec25aaeb06ebd2244d33d338e0,2026-09-07T18:08:19Z,2026-09-13T17:00:00Z,Detroit Lions,New Orleans Saints,DET,NO,betus,spreads,Detroit Lions,-105.0,-7.0
c1d3fcec25aaeb06ebd2244d33d338e0,2026-09-07T18:08:19Z,2026-09-13T17:00:00Z,Detroit Lions,New Orleans Saints,DET,NO,betus,spreads,New Orleans Saints,-115.0,7.0
c1d3fcec25aaeb06ebd2244d33d338e0,2026-09-07T18:08:19Z,2026-09-13T17:00:00Z,Detroit Lions,New Orleans Saints,DET,NO,betus,totals,Over,-110.0,50.0
c1d3fcec25aaeb06ebd2244d33d338e0,2026-09-07T18:08:19Z,2026-09-13T17:00:00Z,Detroit Lions,New Orleans Saints,DET,NO,betus,totals,Under,-110.0,50.0
c1d3fcec25aaeb06ebd2244d33d338e0,2026-09-07T18:08:19Z,2026-09-13T17:00:00Z,Detroit Lions,New Orleans Saints,DET,NO,betrivers,h2h,Detroit Lions,-345.0,
c1d3fcec25aaeb06ebd2244d33d338e0,2026-09-07T18:08:19Z,2026-09-13T17:00:00Z,Detroit Lions,New Orleans Saints,DET,NO,betrivers,h2h,New Orleans Saints,265.0,
c1d3fcec25aaeb06ebd2244d33d338e0,2026-09-07T18:08:19Z,2026-09-13T17:00:00Z,Detroit Lions,New Orleans Saints,DET,NO,betrivers,spreads,Detroit Lions,-109.0,-7.0
c1d3fcec25aaeb06ebd2244d33d338e0,2026-09-07T18:08:19Z,2026-09-13T17:00:00Z,Detroit Lions,New Orleans Saints,DET,NO,betrivers,spreads,New Orleans Saints,-112.0,7.0
c1d3fcec25aaeb06ebd2244d33d338e0,2026-09-07T18:08:19Z,2026-09-13T17:00:00Z,Detroit Lions,New Orleans Saints,DET,NO,betrivers,totals,Over,-110.0,50.0
c1d3fcec25aaeb06ebd2244d33d338e0,2026-09-07T18:08:19Z,2026-09-13T17:00:00Z,Detroit Lions,New Orleans Saints,DET,NO,betrivers,totals,Under,-110.0,50.0
c1d3fcec25aaeb06ebd2244d33d338e0,2026-09-07T18:08:19Z,2026-09-13T17:00:00Z,Detroit Lions,New Orleans Saints,DET,NO,betmgm,h2h,Detroit Lions,-300.0,
c1d3fcec25aaeb06ebd2244d33d338e0,2026-09-07T18:08:19Z,2026-09-13T17:00:00Z,Detroit Lions,New Orleans Saints,DET,NO,betmgm,h2h,New Orleans Saints,250.0,
c1d3fcec25aaeb06ebd2244d33d338e0,2026-09-07T18:08:19Z,2026-09-13T17:00:00Z,Detroit Lions,New Orleans Saints,DET,NO,betmgm,spreads,Detroit Lions,-105.0,-7.0
c1d3fcec25aaeb06ebd2244d33d338e0,2026-09-07T18:08:19Z,2026-09-13T17:00:00Z,Detroit Lions,New Orleans Saints,DET,NO,betmgm,spreads,New Orleans Saints,-112.0,7.0
c1d3fcec25aaeb06ebd2244d33d338e0,2026-09-07T18:08:19Z,2026-09-13T17:00:00Z,Detroit Lions,New Orleans Saints,DET,NO,betmgm,totals,Over,-108.0,50.0
c1d3fcec25aaeb06ebd2244d33d338e0,2026-09-07T18:08:19Z,2026-09-13T17:00:00Z,Detroit Lions,New Orleans Saints,DET,NO,betmgm,totals,Under,-110.0,50.0
c1d3fcec25aaeb06ebd2244d33d338e0,2026-09-07T18:08:19Z,2026-09-13T17:00:00Z,Detroit Lions,New Orleans Saints,DET,NO,bovada,h2h,Detroit Lions,-340.0,
c1d3fcec25aaeb06ebd2244d33d338e0,2026-09-07T18:08:19Z,2026-09-13T17:00:00Z,Detroit Lions,New Orleans Saints,DET,NO,bovada,h2h,New Orleans Saints,270.0,
c1d3fcec25aaeb06ebd2244d33d338e0,2026-09-07T18:08:19Z,2026-09-13T17:00:00Z,Detroit Lions,New Orleans Saints,DET,NO,bovada,spreads,Detroit Lions,-110.0,-7.0
c1d3fcec25aaeb06ebd2244d33d338e0,2026-09-07T18:08:19Z,2026-09-13T17:00:00Z,Detroit Lions,New Orleans Saints,DET,NO,bovada,spreads,New Orleans Saints,-110.0,7.0
c1d3fcec25aaeb06ebd2244d33d338e0,2026-09-07T18:08:19Z,2026-09-13T17:00:00Z,Detroit Lions,New Orleans Saints,DET,NO,bovada,totals,Over,100.0,50.0
c1d3fcec25aaeb06ebd2244d33d338e0,2026-09-07T18:08:19Z,2026-09-13T17:00:00Z,Detroit Lions,New Orleans Saints,DET,NO,bovada,totals,Under,-120.0,50.0
c1d3fcec25aaeb06ebd2244d33d338e0,2026-09-07T18:08:19Z,2026-09-13T17:00:00Z,Detroit Lions,New Orleans Saints,DET,NO,mybookieag,h2h,Detroit Lions,-319.0,
c1d3fcec25aaeb06ebd2244d33d338e0,2026-09-07T18:08:19Z,2026-09-13T17:00:00Z,Detroit Lions,New Orleans Saints,DET,NO,mybookieag,h2h,New Orleans Saints,236.0,
c1d3fcec25aaeb06ebd2244d33d338e0,2026-09-07T18:08:19Z,2026-09-13T17:00:00Z,Detroit Lions,New Orleans Saints,DET,NO,mybookieag,spreads,Detroit Lions,-110.0,-7.0
c1d3fcec25aaeb06ebd2244d33d338e0,2026-09-07T18:08:19Z,2026-09-13T17:00:00Z,Detroit Lions,New Orleans Saints,DET,NO,mybookieag,spreads,New Orleans Saints,-110.0,7.0
c1d3fcec25aaeb06ebd2244d33d338e0,2026-09-07T18:08:19Z,2026-09-13T17:00:00Z,Detroit Lions,New Orleans Saints,DET,NO,mybookieag,totals,Over,-110.0,50.0
c1d3fcec25aaeb06ebd2244d33d338e0,2026-09-07T18:08:19Z,2026-09-13T17:00:00Z,Detroit Lions,New Orleans Saints,DET,NO,mybookieag,totals,Under,-110.0,50.0
7dddb296a42e7a41a774b24bd1709ce1,2026-09-07T18:08:19Z,2026-09-13T17:00:00Z,Tennessee Titans,New York Jets,TEN,NYJ,draftkings,h2h,New York Jets,105.0,
7dddb296a42e7a41a774b24bd1709ce1,2026-09-07T18:08:19Z,2026-09-13T17:00:00Z,Tennessee Titans,New York Jets,TEN,NYJ,draftkings,h2h,Tennessee Titans,-125.0,
7dddb296a42e7a41a774b24bd1709ce1,2026-09-07T18:08:19Z,2026-09-13T17:00:00Z,Tennessee Titans,New York Jets,TEN,NYJ,draftkings,spreads,New York Jets,-110.0,1.5
7dddb296a42e7a41a774b24bd1709ce1,2026-09-07T18:08:19Z,2026-09-13T17:00:00Z,Tennessee Titans,New York Jets,TEN,NYJ,draftkings,spreads,Tennessee Titans,-110.0,-1.5
7dddb296a42e7a41a774b24bd1709ce1,2026-09-07T18:08:19Z,2026-09-13T17:00:00Z,Tennessee Titans,New York Jets,TEN,NYJ,draftkings,totals,Over,-110.0,39.5
7dddb296a42e7a41a774b24bd1709ce1,2026-09-07T18:08:19Z,2026-09-13T17:00:00Z,Tennessee Titans,New York Jets,TEN,NYJ,draftkings,totals,Under,-110.0,39.5
7dddb296a42e7a41a774b24bd1709ce1,2026-09-07T18:08:19Z,2026-09-13T17:00:00Z,Tennessee Titans,New York Jets,TEN,NYJ,fanduel,h2h,New York Jets,106.0,
7dddb296a42e7a41a774b24bd1709ce1,2026-09-07T18:08:19Z,2026-09-13T17:00:00Z,Tennessee Titans,New York Jets,TEN,NYJ,fanduel,h2h,Tennessee Titans,-124.0,
7dddb296a42e7a41a774b24bd1709ce1,2026-09-07T18:08:19Z,2026-09-13T17:00:00Z,Tennessee Titans,New York Jets,TEN,NYJ,fanduel,spreads,New York Jets,-110.0,1.5
7dddb296a42e7a41a774b24bd1709ce1,2026-09-07T18:08:19Z,2026-09-13T17:00:00Z,Tennessee Titans,New York Jets,TEN,NYJ,fanduel,spreads,Tennessee Titans,-110.0,-1.5
7dddb296a42e7a41a774b24bd1709ce1,2026-09-07T18:08:19Z,2026-09-13T17:00:00Z,Tennessee Titans,New York Jets,TEN,NYJ,fanduel,totals,Over,-110.0,39.5
7dddb296a42e7a41a774b24bd1709ce1,2026-09-07T18:08:19Z,2026-09-13T17:00:00Z,Tennessee Titans,New York Jets,TEN,NYJ,fanduel,totals,Under,-110.0,39.5
7dddb296a42e7a41a774b24bd1709ce1,2026-09-07T18:08:19Z,2026-09-13T17:00:00Z,Tennessee Titans,New York Jets,TEN,NYJ,lowvig,spreads,New York Jets,107.0,0.0
7dddb296a42e7a41a774b24bd1709ce1,2026-09-07T18:08:19Z,2026-09-13T17:00:00Z,Tennessee Titans,New York Jets,TEN,NYJ,lowvig,spreads,Tennessee Titans,-118.0,0.0
7dddb296a42e7a41a774b24bd1709ce1,2026-09-07T18:08:19Z,2026-09-13T17:00:00Z,Tennessee Titans,New York Jets,TEN,NYJ,lowvig,totals,Over,-102.0,39.5
7dddb296a42e7a41a774b24bd1709ce1,2026-09-07T18:08:19Z,2026-09-13T17:00:00Z,Tennessee Titans,New York Jets,TEN,NYJ,lowvig,totals,Under,-113.0,39.5
7dddb296a42e7a41a774b24bd1709ce1,2026-09-07T18:08:19Z,2026-09-13T17:00:00Z,Tennessee Titans,New York Jets,TEN,NYJ,betus,spreads,New York Jets,100.0,0.0
7dddb296a42e7a41a774b24bd1709ce1,2026-09-07T18:08:19Z,2026-09-13T17:00:00Z,Tennessee Titans,New York Jets,TEN,NYJ,betus,spreads,Tennessee Titans,-120.0,0.0
7dddb296a42e7a41a774b24bd1709ce1,2026-09-07T18:08:19Z,2026-09-13T17:00:00Z,Tennessee Titans,New York Jets,TEN,NYJ,betus,totals,Over,-105.0,39.5
7dddb296a42e7a41a774b24bd1709ce1,2026-09-07T18:08:19Z,2026-09-13T17:00:00Z,Tennessee Titans,New York Jets,TEN,NYJ,betus,totals,Under,-115.0,39.5
7dddb296a42e7a41a774b24bd1709ce1,2026-09-07T18:08:19Z,2026-09-13T17:00:00Z,Tennessee Titans,New York Jets,TEN,NYJ,betonlineag,spreads,New York Jets,102.0,0.0
7dddb296a42e7a41a774b24bd1709ce1,2026-09-07T18:08:19Z,2026-09-13T17:00:00Z,Tennessee Titans,New York Jets,TEN,NYJ,betonlineag,spreads,Tennessee Titans,-122.0,0.0
7dddb296a42e7a41a774b24bd1709ce1,2026-09-07T18:08:19Z,2026-09-13T17:00:00Z,Tennessee Titans,New York Jets,TEN,NYJ,betonlineag,totals,Over,-105.0,39.5
7dddb296a42e7a41a774b24bd1709ce1,2026-09-07T18:08:19Z,2026-09-13T17:00:00Z,Tennessee Titans,New York Jets,TEN,NYJ,betonlineag,totals,Under,-115.0,39.5
7dddb296a42e7a41a774b24bd1709ce1,2026-09-07T18:08:19Z,2026-09-13T17:00:00Z,Tennessee Titans,New York Jets,TEN,NYJ,betrivers,h2h,New York Jets,106.0,
7dddb296a42e7a41a774b24bd1709ce1,2026-09-07T18:08:19Z,2026-09-13T17:00:00Z,Tennessee Titans,New York Jets,TEN,NYJ,betrivers,h2h,Tennessee Titans,-130.0,
7dddb296a42e7a41a774b24bd1709ce1,2026-09-07T18:08:19Z,2026-09-13T17:00:00Z,Tennessee Titans,New York Jets,TEN,NYJ,betrivers,spreads,New York Jets,-109.0,1.5
7dddb296a42e7a41a774b24bd1709ce1,2026-09-07T18:08:19Z,2026-09-13T17:00:00Z,Tennessee Titans,New York Jets,TEN,NYJ,betrivers,spreads,Tennessee Titans,-112.0,-1.5
7dddb296a42e7a41a774b24bd1709ce1,2026-09-07T18:08:19Z,2026-09-13T17:00:00Z,Tennessee Titans,New York Jets,TEN,NYJ,betrivers,totals,Over,-108.0,39.5
7dddb296a42e7a41a774b24bd1709ce1,2026-09-07T18:08:19Z,2026-09-13T17:00:00Z,Tennessee Titans,New York Jets,TEN,NYJ,betrivers,totals,Under,-113.0,39.5
7dddb296a42e7a41a774b24bd1709ce1,2026-09-07T18:08:19Z,2026-09-13T17:00:00Z,Tennessee Titans,New York Jets,TEN,NYJ,betmgm,h2h,New York Jets,105.0,
7dddb296a42e7a41a774b24bd1709ce1,2026-09-07T18:08:19Z,2026-09-13T17:00:00Z,Tennessee Titans,New York Jets,TEN,NYJ,betmgm,h2h,Tennessee Titans,-125.0,
7dddb296a42e7a41a774b24bd1709ce1,2026-09-07T18:08:19Z,2026-09-13T17:00:00Z,Tennessee Titans,New York Jets,TEN,NYJ,betmgm,spreads,New York Jets,-110.0,1.5
7dddb296a42e7a41a774b24bd1709ce1,2026-09-07T18:08:19Z,2026-09-13T17:00:00Z,Tennessee Titans,New York Jets,TEN,NYJ,betmgm,spreads,Tennessee Titans,-110.0,-1.5
7dddb296a42e7a41a774b24bd1709ce1,2026-09-07T18:08:19Z,2026-09-13T17:00:00Z,Tennessee Titans,New York Jets,TEN,NYJ,betmgm,totals,Over,-108.0,39.5
7dddb296a42e7a41a774b24bd1709ce1,2026-09-07T18:08:19Z,2026-09-13T17:00:00Z,Tennessee Titans,New York Jets,TEN,NYJ,betmgm,totals,Under,-110.0,39.5
7dddb296a42e7a41a774b24bd1709ce1,2026-09-07T18:08:19Z,2026-09-13T17:00:00Z,Tennessee Titans,New York Jets,TEN,NYJ,bovada,h2h,New York Jets,105.0,
7dddb296a42e7a41a774b24bd1709ce1,2026-09-07T18:08:19Z,2026-09-13T17:00:00Z,Tennessee Titans,New York Jets,TEN,NYJ,bovada,h2h,Tennessee Titans,-125.0,
7dddb296a42e7a41a774b24bd1709ce1,2026-09-07T18:08:19Z,2026-09-13T17:00:00Z,Tennessee Titans,New York Jets,TEN,NYJ,bovada,spreads,New York Jets,-105.0,1.0
7dddb296a42e7a41a774b24bd1709ce1,2026-09-07T18:08:19Z,2026-09-13T17:00:00Z,Tennessee Titans,New York Jets,TEN,NYJ,bovada,spreads,Tennessee Titans,-115.0,-1.0
7dddb296a42e7a41a774b24bd1709ce1,2026-09-07T18:08:19Z,2026-09-13T17:00:00Z,Tennessee Titans,New York Jets,TEN,NYJ,bovada,totals,Over,-115.0,39.0
7dddb296a42e7a41a774b24bd1709ce1,2026-09-07T18:08:19Z,2026-09-13T17:00:00Z,Tennessee Titans,New York Jets,TEN,NYJ,bovada,totals,Under,-105.0,39.0
7dddb296a42e7a41a774b24bd1709ce1,2026-09-07T18:08:19Z,2026-09-13T17:00:00Z,Tennessee Titans,New York Jets,TEN,NYJ,mybookieag,h2h,New York Jets,-104.0,
7dddb296a42e7a41a774b24bd1709ce1,2026-09-07T18:08:19Z,2026-09-13T17:00:00Z,Tennessee Titans,New York Jets,TEN,NYJ,mybookieag,h2h,Tennessee Titans,-122.0,
7dddb296a42e7a41a774b24bd1709ce1,2026-09-07T18:08:19Z,2026-09-13T17:00:00Z,Tennessee Titans,New York Jets,TEN,NYJ,mybookieag,spreads,New York Jets,-110.0,1.0
7dddb296a42e7a41a774b24bd1709ce1,2026-09-07T18:08:19Z,2026-09-13T17:00:00Z,Tennessee Titans,New York Jets,TEN,NYJ,mybookieag,spreads,Tennessee Titans,-110.0,-1.0
7dddb296a42e7a41a774b24bd1709ce1,2026-09-07T18:08:19Z,2026-09-13T17:00:00Z,Tennessee Titans,New York Jets,TEN,NYJ,mybookieag,totals,Over,-110.0,39.5
7dddb296a42e7a41a774b24bd1709ce1,2026-09-07T18:08:19Z,2026-09-13T17:00:00Z,Tennessee Titans,New York Jets,TEN,NYJ,mybookieag,totals,Under,-110.0,39.5
95c01d1bb797d6df14824b106c5a9130,2026-09-10T16:55:13Z,2026-09-13T17:00:00Z,Pittsburgh Steelers,Atlanta Falcons,PIT,ATL,draftkings,h2h,Atlanta Falcons,154.0,
95c01d1bb797d6df14824b106c5a9130,2026-09-10T16:55:13Z,2026-09-13T17:00:00Z,Pittsburgh Steelers,Atlanta Falcons,PIT,ATL,draftkings,h2h,Pittsburgh Steelers,-185.0,
95c01d1bb797d6df14824b106c5a9130,2026-09-10T16:55:13Z,2026-09-13T17:00:00Z,Pittsburgh Steelers,Atlanta Falcons,PIT,ATL,draftkings,spreads,Atlanta Falcons,-108.0,3.5
95c01d1bb797d6df14824b106c5a9130,2026-09-10T16:55:13Z,2026-09-13T17:00:00Z,Pittsburgh Steelers,Atlanta Falcons,PIT,ATL,draftkings,spreads,Pittsburgh Steelers,-112.0,-3.5
95c01d1bb797d6df14824b106c5a9130,2026-09-10T16:55:13Z,2026-09-13T17:00:00Z,Pittsburgh Steelers,Atlanta Falcons,PIT,ATL,draftkings,totals,Over,-105.0,42.5
95c01d1bb797d6df14824b106c5a9130,2026-09-10T16:55:13Z,2026-09-13T17:00:00Z,Pittsburgh Steelers,Atlanta Falcons,PIT,ATL,draftkings,totals,Under,-115.0,42.5
95c01d1bb797d6df14824b106c5a9130,2026-09-10T16:55:13Z,2026-09-13T17:00:00Z,Pittsburgh Steelers,Atlanta Falcons,PIT,ATL,betrivers,h2h,Atlanta Falcons,145.0,
95c01d1bb797d6df14824b106c5a9130,2026-09-10T16:55:13Z,2026-09-13T17:00:00Z,Pittsburgh Steelers,Atlanta Falcons,PIT,ATL,betrivers,h2h,Pittsburgh Steelers,-180.0,
95c01d1bb797d6df14824b106c5a9130,2026-09-10T16:55:13Z,2026-09-13T17:00:00Z,Pittsburgh Steelers,Atlanta Falcons,PIT,ATL,betrivers,spreads,Atlanta Falcons,-113.0,3.5
95c01d1bb797d6df14824b106c5a9130,2026-09-10T16:55:13Z,2026-09-13T17:00:00Z,Pittsburgh Steelers,Atlanta Falcons,PIT,ATL,betrivers,spreads,Pittsburgh Steelers,-109.0,-3.5
95c01d1bb797d6df14824b106c5a9130,2026-09-10T16:55:13Z,2026-09-13T17:00:00Z,Pittsburgh Steelers,Atlanta Falcons,PIT,ATL,betrivers,totals,Over,-108.0,41.5
95c01d1bb797d6df14824b106c5a9130,2026-09-10T16:55:13Z,2026-09-13T17:00:00Z,Pittsburgh Steelers,Atlanta Falcons,PIT,ATL,betrivers,totals,Under,-113.0,41.5
95c01d1bb797d6df14824b106c5a9130,2026-09-10T16:55:13Z,2026-09-13T17:00:00Z,Pittsburgh Steelers,Atlanta Falcons,PIT,ATL,betonlineag,h2h,Atlanta Falcons,157.0,
95c01d1bb797d6df14824b106c5a9130,2026-09-10T16:55:13Z,2026-09-13T17:00:00Z,Pittsburgh Steelers,Atlanta Falcons,PIT,ATL,betonlineag,h2h,Pittsburgh Steelers,-180.0,
95c01d1bb797d6df14824b106c5a9130,2026-09-10T16:55:13Z,2026-09-13T17:00:00Z,Pittsburgh Steelers,Atlanta Falcons,PIT,ATL,betonlineag,spreads,Atlanta Falcons,-115.0,3.5
95c01d1bb797d6df14824b106c5a9130,2026-09-10T16:55:13Z,2026-09-13T17:00:00Z,Pittsburgh Steelers,Atlanta Falcons,PIT,ATL,betonlineag,spreads,Pittsburgh Steelers,-105.0,-3.5
95c01d1bb797d6df14824b106c5a9130,2026-09-10T16:55:13Z,2026-09-13T17:00:00Z,Pittsburgh Steelers,Atlanta Falcons,PIT,ATL,betonlineag,totals,Over,-110.0,42.0
95c01d1bb797d6df14824b106c5a9130,2026-09-10T16:55:13Z,2026-09-13T17:00:00Z,Pittsburgh Steelers,Atlanta Falcons,PIT,ATL,betonlineag,totals,Under,-110.0,42.0
95c01d1bb797d6df14824b106c5a9130,2026-09-10T16:55:13Z,2026-09-13T17:00:00Z,Pittsburgh Steelers,Atlanta Falcons,PIT,ATL,fanduel,h2h,Atlanta Falcons,150.0,
95c01d1bb797d6df14824b106c5a9130,2026-09-10T16:55:13Z,2026-09-13T17:00:00Z,Pittsburgh Steelers,Atlanta Falcons,PIT,ATL,fanduel,h2h,Pittsburgh Steelers,-178.0,
95c01d1bb797d6df14824b106c5a9130,2026-09-10T16:55:13Z,2026-09-13T17:00:00Z,Pittsburgh Steelers,Atlanta Falcons,PIT,ATL,fanduel,spreads,Atlanta Falcons,-118.0,3.5
95c01d1bb797d6df14824b106c5a9130,2026-09-10T16:55:13Z,2026-09-13T17:00:00Z,Pittsburgh Steelers,Atlanta Falcons,PIT,ATL,fanduel,spreads,Pittsburgh Steelers,-104.0,-3.5
95c01d1bb797d6df14824b106c5a9130,2026-09-10T16:55:13Z,2026-09-13T17:00:00Z,Pittsburgh Steelers,Atlanta Falcons,PIT,ATL,fanduel,totals,Over,-115.0,41.5
95c01d1bb797d6df14824b106c5a9130,2026-09-10T16:55:13Z,2026-09-13T17:00:00Z,Pittsburgh Steelers,Atlanta Falcons,PIT,ATL,fanduel,totals,Under,-105.0,41.5
95c01d1bb797d6df14824b106c5a9130,2026-09-10T16:55:13Z,2026-09-13T17:00:00Z,Pittsburgh Steelers,Atlanta Falcons,PIT,ATL,lowvig,h2h,Atlanta Falcons,157.0,
95c01d1bb797d6df14824b106c5a9130,2026-09-10T16:55:13Z,2026-09-13T17:00:00Z,Pittsburgh Steelers,Atlanta Falcons,PIT,ATL,lowvig,h2h,Pittsburgh Steelers,-180.0,
95c01d1bb797d6df14824b106c5a9130,2026-09-10T16:55:13Z,2026-09-13T17:00:00Z,Pittsburgh Steelers,Atlanta Falcons,PIT,ATL,lowvig,spreads,Atlanta Falcons,-110.0,3.5
95c01d1bb797d6df14824b106c5a9130,2026-09-10T16:55:13Z,2026-09-13T17:00:00Z,Pittsburgh Steelers,Atlanta Falcons,PIT,ATL,lowvig,spreads,Pittsburgh Steelers,100.0,-3.5
95c01d1bb797d6df14824b106c5a9130,2026-09-10T16:55:13Z,2026-09-13T17:00:00Z,Pittsburgh Steelers,Atlanta Falcons,PIT,ATL,lowvig,totals,Over,-107.0,42.0
95c01d1bb797d6df14824b106c5a9130,2026-09-10T16:55:13Z,2026-09-13T17:00:00Z,Pittsburgh Steelers,Atlanta Falcons,PIT,ATL,lowvig,totals,Under,-107.0,42.0
95c01d1bb797d6df14824b106c5a9130,2026-09-10T16:55:13Z,2026-09-13T17:00:00Z,Pittsburgh Steelers,Atlanta Falcons,PIT,ATL,betus,h2h,Atlanta Falcons,155.0,
95c01d1bb797d6df14824b106c5a9130,2026-09-10T16:55:13Z,2026-09-13T17:00:00Z,Pittsburgh Steelers,Atlanta Falcons,PIT,ATL,betus,h2h,Pittsburgh Steelers,-180.0,
95c01d1bb797d6df14824b106c5a9130,2026-09-10T16:55:13Z,2026-09-13T17:00:00Z,Pittsburgh Steelers,Atlanta Falcons,PIT,ATL,betus,spreads,Atlanta Falcons,-115.0,3.5
95c01d1bb797d6df14824b106c5a9130,2026-09-10T16:55:13Z,2026-09-13T17:00:00Z,Pittsburgh Steelers,Atlanta Falcons,PIT,ATL,betus,spreads,Pittsburgh Steelers,-105.0,-3.5
95c01d1bb797d6df14824b106c5a9130,2026-09-10T16:55:13Z,2026-09-13T17:00:00Z,Pittsburgh Steelers,Atlanta Falcons,PIT,ATL,betus,totals,Over,-110.0,42.5
95c01d1bb797d6df14824b106c5a9130,2026-09-10T16:55:13Z,2026-09-13T17:00:00Z,Pittsburgh Steelers,Atlanta Falcons,PIT,ATL,betus,totals,Under,-110.0,42.5
95c01d1bb797d6df14824b106c5a9130,2026-09-10T16:55:13Z,2026-09-13T17:00:00Z,Pittsburgh Steelers,Atlanta Falcons,PIT,ATL,betmgm,h2h,Atlanta Falcons,155.0,
95c01d1bb797d6df14824b106c5a9130,2026-09-10T16:55:13Z,2026-09-13T17:00:00Z,Pittsburgh Steelers,Atlanta Falcons,PIT,ATL,betmgm,h2h,Pittsburgh Steelers,-190.0,
95c01d1bb797d6df14824b106c5a9130,2026-09-10T16:55:13Z,2026-09-13T17:00:00Z,Pittsburgh Steelers,Atlanta Falcons,PIT,ATL,betmgm,spreads,Atlanta Falcons,-110.0,3.5
95c01d1bb797d6df14824b106c5a9130,2026-09-10T16:55:13Z,2026-09-13T17:00:00Z,Pittsburgh Steelers,Atlanta Falcons,PIT,ATL,betmgm,spreads,Pittsburgh Steelers,-108.0,-3.5
95c01d1bb797d6df14824b106c5a9130,2026-09-10T16:55:13Z,2026-09-13T17:00:00Z,Pittsburgh Steelers,Atlanta Falcons,PIT,ATL,betmgm,totals,Over,-108.0,42.0
95c01d1bb797d6df14824b106c5a9130,2026-09-10T16:55:13Z,2026-09-13T17:00:00Z,Pittsburgh Steelers,Atlanta Falcons,PIT,ATL,betmgm,totals,Under,-110.0,42.0
95c01d1bb797d6df14824b106c5a9130,2026-09-10T16:55:13Z,2026-09-13T17:00:00Z,Pittsburgh Steelers,Atlanta Falcons,PIT,ATL,bovada,h2h,Atlanta Falcons,165.0,
95c01d1bb797d6df14824b106c5a9130,2026-09-10T16:55:13Z,2026-09-13T17:00:00Z,Pittsburgh Steelers,Atlanta Falcons,PIT,ATL,bovada,h2h,Pittsburgh Steelers,-195.0,
95c01d1bb797d6df14824b106c5a9130,2026-09-10T16:55:13Z,2026-09-13T17:00:00Z,Pittsburgh Steelers,Atlanta Falcons,PIT,ATL,bovada,spreads,Atlanta Falcons,-110.0,3.5
95c01d1bb797d6df14824b106c5a9130,2026-09-10T16:55:13Z,2026-09-13T17:00:00Z,Pittsburgh Steelers,Atlanta Falcons,PIT,ATL,bovada,spreads,Pittsburgh Steelers,-110.0,-3.5
95c01d1bb797d6df14824b106c5a9130,2026-09-10T16:55:13Z,2026-09-13T17:00:00Z,Pittsburgh Steelers,Atlanta Falcons,PIT,ATL,bovada,totals,Over,-110.0,42.0
95c01d1bb797d6df14824b106c5a9130,2026-09-10T16:55:13Z,2026-09-13T17:00:00Z,Pittsburgh Steelers,Atlanta Falcons,PIT,ATL,bovada,totals,Under,-110.0,42.0
95c01d1bb797d6df14824b106c5a9130,2026-09-10T16:55:13Z,2026-09-13T17:00:00Z,Pittsburgh Steelers,Atlanta Falcons,PIT,ATL,mybookieag,h2h,Atlanta Falcons,150.0,
95c01d1bb797d6df14824b106c5a9130,2026-09-10T16:55:13Z,2026-09-13T17:00:00Z,Pittsburgh Steelers,Atlanta Falcons,PIT,ATL,mybookieag,h2h,Pittsburgh Steelers,-194.0,
95c01d1bb797d6df14824b106c5a9130,2026-09-10T16:55:13Z,2026-09-13T17:00:00Z,Pittsburgh Steelers,Atlanta Falcons,PIT,ATL,mybookieag,spreads,Atlanta Falcons,-110.0,3.5
95c01d1bb797d6df14824b106c5a9130,2026-09-10T16:55:13Z,2026-09-13T17:00:00Z,Pittsburgh Steelers,Atlanta Falcons,PIT,ATL,mybookieag,spreads,Pittsburgh Steelers,-110.0,-3.5
95c01d1bb797d6df14824b106c5a9130,2026-09-10T16:55:13Z,2026-09-13T17:00:00Z,Pittsburgh Steelers,Atlanta Falcons,PIT,ATL,mybookieag,totals,Over,-110.0,42.0
95c01d1bb797d6df14824b106c5a9130,2026-09-10T16:55:13Z,2026-09-13T17:00:00Z,Pittsburgh Steelers,Atlanta Falcons,PIT,ATL,mybookieag,totals,Under,-110.0,42.0
b6cfdcbafa61ce220ba87dc2d9b80c77,2026-09-10T16:55:13Z,2026-09-13T17:00:00Z,Indianapolis Colts,Baltimore Ravens,IND,BAL,draftkings,h2h,Baltimore Ravens,-175.0,
b6cfdcbafa61ce220ba87dc2d9b80c77,2026-09-10T16:55:13Z,2026-09-13T17:00:00Z,Indianapolis Colts,Baltimore Ravens,IND,BAL,draftkings,h2h,Indianapolis Colts,145.0,
b6cfdcbafa61ce220ba87dc2d9b80c77,2026-09-10T16:55:13Z,2026-09-13T17:00:00Z,Indianapolis Colts,Baltimore Ravens,IND,BAL,draftkings,spreads,Baltimore Ravens,-105.0,-3.5
b6cfdcbafa61ce220ba87dc2d9b80c77,2026-09-10T16:55:13Z,2026-09-13T17:00:00Z,Indianapolis Colts,Baltimore Ravens,IND,BAL,draftkings,spreads,Indianapolis Colts,-115.0,3.5
b6cfdcbafa61ce220ba87dc2d9b80c77,2026-09-10T16:55:13Z,2026-09-13T17:00:00Z,Indianapolis Colts,Baltimore Ravens,IND,BAL,draftkings,totals,Over,-115.0,47.5
b6cfdcbafa61ce220ba87dc2d9b80c77,2026-09-10T16:55:13Z,2026-09-13T17:00:00Z,Indianapolis Colts,Baltimore Ravens,IND,BAL,draftkings,totals,Under,-105.0,47.5
b6cfdcbafa61ce220ba87dc2d9b80c77,2026-09-10T16:55:13Z,2026-09-13T17:00:00Z,Indianapolis Colts,Baltimore Ravens,IND,BAL,betus,h2h,Baltimore Ravens,-175.0,
b6cfdcbafa61ce220ba87dc2d9b80c77,2026-09-10T16:55:13Z,2026-09-13T17:00:00Z,Indianapolis Colts,Baltimore Ravens,IND,BAL,betus,h2h,Indianapolis Colts,150.0,
b6cfdcbafa61ce220ba87dc2d9b80c77,2026-09-10T16:55:13Z,2026-09-13T17:00:00Z,Indianapolis Colts,Baltimore Ravens,IND,BAL,betus,spreads,Baltimore Ravens,100.0,-3.5
b6cfdcbafa61ce220ba87dc2d9b80c77,2026-09-10T16:55:13Z,2026-09-13T17:00:00Z,Indianapolis Colts,Baltimore Ravens,IND,BAL,betus,spreads,Indianapolis Colts,-120.0,3.5
b6cfdcbafa61ce220ba87dc2d9b80c77,2026-09-10T16:55:13Z,2026-09-13T17:00:00Z,Indianapolis Colts,Baltimore Ravens,IND,BAL,betus,totals,Over,-110.0,48.0
b6cfdcbafa61ce220ba87dc2d9b80c77,2026-09-10T16:55:13Z,2026-09-13T17:00:00Z,Indianapolis Colts,Baltimore Ravens,IND,BAL,betus,totals,Under,-110.0,48.0
b6cfdcbafa61ce220ba87dc2d9b80c77,2026-09-10T16:55:13Z,2026-09-13T17:00:00Z,Indianapolis Colts,Baltimore Ravens,IND,BAL,lowvig,h2h,Baltimore Ravens,-175.0,
b6cfdcbafa61ce220ba87dc2d9b80c77,2026-09-10T16:55:13Z,2026-09-13T17:00:00Z,Indianapolis Colts,Baltimore Ravens,IND,BAL,lowvig,h2h,Indianapolis Colts,153.0,
b6cfdcbafa61ce220ba87dc2d9b80c77,2026-09-10T16:55:13Z,2026-09-13T17:00:00Z,Indianapolis Colts,Baltimore Ravens,IND,BAL,lowvig,spreads,Baltimore Ravens,111.0,-3.5
b6cfdcbafa61ce220ba87dc2d9b80c77,2026-09-10T16:55:13Z,2026-09-13T17:00:00Z,Indianapolis Colts,Baltimore Ravens,IND,BAL,lowvig,spreads,Indianapolis Colts,-122.0,3.5
b6cfdcbafa61ce220ba87dc2d9b80c77,2026-09-10T16:55:13Z,2026-09-13T17:00:00Z,Indianapolis Colts,Baltimore Ravens,IND,BAL,lowvig,totals,Over,-102.0,48.0
b6cfdcbafa61ce220ba87dc2d9b80c77,2026-09-10T16:55:13Z,2026-09-13T17:00:00Z,Indianapolis Colts,Baltimore Ravens,IND,BAL,lowvig,totals,Under,-113.0,48.0
b6cfdcbafa61ce220ba87dc2d9b80c77,2026-09-10T16:55:13Z,2026-09-13T17:00:00Z,Indianapolis Colts,Baltimore Ravens,IND,BAL,betrivers,h2h,Baltimore Ravens,-175.0,
b6cfdcbafa61ce220ba87dc2d9b80c77,2026-09-10T16:55:13Z,2026-09-13T17:00:00Z,Indianapolis Colts,Baltimore Ravens,IND,BAL,betrivers,h2h,Indianapolis Colts,140.0,
b6cfdcbafa61ce220ba87dc2d9b80c77,2026-09-10T16:55:13Z,2026-09-13T17:00:00Z,Indianapolis Colts,Baltimore Ravens,IND,BAL,betrivers,spreads,Baltimore Ravens,-107.0,-3.5
b6cfdcbafa61ce220ba87dc2d9b80c77,2026-09-10T16:55:13Z,2026-09-13T17:00:00Z,Indianapolis Colts,Baltimore Ravens,IND,BAL,betrivers,spreads,Indianapolis Colts,-114.0,3.5
b6cfdcbafa61ce220ba87dc2d9b80c77,2026-09-10T16:55:13Z,2026-09-13T17:00:00Z,Indianapolis Colts,Baltimore Ravens,IND,BAL,betrivers,totals,Over,-113.0,47.5
b6cfdcbafa61ce220ba87dc2d9b80c77,2026-09-10T16:55:13Z,2026-09-13T17:00:00Z,Indianapolis Colts,Baltimore Ravens,IND,BAL,betrivers,totals,Under,-108.0,47.5
b6cfdcbafa61ce220ba87dc2d9b80c77,2026-09-10T16:55:13Z,2026-09-13T17:00:00Z,Indianapolis Colts,Baltimore Ravens,IND,BAL,betonlineag,h2h,Baltimore Ravens,-175.0,
b6cfdcbafa61ce220ba87dc2d9b80c77,2026-09-10T16:55:13Z,2026-09-13T17:00:00Z,Indianapolis Colts,Baltimore Ravens,IND,BAL,betonlineag,h2h,Indianapolis Colts,153.0,
b6cfdcbafa61ce220ba87dc2d9b80c77,2026-09-10T16:55:13Z,2026-09-13T17:00:00Z,Indianapolis Colts,Baltimore Ravens,IND,BAL,betonlineag,spreads,Baltimore Ravens,106.0,-3.5
b6cfdcbafa61ce220ba87dc2d9b80c77,2026-09-10T16:55:13Z,2026-09-13T17:00:00Z,Indianapolis Colts,Baltimore Ravens,IND,BAL,betonlineag,spreads,Indianapolis Colts,-126.0,3.5
b6cfdcbafa61ce220ba87dc2d9b80c77,2026-09-10T16:55:13Z,2026-09-13T17:00:00Z,Indianapolis Colts,Baltimore Ravens,IND,BAL,betonlineag,totals,Over,-105.0,48.0
b6cfdcbafa61ce220ba87dc2d9b80c77,2026-09-10T16:55:13Z,2026-09-13T17:00:00Z,Indianapolis Colts,Baltimore Ravens,IND,BAL,betonlineag,totals,Under,-115.0,48.0
b6cfdcbafa61ce220ba87dc2d9b80c77,2026-09-10T16:55:13Z,2026-09-13T17:00:00Z,Indianapolis Colts,Baltimore Ravens,IND,BAL,fanduel,h2h,Baltimore Ravens,-180.0,
b6cfdcbafa61ce220ba87dc2d9b80c77,2026-09-10T16:55:13Z,2026-09-13T17:00:00Z,Indianapolis Colts,Baltimore Ravens,IND,BAL,fanduel,h2h,Indianapolis Colts,152.0,
b6cfdcbafa61ce220ba87dc2d9b80c77,2026-09-10T16:55:13Z,2026-09-13T17:00:00Z,Indianapolis Colts,Baltimore Ravens,IND,BAL,fanduel,spreads,Baltimore Ravens,-104.0,-3.5
b6cfdcbafa61ce220ba87dc2d9b80c77,2026-09-10T16:55:13Z,2026-09-13T17:00:00Z,Indianapolis Colts,Baltimore Ravens,IND,BAL,fanduel,spreads,Indianapolis Colts,-118.0,3.5
b6cfdcbafa61ce220ba87dc2d9b80c77,2026-09-10T16:55:13Z,2026-09-13T17:00:00Z,Indianapolis Colts,Baltimore Ravens,IND,BAL,fanduel,totals,Over,-115.0,47.5
b6cfdcbafa61ce220ba87dc2d9b80c77,2026-09-10T16:55:13Z,2026-09-13T17:00:00Z,Indianapolis Colts,Baltimore Ravens,IND,BAL,fanduel,totals,Under,-105.0,47.5
b6cfdcbafa61ce220ba87dc2d9b80c77,2026-09-10T16:55:13Z,2026-09-13T17:00:00Z,Indianapolis Colts,Baltimore Ravens,IND,BAL,betmgm,h2h,Baltimore Ravens,-190.0,
b6cfdcbafa61ce220ba87dc2d9b80c77,2026-09-10T16:55:13Z,2026-09-13T17:00:00Z,Indianapolis Colts,Baltimore Ravens,IND,BAL,betmgm,h2h,Indianapolis Colts,155.0,
b6cfdcbafa61ce220ba87dc2d9b80c77,2026-09-10T16:55:13Z,2026-09-13T17:00:00Z,Indianapolis Colts,Baltimore Ravens,IND,BAL,betmgm,spreads,Baltimore Ravens,-102.0,-3.5
b6cfdcbafa61ce220ba87dc2d9b80c77,2026-09-10T16:55:13Z,2026-09-13T17:00:00Z,Indianapolis Colts,Baltimore Ravens,IND,BAL,betmgm,spreads,Indianapolis Colts,-118.0,3.5
b6cfdcbafa61ce220ba87dc2d9b80c77,2026-09-10T16:55:13Z,2026-09-13T17:00:00Z,Indianapolis Colts,Baltimore Ravens,IND,BAL,betmgm,totals,Over,-108.0,48.0
b6cfdcbafa61ce220ba87dc2d9b80c77,2026-09-10T16:55:13Z,2026-09-13T17:00:00Z,Indianapolis Colts,Baltimore Ravens,IND,BAL,betmgm,totals,Under,-112.0,48.0
b6cfdcbafa61ce220ba87dc2d9b80c77,2026-09-10T16:55:13Z,2026-09-13T17:00:00Z,Indianapolis Colts,Baltimore Ravens,IND,BAL,bovada,h2h,Baltimore Ravens,-175.0,
b6cfdcbafa61ce220ba87dc2d9b80c77,2026-09-10T16:55:13Z,2026-09-13T17:00:00Z,Indianapolis Colts,Baltimore Ravens,IND,BAL,bovada,h2h,Indianapolis Colts,150.0,
b6cfdcbafa61ce220ba87dc2d9b80c77,2026-09-10T16:55:13Z,2026-09-13T17:00:00Z,Indianapolis Colts,Baltimore Ravens,IND,BAL,bovada,spreads,Baltimore Ravens,-120.0,-3.0
b6cfdcbafa61ce220ba87dc2d9b80c77,2026-09-10T16:55:13Z,2026-09-13T17:00:00Z,Indianapolis Colts,Baltimore Ravens,IND,BAL,bovada,spreads,Indianapolis Colts,100.0,3.0
b6cfdcbafa61ce220ba87dc2d9b80c77,2026-09-10T16:55:13Z,2026-09-13T17:00:00Z,Indianapolis Colts,Baltimore Ravens,IND,BAL,bovada,totals,Over,-105.0,48.0
b6cfdcbafa61ce220ba87dc2d9b80c77,2026-09-10T16:55:13Z,2026-09-13T17:00:00Z,Indianapolis Colts,Baltimore Ravens,IND,BAL,bovada,totals,Under,-115.0,48.0
b6cfdcbafa61ce220ba87dc2d9b80c77,2026-09-10T16:55:13Z,2026-09-13T17:00:00Z,Indianapolis Colts,Baltimore Ravens,IND,BAL,mybookieag,h2h,Baltimore Ravens,-183.0,
b6cfdcbafa61ce220ba87dc2d9b80c77,2026-09-10T16:55:13Z,2026-09-13T17:00:00Z,Indianapolis Colts,Baltimore Ravens,IND,BAL,mybookieag,h2h,Indianapolis Colts,142.0,
b6cfdcbafa61ce220ba87dc2d9b80c77,2026-09-10T16:55:13Z,2026-09-13T17:00:00Z,Indianapolis Colts,Baltimore Ravens,IND,BAL,mybookieag,spreads,Baltimore Ravens,100.0,-3.5
b6cfdcbafa61ce220ba87dc2d9b80c77,2026-09-10T16:55:13Z,2026-09-13T17:00:00Z,Indianapolis Colts,Baltimore Ravens,IND,BAL,mybookieag,spreads,Indianapolis Colts,-120.0,3.5
b6cfdcbafa61ce220ba87dc2d9b80c77,2026-09-10T16:55:13Z,2026-09-13T17:00:00Z,Indianapolis Colts,Baltimore Ravens,IND,BAL,mybookieag,totals,Over,-110.0,48.0
b6cfdcbafa61ce220ba87dc2d9b80c77,2026-09-10T16:55:13Z,2026-09-13T17:00:00Z,Indianapolis Colts,Baltimore Ravens,IND,BAL,mybookieag,totals,Under,-110.0,48.0
7e09efed7e12c659b82740b67ce2f9a1,2026-09-10T16:55:13Z,2026-09-13T17:00:00Z,Houston Texans,Buffalo Bills,HOU,BUF,draftkings,h2h,Buffalo Bills,-120.0,
7e09efed7e12c659b82740b67ce2f9a1,2026-09-10T16:55:13Z,2026-09-13T17:00:00Z,Houston Texans,Buffalo Bills,HOU,BUF,draftkings,h2h,Houston Texans,100.0,
7e09efed7e12c659b82740b67ce2f9a1,2026-09-10T16:55:13Z,2026-09-13T17:00:00Z,Houston Texans,Buffalo Bills,HOU,BUF,draftkings,spreads,Buffalo Bills,-108.0,-1.5
7e09efed7e12c659b82740b67ce2f9a1,2026-09-10T16:55:13Z,2026-09-13T17:00:00Z,Houston Texans,Buffalo Bills,HOU,BUF,draftkings,spreads,Houston Texans,-112.0,1.5
7e09efed7e12c659b82740b67ce2f9a1,2026-09-10T16:55:13Z,2026-09-13T17:00:00Z,Houston Texans,Buffalo Bills,HOU,BUF,draftkings,totals,Over,-115.0,44.5
7e09efed7e12c659b82740b67ce2f9a1,2026-09-10T16:55:13Z,2026-09-13T17:00:00Z,Houston Texans,Buffalo Bills,HOU,BUF,draftkings,totals,Under,-105.0,44.5
7e09efed7e12c659b82740b67ce2f9a1,2026-09-10T16:55:13Z,2026-09-13T17:00:00Z,Houston Texans,Buffalo Bills,HOU,BUF,betus,spreads,Buffalo Bills,-120.0,0.0
7e09efed7e12c659b82740b67ce2f9a1,2026-09-10T16:55:13Z,2026-09-13T17:00:00Z,Houston Texans,Buffalo Bills,HOU,BUF,betus,spreads,Houston Texans,100.0,0.0
7e09efed7e12c659b82740b67ce2f9a1,2026-09-10T16:55:13Z,2026-09-13T17:00:00Z,Houston Texans,Buffalo Bills,HOU,BUF,betus,totals,Over,-110.0,45.0
7e09efed7e12c659b82740b67ce2f9a1,2026-09-10T16:55:13Z,2026-09-13T17:00:00Z,Houston Texans,Buffalo Bills,HOU,BUF,betus,totals,Under,-110.0,45.0
7e09efed7e12c659b82740b67ce2f9a1,2026-09-10T16:55:13Z,2026-09-13T17:00:00Z,Houston Texans,Buffalo Bills,HOU,BUF,lowvig,h2h,Buffalo Bills,-121.0,
7e09efed7e12c659b82740b67ce2f9a1,2026-09-10T16:55:13Z,2026-09-13T17:00:00Z,Houston Texans,Buffalo Bills,HOU,BUF,lowvig,h2h,Houston Texans,101.0,
7e09efed7e12c659b82740b67ce2f9a1,2026-09-10T16:55:13Z,2026-09-13T17:00:00Z,Houston Texans,Buffalo Bills,HOU,BUF,lowvig,spreads,Buffalo Bills,-110.0,-1.0
7e09efed7e12c659b82740b67ce2f9a1,2026-09-10T16:55:13Z,2026-09-13T17:00:00Z,Houston Texans,Buffalo Bills,HOU,BUF,lowvig,spreads,Houston Texans,100.0,1.0
7e09efed7e12c659b82740b67ce2f9a1,2026-09-10T16:55:13Z,2026-09-13T17:00:00Z,Houston Texans,Buffalo Bills,HOU,BUF,lowvig,totals,Over,-107.0,45.0
7e09efed7e12c659b82740b67ce2f9a1,2026-09-10T16:55:13Z,2026-09-13T17:00:00Z,Houston Texans,Buffalo Bills,HOU,BUF,lowvig,totals,Under,-107.0,45.0
7e09efed7e12c659b82740b67ce2f9a1,2026-09-10T16:55:13Z,2026-09-13T17:00:00Z,Houston Texans,Buffalo Bills,HOU,BUF,betrivers,h2h,Buffalo Bills,-118.0,
7e09efed7e12c659b82740b67ce2f9a1,2026-09-10T16:55:13Z,2026-09-13T17:00:00Z,Houston Texans,Buffalo Bills,HOU,BUF,betrivers,h2h,Houston Texans,-104.0,
7e09efed7e12c659b82740b67ce2f9a1,2026-09-10T16:55:13Z,2026-09-13T17:00:00Z,Houston Texans,Buffalo Bills,HOU,BUF,betrivers,spreads,Buffalo Bills,-110.0,-1.0
7e09efed7e12c659b82740b67ce2f9a1,2026-09-10T16:55:13Z,2026-09-13T17:00:00Z,Houston Texans,Buffalo Bills,HOU,BUF,betrivers,spreads,Houston Texans,-110.0,1.0
7e09efed7e12c659b82740b67ce2f9a1,2026-09-10T16:55:13Z,2026-09-13T17:00:00Z,Houston Texans,Buffalo Bills,HOU,BUF,betrivers,totals,Over,-110.0,44.5
7e09efed7e12c659b82740b67ce2f9a1,2026-09-10T16:55:13Z,2026-09-13T17:00:00Z,Houston Texans,Buffalo Bills,HOU,BUF,betrivers,totals,Under,-110.0,44.5
7e09efed7e12c659b82740b67ce2f9a1,2026-09-10T16:55:13Z,2026-09-13T17:00:00Z,Houston Texans,Buffalo Bills,HOU,BUF,betonlineag,h2h,Buffalo Bills,-121.0,
7e09efed7e12c659b82740b67ce2f9a1,2026-09-10T16:55:13Z,2026-09-13T17:00:00Z,Houston Texans,Buffalo Bills,HOU,BUF,betonlineag,h2h,Houston Texans,101.0,
7e09efed7e12c659b82740b67ce2f9a1,2026-09-10T16:55:13Z,2026-09-13T17:00:00Z,Houston Texans,Buffalo Bills,HOU,BUF,betonlineag,spreads,Buffalo Bills,-115.0,-1.0
7e09efed7e12c659b82740b67ce2f9a1,2026-09-10T16:55:13Z,2026-09-13T17:00:00Z,Houston Texans,Buffalo Bills,HOU,BUF,betonlineag,spreads,Houston Texans,-105.0,1.0
7e09efed7e12c659b82740b67ce2f9a1,2026-09-10T16:55:13Z,2026-09-13T17:00:00Z,Houston Texans,Buffalo Bills,HOU,BUF,betonlineag,totals,Over,-110.0,45.0
7e09efed7e12c659b82740b67ce2f9a1,2026-09-10T16:55:13Z,2026-09-13T17:00:00Z,Houston Texans,Buffalo Bills,HOU,BUF,betonlineag,totals,Under,-110.0,45.0
7e09efed7e12c659b82740b67ce2f9a1,2026-09-10T16:55:13Z,2026-09-13T17:00:00Z,Houston Texans,Buffalo Bills,HOU,BUF,fanduel,h2h,Buffalo Bills,-118.0,
7e09efed7e12c659b82740b67ce2f9a1,2026-09-10T16:55:13Z,2026-09-13T17:00:00Z,Houston Texans,Buffalo Bills,HOU,BUF,fanduel,h2h,Houston Texans,100.0,
7e09efed7e12c659b82740b67ce2f9a1,2026-09-10T16:55:13Z,2026-09-13T17:00:00Z,Houston Texans,Buffalo Bills,HOU,BUF,fanduel,spreads,Buffalo Bills,-106.0,-1.5
7e09efed7e12c659b82740b67ce2f9a1,2026-09-10T16:55:13Z,2026-09-13T17:00:00Z,Houston Texans,Buffalo Bills,HOU,BUF,fanduel,spreads,Houston Texans,-114.0,1.5
7e09efed7e12c659b82740b67ce2f9a1,2026-09-10T16:55:13Z,2026-09-13T17:00:00Z,Houston Texans,Buffalo Bills,HOU,BUF,fanduel,totals,Over,-118.0,44.5
7e09efed7e12c659b82740b67ce2f9a1,2026-09-10T16:55:13Z,2026-09-13T17:00:00Z,Houston Texans,Buffalo Bills,HOU,BUF,fanduel,totals,Under,-104.0,44.5
7e09efed7e12c659b82740b67ce2f9a1,2026-09-10T16:55:13Z,2026-09-13T17:00:00Z,Houston Texans,Buffalo Bills,HOU,BUF,betmgm,h2h,Buffalo Bills,-120.0,
7e09efed7e12c659b82740b67ce2f9a1,2026-09-10T16:55:13Z,2026-09-13T17:00:00Z,Houston Texans,Buffalo Bills,HOU,BUF,betmgm,h2h,Houston Texans,105.0,
7e09efed7e12c659b82740b67ce2f9a1,2026-09-10T16:55:13Z,2026-09-13T17:00:00Z,Houston Texans,Buffalo Bills,HOU,BUF,betmgm,spreads,Buffalo Bills,-108.0,-1.5
7e09efed7e12c659b82740b67ce2f9a1,2026-09-10T16:55:13Z,2026-09-13T17:00:00Z,Houston Texans,Buffalo Bills,HOU,BUF,betmgm,spreads,Houston Texans,-110.0,1.5
7e09efed7e12c659b82740b67ce2f9a1,2026-09-10T16:55:13Z,2026-09-13T17:00:00Z,Houston Texans,Buffalo Bills,HOU,BUF,betmgm,totals,Over,-110.0,44.5
7e09efed7e12c659b82740b67ce2f9a1,2026-09-10T16:55:13Z,2026-09-13T17:00:00Z,Houston Texans,Buffalo Bills,HOU,BUF,betmgm,totals,Under,-108.0,44.5
7e09efed7e12c659b82740b67ce2f9a1,2026-09-10T16:55:13Z,2026-09-13T17:00:00Z,Houston Texans,Buffalo Bills,HOU,BUF,bovada,h2h,Buffalo Bills,-125.0,
7e09efed7e12c659b82740b67ce2f9a1,2026-09-10T16:55:13Z,2026-09-13T17:00:00Z,Houston Texans,Buffalo Bills,HOU,BUF,bovada,h2h,Houston Texans,105.0,
7e09efed7e12c659b82740b67ce2f9a1,2026-09-10T16:55:13Z,2026-09-13T17:00:00Z,Houston Texans,Buffalo Bills,HOU,BUF,bovada,spreads,Buffalo Bills,-110.0,-1.5
7e09efed7e12c659b82740b67ce2f9a1,2026-09-10T16:55:13Z,2026-09-13T17:00:00Z,Houston Texans,Buffalo Bills,HOU,BUF,bovada,spreads,Houston Texans,-110.0,1.5
7e09efed7e12c659b82740b67ce2f9a1,2026-09-10T16:55:13Z,2026-09-13T17:00:00Z,Houston Texans,Buffalo Bills,HOU,BUF,bovada,totals,Over,-105.0,45.0
7e09efed7e12c659b82740b67ce2f9a1,2026-09-10T16:55:13Z,2026-09-13T17:00:00Z,Houston Texans,Buffalo Bills,HOU,BUF,bovada,totals,Under,-115.0,45.0
7e09efed7e12c659b82740b67ce2f9a1,2026-09-10T16:55:13Z,2026-09-13T17:00:00Z,Houston Texans,Buffalo Bills,HOU,BUF,mybookieag,h2h,Buffalo Bills,-123.0,
7e09efed7e12c659b82740b67ce2f9a1,2026-09-10T16:55:13Z,2026-09-13T17:00:00Z,Houston Texans,Buffalo Bills,HOU,BUF,mybookieag,h2h,Houston Texans,-104.0,
7e09efed7e12c659b82740b67ce2f9a1,2026-09-10T16:55:13Z,2026-09-13T17:00:00Z,Houston Texans,Buffalo Bills,HOU,BUF,mybookieag,spreads,Buffalo Bills,-110.0,-1.5
7e09efed7e12c659b82740b67ce2f9a1,2026-09-10T16:55:13Z,2026-09-13T17:00:00Z,Houston Texans,Buffalo Bills,HOU,BUF,mybookieag,spreads,Houston Texans,-110.0,1.5
7e09efed7e12c659b82740b67ce2f9a1,2026-09-10T16:55:13Z,2026-09-13T17:00:00Z,Houston Texans,Buffalo Bills,HOU,BUF,mybookieag,totals,Over,-110.0,45.0
7e09efed7e12c659b82740b67ce2f9a1,2026-09-10T16:55:13Z,2026-09-13T17:00:00Z,Houston Texans,Buffalo Bills,HOU,BUF,mybookieag,totals,Under,-110.0,45.0
fc362aff0d889ec52d358307a70c32ed,2026-09-10T16:55:13Z,2026-09-13T17:00:00Z,Carolina Panthers,Chicago Bears,CAR,CHI,draftkings,h2h,Carolina Panthers,136.0,
fc362aff0d889ec52d358307a70c32ed,2026-09-10T16:55:13Z,2026-09-13T17:00:00Z,Carolina Panthers,Chicago Bears,CAR,CHI,draftkings,h2h,Chicago Bears,-162.0,
fc362aff0d889ec52d358307a70c32ed,2026-09-10T16:55:13Z,2026-09-13T17:00:00Z,Carolina Panthers,Chicago Bears,CAR,CHI,draftkings,spreads,Carolina Panthers,-102.0,3.0
fc362aff0d889ec52d358307a70c32ed,2026-09-10T16:55:13Z,2026-09-13T17:00:00Z,Carolina Panthers,Chicago Bears,CAR,CHI,draftkings,spreads,Chicago Bears,-118.0,-3.0
fc362aff0d889ec52d358307a70c32ed,2026-09-10T16:55:13Z,2026-09-13T17:00:00Z,Carolina Panthers,Chicago Bears,CAR,CHI,draftkings,totals,Over,-115.0,46.5
fc362aff0d889ec52d358307a70c32ed,2026-09-10T16:55:13Z,2026-09-13T17:00:00Z,Carolina Panthers,Chicago Bears,CAR,CHI,draftkings,totals,Under,-105.0,46.5
fc362aff0d889ec52d358307a70c32ed,2026-09-10T16:55:13Z,2026-09-13T17:00:00Z,Carolina Panthers,Chicago Bears,CAR,CHI,fanduel,h2h,Carolina Panthers,138.0,
fc362aff0d889ec52d358307a70c32ed,2026-09-10T16:55:13Z,2026-09-13T17:00:00Z,Carolina Panthers,Chicago Bears,CAR,CHI,fanduel,h2h,Chicago Bears,-164.0,
fc362aff0d889ec52d358307a70c32ed,2026-09-10T16:55:13Z,2026-09-13T17:00:00Z,Carolina Panthers,Chicago Bears,CAR,CHI,fanduel,spreads,Carolina Panthers,-114.0,3.0
fc362aff0d889ec52d358307a70c32ed,2026-09-10T16:55:13Z,2026-09-13T17:00:00Z,Carolina Panthers,Chicago Bears,CAR,CHI,fanduel,spreads,Chicago Bears,-106.0,-3.0
fc362aff0d889ec52d358307a70c32ed,2026-09-10T16:55:13Z,2026-09-13T17:00:00Z,Carolina Panthers,Chicago Bears,CAR,CHI,fanduel,totals,Over,-102.0,47.5
fc362aff0d889ec52d358307a70c32ed,2026-09-10T16:55:13Z,2026-09-13T17:00:00Z,Carolina Panthers,Chicago Bears,CAR,CHI,fanduel,totals,Under,-120.0,47.5
fc362aff0d889ec52d358307a70c32ed,2026-09-10T16:55:13Z,2026-09-13T17:00:00Z,Carolina Panthers,Chicago Bears,CAR,CHI,lowvig,h2h,Carolina Panthers,145.0,
fc362aff0d889ec52d358307a70c32ed,2026-09-10T16:55:13Z,2026-09-13T17:00:00Z,Carolina Panthers,Chicago Bears,CAR,CHI,lowvig,h2h,Chicago Bears,-165.0,
fc362aff0d889ec52d358307a70c32ed,2026-09-10T16:55:13Z,2026-09-13T17:00:00Z,Carolina Panthers,Chicago Bears,CAR,CHI,lowvig,spreads,Carolina Panthers,-105.0,3.0
fc362aff0d889ec52d358307a70c32ed,2026-09-10T16:55:13Z,2026-09-13T17:00:00Z,Carolina Panthers,Chicago Bears,CAR,CHI,lowvig,spreads,Chicago Bears,-105.0,-3.0
fc362aff0d889ec52d358307a70c32ed,2026-09-10T16:55:13Z,2026-09-13T17:00:00Z,Carolina Panthers,Chicago Bears,CAR,CHI,lowvig,totals,Over,-107.0,47.0
fc362aff0d889ec52d358307a70c32ed,2026-09-10T16:55:13Z,2026-09-13T17:00:00Z,Carolina Panthers,Chicago Bears,CAR,CHI,lowvig,totals,Under,-107.0,47.0
fc362aff0d889ec52d358307a70c32ed,2026-09-10T16:55:13Z,2026-09-13T17:00:00Z,Carolina Panthers,Chicago Bears,CAR,CHI,betus,h2h,Carolina Panthers,146.0,
fc362aff0d889ec52d358307a70c32ed,2026-09-10T16:55:13Z,2026-09-13T17:00:00Z,Carolina Panthers,Chicago Bears,CAR,CHI,betus,h2h,Chicago Bears,-170.0,
fc362aff0d889ec52d358307a70c32ed,2026-09-10T16:55:13Z,2026-09-13T17:00:00Z,Carolina Panthers,Chicago Bears,CAR,CHI,betus,spreads,Carolina Panthers,-105.0,3.0
fc362aff0d889ec52d358307a70c32ed,2026-09-10T16:55:13Z,2026-09-13T17:00:00Z,Carolina Panthers,Chicago Bears,CAR,CHI,betus,spreads,Chicago Bears,-115.0,-3.0
fc362aff0d889ec52d358307a70c32ed,2026-09-10T16:55:13Z,2026-09-13T17:00:00Z,Carolina Panthers,Chicago Bears,CAR,CHI,betus,totals,Over,-110.0,47.0
fc362aff0d889ec52d358307a70c32ed,2026-09-10T16:55:13Z,2026-09-13T17:00:00Z,Carolina Panthers,Chicago Bears,CAR,CHI,betus,totals,Under,-110.0,47.0
fc362aff0d889ec52d358307a70c32ed,2026-09-10T16:55:13Z,2026-09-13T17:00:00Z,Carolina Panthers,Chicago Bears,CAR,CHI,betonlineag,h2h,Carolina Panthers,145.0,
fc362aff0d889ec52d358307a70c32ed,2026-09-10T16:55:13Z,2026-09-13T17:00:00Z,Carolina Panthers,Chicago Bears,CAR,CHI,betonlineag,h2h,Chicago Bears,-165.0,
fc362aff0d889ec52d358307a70c32ed,2026-09-10T16:55:13Z,2026-09-13T17:00:00Z,Carolina Panthers,Chicago Bears,CAR,CHI,betonlineag,spreads,Carolina Panthers,-110.0,3.0
fc362aff0d889ec52d358307a70c32ed,2026-09-10T16:55:13Z,2026-09-13T17:00:00Z,Carolina Panthers,Chicago Bears,CAR,CHI,betonlineag,spreads,Chicago Bears,-110.0,-3.0
fc362aff0d889ec52d358307a70c32ed,2026-09-10T16:55:13Z,2026-09-13T17:00:00Z,Carolina Panthers,Chicago Bears,CAR,CHI,betonlineag,totals,Over,-110.0,47.0
fc362aff0d889ec52d358307a70c32ed,2026-09-10T16:55:13Z,2026-09-13T17:00:00Z,Carolina Panthers,Chicago Bears,CAR,CHI,betonlineag,totals,Under,-110.0,47.0
fc362aff0d889ec52d358307a70c32ed,2026-09-10T16:55:13Z,2026-09-13T17:00:00Z,Carolina Panthers,Chicago Bears,CAR,CHI,betrivers,h2h,Carolina Panthers,140.0,
fc362aff0d889ec52d358307a70c32ed,2026-09-10T16:55:13Z,2026-09-13T17:00:00Z,Carolina Panthers,Chicago Bears,CAR,CHI,betrivers,h2h,Chicago Bears,-175.0,
fc362aff0d889ec52d358307a70c32ed,2026-09-10T16:55:13Z,2026-09-13T17:00:00Z,Carolina Panthers,Chicago Bears,CAR,CHI,betrivers,spreads,Carolina Panthers,-113.0,3.0
fc362aff0d889ec52d358307a70c32ed,2026-09-10T16:55:13Z,2026-09-13T17:00:00Z,Carolina Panthers,Chicago Bears,CAR,CHI,betrivers,spreads,Chicago Bears,-108.0,-3.0
fc362aff0d889ec52d358307a70c32ed,2026-09-10T16:55:13Z,2026-09-13T17:00:00Z,Carolina Panthers,Chicago Bears,CAR,CHI,betrivers,totals,Over,-112.0,47.0
fc362aff0d889ec52d358307a70c32ed,2026-09-10T16:55:13Z,2026-09-13T17:00:00Z,Carolina Panthers,Chicago Bears,CAR,CHI,betrivers,totals,Under,-109.0,47.0
fc362aff0d889ec52d358307a70c32ed,2026-09-10T16:55:13Z,2026-09-13T17:00:00Z,Carolina Panthers,Chicago Bears,CAR,CHI,betmgm,h2h,Carolina Panthers,140.0,
fc362aff0d889ec52d358307a70c32ed,2026-09-10T16:55:13Z,2026-09-13T17:00:00Z,Carolina Panthers,Chicago Bears,CAR,CHI,betmgm,h2h,Chicago Bears,-165.0,
fc362aff0d889ec52d358307a70c32ed,2026-09-10T16:55:13Z,2026-09-13T17:00:00Z,Carolina Panthers,Chicago Bears,CAR,CHI,betmgm,spreads,Carolina Panthers,-102.0,3.0
fc362aff0d889ec52d358307a70c32ed,2026-09-10T16:55:13Z,2026-09-13T17:00:00Z,Carolina Panthers,Chicago Bears,CAR,CHI,betmgm,spreads,Chicago Bears,-115.0,-3.0
fc362aff0d889ec52d358307a70c32ed,2026-09-10T16:55:13Z,2026-09-13T17:00:00Z,Carolina Panthers,Chicago Bears,CAR,CHI,betmgm,totals,Over,-108.0,47.0
fc362aff0d889ec52d358307a70c32ed,2026-09-10T16:55:13Z,2026-09-13T17:00:00Z,Carolina Panthers,Chicago Bears,CAR,CHI,betmgm,totals,Under,-110.0,47.0
fc362aff0d889ec52d358307a70c32ed,2026-09-10T16:55:13Z,2026-09-13T17:00:00Z,Carolina Panthers,Chicago Bears,CAR,CHI,bovada,h2h,Carolina Panthers,145.0,
fc362aff0d889ec52d358307a70c32ed,2026-09-10T16:55:13Z,2026-09-13T17:00:00Z,Carolina Panthers,Chicago Bears,CAR,CHI,bovada,h2h,Chicago Bears,-170.0,
fc362aff0d889ec52d358307a70c32ed,2026-09-10T16:55:13Z,2026-09-13T17:00:00Z,Carolina Panthers,Chicago Bears,CAR,CHI,bovada,spreads,Carolina Panthers,-110.0,3.0
fc362aff0d889ec52d358307a70c32ed,2026-09-10T16:55:13Z,2026-09-13T17:00:00Z,Carolina Panthers,Chicago Bears,CAR,CHI,bovada,spreads,Chicago Bears,-110.0,-3.0
fc362aff0d889ec52d358307a70c32ed,2026-09-10T16:55:13Z,2026-09-13T17:00:00Z,Carolina Panthers,Chicago Bears,CAR,CHI,bovada,totals,Over,-110.0,47.0
fc362aff0d889ec52d358307a70c32ed,2026-09-10T16:55:13Z,2026-09-13T17:00:00Z,Carolina Panthers,Chicago Bears,CAR,CHI,bovada,totals,Under,-110.0,47.0
fc362aff0d889ec52d358307a70c32ed,2026-09-10T16:55:13Z,2026-09-13T17:00:00Z,Carolina Panthers,Chicago Bears,CAR,CHI,mybookieag,h2h,Carolina Panthers,135.0,
fc362aff0d889ec52d358307a70c32ed,2026-09-10T16:55:13Z,2026-09-13T17:00:00Z,Carolina Panthers,Chicago Bears,CAR,CHI,mybookieag,h2h,Chicago Bears,-173.0,
fc362aff0d889ec52d358307a70c32ed,2026-09-10T16:55:13Z,2026-09-13T17:00:00Z,Carolina Panthers,Chicago Bears,CAR,CHI,mybookieag,spreads,Carolina Panthers,-110.0,3.0
fc362aff0d889ec52d358307a70c32ed,2026-09-10T16:55:13Z,2026-09-13T17:00:00Z,Carolina Panthers,Chicago Bears,CAR,CHI,mybookieag,spreads,Chicago Bears,-110.0,-3.0
fc362aff0d889ec52d358307a70c32ed,2026-09-10T16:55:13Z,2026-09-13T17:00:00Z,Carolina Panthers,Chicago Bears,CAR,CHI,mybookieag,totals,Over,-110.0,47.0
fc362aff0d889ec52d358307a70c32ed,2026-09-10T16:55:13Z,2026-09-13T17:00:00Z,Carolina Panthers,Chicago Bears,CAR,CHI,mybookieag,totals,Under,-110.0,47.0
ed6d24ff979f9c71979fead577b0b3f7,2026-09-10T16:55:13Z,2026-09-13T17:00:00Z,Cincinnati Bengals,Tampa Bay Buccaneers,CIN,TB,draftkings,h2h,Cincinnati Bengals,-198.0,
ed6d24ff979f9c71979fead577b0b3f7,2026-09-10T16:55:13Z,2026-09-13T17:00:00Z,Cincinnati Bengals,Tampa Bay Buccaneers,CIN,TB,draftkings,h2h,Tampa Bay Buccaneers,164.0,
ed6d24ff979f9c71979fead577b0b3f7,2026-09-10T16:55:13Z,2026-09-13T17:00:00Z,Cincinnati Bengals,Tampa Bay Buccaneers,CIN,TB,draftkings,spreads,Cincinnati Bengals,-112.0,-3.5
ed6d24ff979f9c71979fead577b0b3f7,2026-09-10T16:55:13Z,2026-09-13T17:00:00Z,Cincinnati Bengals,Tampa Bay Buccaneers,CIN,TB,draftkings,spreads,Tampa Bay Buccaneers,-108.0,3.5
ed6d24ff979f9c71979fead577b0b3f7,2026-09-10T16:55:13Z,2026-09-13T17:00:00Z,Cincinnati Bengals,Tampa Bay Buccaneers,CIN,TB,draftkings,totals,Over,-108.0,50.5
ed6d24ff979f9c71979fead577b0b3f7,2026-09-10T16:55:13Z,2026-09-13T17:00:00Z,Cincinnati Bengals,Tampa Bay Buccaneers,CIN,TB,draftkings,totals,Under,-112.0,50.5
ed6d24ff979f9c71979fead577b0b3f7,2026-09-10T16:55:13Z,2026-09-13T17:00:00Z,Cincinnati Bengals,Tampa Bay Buccaneers,CIN,TB,fanduel,h2h,Cincinnati Bengals,-200.0,
ed6d24ff979f9c71979fead577b0b3f7,2026-09-10T16:55:13Z,2026-09-13T17:00:00Z,Cincinnati Bengals,Tampa Bay Buccaneers,CIN,TB,fanduel,h2h,Tampa Bay Buccaneers,168.0,
ed6d24ff979f9c71979fead577b0b3f7,2026-09-10T16:55:13Z,2026-09-13T17:00:00Z,Cincinnati Bengals,Tampa Bay Buccaneers,CIN,TB,fanduel,spreads,Cincinnati Bengals,-115.0,-3.5
ed6d24ff979f9c71979fead577b0b3f7,2026-09-10T16:55:13Z,2026-09-13T17:00:00Z,Cincinnati Bengals,Tampa Bay Buccaneers,CIN,TB,fanduel,spreads,Tampa Bay Buccaneers,-105.0,3.5
ed6d24ff979f9c71979fead577b0b3f7,2026-09-10T16:55:13Z,2026-09-13T17:00:00Z,Cincinnati Bengals,Tampa Bay Buccaneers,CIN,TB,fanduel,totals,Over,-112.0,50.5
ed6d24ff979f9c71979fead577b0b3f7,2026-09-10T16:55:13Z,2026-09-13T17:00:00Z,Cincinnati Bengals,Tampa Bay Buccaneers,CIN,TB,fanduel,totals,Under,-108.0,50.5
ed6d24ff979f9c71979fead577b0b3f7,2026-09-10T16:55:13Z,2026-09-13T17:00:00Z,Cincinnati Bengals,Tampa Bay Buccaneers,CIN,TB,lowvig,h2h,Cincinnati Bengals,-200.0,
ed6d24ff979f9c71979fead577b0b3f7,2026-09-10T16:55:13Z,2026-09-13T17:00:00Z,Cincinnati Bengals,Tampa Bay Buccaneers,CIN,TB,lowvig,h2h,Tampa Bay Buccaneers,174.0,
ed6d24ff979f9c71979fead577b0b3f7,2026-09-10T16:55:13Z,2026-09-13T17:00:00Z,Cincinnati Bengals,Tampa Bay Buccaneers,CIN,TB,lowvig,spreads,Cincinnati Bengals,100.0,-4.0
ed6d24ff979f9c71979fead577b0b3f7,2026-09-10T16:55:13Z,2026-09-13T17:00:00Z,Cincinnati Bengals,Tampa Bay Buccaneers,CIN,TB,lowvig,spreads,Tampa Bay Buccaneers,-110.0,4.0
ed6d24ff979f9c71979fead577b0b3f7,2026-09-10T16:55:13Z,2026-09-13T17:00:00Z,Cincinnati Bengals,Tampa Bay Buccaneers,CIN,TB,lowvig,totals,Over,-102.0,50.5
ed6d24ff979f9c71979fead577b0b3f7,2026-09-10T16:55:13Z,2026-09-13T17:00:00Z,Cincinnati Bengals,Tampa Bay Buccaneers,CIN,TB,lowvig,totals,Under,-113.0,50.5
ed6d24ff979f9c71979fead577b0b3f7,2026-09-10T16:55:13Z,2026-09-13T17:00:00Z,Cincinnati Bengals,Tampa Bay Buccaneers,CIN,TB,betus,h2h,Cincinnati Bengals,-200.0,
ed6d24ff979f9c71979fead577b0b3f7,2026-09-10T16:55:13Z,2026-09-13T17:00:00Z,Cincinnati Bengals,Tampa Bay Buccaneers,CIN,TB,betus,h2h,Tampa Bay Buccaneers,170.0,
ed6d24ff979f9c71979fead577b0b3f7,2026-09-10T16:55:13Z,2026-09-13T17:00:00Z,Cincinnati Bengals,Tampa Bay Buccaneers,CIN,TB,betus,spreads,Cincinnati Bengals,-110.0,-3.5
ed6d24ff979f9c71979fead577b0b3f7,2026-09-10T16:55:13Z,2026-09-13T17:00:00Z,Cincinnati Bengals,Tampa Bay Buccaneers,CIN,TB,betus,spreads,Tampa Bay Buccaneers,-110.0,3.5
ed6d24ff979f9c71979fead577b0b3f7,2026-09-10T16:55:13Z,2026-09-13T17:00:00Z,Cincinnati Bengals,Tampa Bay Buccaneers,CIN,TB,betus,totals,Over,-105.0,50.5
ed6d24ff979f9c71979fead577b0b3f7,2026-09-10T16:55:13Z,2026-09-13T17:00:00Z,Cincinnati Bengals,Tampa Bay Buccaneers,CIN,TB,betus,totals,Under,-115.0,50.5
ed6d24ff979f9c71979fead577b0b3f7,2026-09-10T16:55:13Z,2026-09-13T17:00:00Z,Cincinnati Bengals,Tampa Bay Buccaneers,CIN,TB,betonlineag,h2h,Cincinnati Bengals,-200.0,
ed6d24ff979f9c71979fead577b0b3f7,2026-09-10T16:55:13Z,2026-09-13T17:00:00Z,Cincinnati Bengals,Tampa Bay Buccaneers,CIN,TB,betonlineag,h2h,Tampa Bay Buccaneers,174.0,
ed6d24ff979f9c71979fead577b0b3f7,2026-09-10T16:55:13Z,2026-09-13T17:00:00Z,Cincinnati Bengals,Tampa Bay Buccaneers,CIN,TB,betonlineag,spreads,Cincinnati Bengals,-105.0,-4.0
ed6d24ff979f9c71979fead577b0b3f7,2026-09-10T16:55:13Z,2026-09-13T17:00:00Z,Cincinnati Bengals,Tampa Bay Buccaneers,CIN,TB,betonlineag,spreads,Tampa Bay Buccaneers,-115.0,4.0
ed6d24ff979f9c71979fead577b0b3f7,2026-09-10T16:55:13Z,2026-09-13T17:00:00Z,Cincinnati Bengals,Tampa Bay Buccaneers,CIN,TB,betonlineag,totals,Over,-105.0,50.5
ed6d24ff979f9c71979fead577b0b3f7,2026-09-10T16:55:13Z,2026-09-13T17:00:00Z,Cincinnati Bengals,Tampa Bay Buccaneers,CIN,TB,betonlineag,totals,Under,-115.0,50.5
ed6d24ff979f9c71979fead577b0b3f7,2026-09-10T16:55:13Z,2026-09-13T17:00:00Z,Cincinnati Bengals,Tampa Bay Buccaneers,CIN,TB,betrivers,h2h,Cincinnati Bengals,-210.0,
ed6d24ff979f9c71979fead577b0b3f7,2026-09-10T16:55:13Z,2026-09-13T17:00:00Z,Cincinnati Bengals,Tampa Bay Buccaneers,CIN,TB,betrivers,h2h,Tampa Bay Buccaneers,170.0,
ed6d24ff979f9c71979fead577b0b3f7,2026-09-10T16:55:13Z,2026-09-13T17:00:00Z,Cincinnati Bengals,Tampa Bay Buccaneers,CIN,TB,betrivers,spreads,Cincinnati Bengals,-109.0,-4.0
ed6d24ff979f9c71979fead577b0b3f7,2026-09-10T16:55:13Z,2026-09-13T17:00:00Z,Cincinnati Bengals,Tampa Bay Buccaneers,CIN,TB,betrivers,spreads,Tampa Bay Buccaneers,-112.0,4.0
ed6d24ff979f9c71979fead577b0b3f7,2026-09-10T16:55:13Z,2026-09-13T17:00:00Z,Cincinnati Bengals,Tampa Bay Buccaneers,CIN,TB,betrivers,totals,Over,-112.0,50.5
ed6d24ff979f9c71979fead577b0b3f7,2026-09-10T16:55:13Z,2026-09-13T17:00:00Z,Cincinnati Bengals,Tampa Bay Buccaneers,CIN,TB,betrivers,totals,Under,-109.0,50.5
ed6d24ff979f9c71979fead577b0b3f7,2026-09-10T16:55:13Z,2026-09-13T17:00:00Z,Cincinnati Bengals,Tampa Bay Buccaneers,CIN,TB,betmgm,h2h,Cincinnati Bengals,-200.0,
ed6d24ff979f9c71979fead577b0b3f7,2026-09-10T16:55:13Z,2026-09-13T17:00:00Z,Cincinnati Bengals,Tampa Bay Buccaneers,CIN,TB,betmgm,h2h,Tampa Bay Buccaneers,165.0,
ed6d24ff979f9c71979fead577b0b3f7,2026-09-10T16:55:13Z,2026-09-13T17:00:00Z,Cincinnati Bengals,Tampa Bay Buccaneers,CIN,TB,betmgm,spreads,Cincinnati Bengals,-110.0,-3.5
ed6d24ff979f9c71979fead577b0b3f7,2026-09-10T16:55:13Z,2026-09-13T17:00:00Z,Cincinnati Bengals,Tampa Bay Buccaneers,CIN,TB,betmgm,spreads,Tampa Bay Buccaneers,-108.0,3.5
ed6d24ff979f9c71979fead577b0b3f7,2026-09-10T16:55:13Z,2026-09-13T17:00:00Z,Cincinnati Bengals,Tampa Bay Buccaneers,CIN,TB,betmgm,totals,Over,-108.0,50.5
ed6d24ff979f9c71979fead577b0b3f7,2026-09-10T16:55:13Z,2026-09-13T17:00:00Z,Cincinnati Bengals,Tampa Bay Buccaneers,CIN,TB,betmgm,totals,Under,-110.0,50.5
ed6d24ff979f9c71979fead577b0b3f7,2026-09-10T16:55:13Z,2026-09-13T17:00:00Z,Cincinnati Bengals,Tampa Bay Buccaneers,CIN,TB,bovada,h2h,Cincinnati Bengals,-210.0,
ed6d24ff979f9c71979fead577b0b3f7,2026-09-10T16:55:13Z,2026-09-13T17:00:00Z,Cincinnati Bengals,Tampa Bay Buccaneers,CIN,TB,bovada,h2h,Tampa Bay Buccaneers,175.0,
ed6d24ff979f9c71979fead577b0b3f7,2026-09-10T16:55:13Z,2026-09-13T17:00:00Z,Cincinnati Bengals,Tampa Bay Buccaneers,CIN,TB,bovada,spreads,Cincinnati Bengals,-105.0,-4.0
ed6d24ff979f9c71979fead577b0b3f7,2026-09-10T16:55:13Z,2026-09-13T17:00:00Z,Cincinnati Bengals,Tampa Bay Buccaneers,CIN,TB,bovada,spreads,Tampa Bay Buccaneers,-115.0,4.0
ed6d24ff979f9c71979fead577b0b3f7,2026-09-10T16:55:13Z,2026-09-13T17:00:00Z,Cincinnati Bengals,Tampa Bay Buccaneers,CIN,TB,bovada,totals,Over,-105.0,50.5
ed6d24ff979f9c71979fead577b0b3f7,2026-09-10T16:55:13Z,2026-09-13T17:00:00Z,Cincinnati Bengals,Tampa Bay Buccaneers,CIN,TB,bovada,totals,Under,-115.0,50.5
ed6d24ff979f9c71979fead577b0b3f7,2026-09-10T16:55:13Z,2026-09-13T17:00:00Z,Cincinnati Bengals,Tampa Bay Buccaneers,CIN,TB,mybookieag,h2h,Cincinnati Bengals,-212.0,
ed6d24ff979f9c71979fead577b0b3f7,2026-09-10T16:55:13Z,2026-09-13T17:00:00Z,Cincinnati Bengals,Tampa Bay Buccaneers,CIN,TB,mybookieag,h2h,Tampa Bay Buccaneers,163.0,
ed6d24ff979f9c71979fead577b0b3f7,2026-09-10T16:55:13Z,2026-09-13T17:00:00Z,Cincinnati Bengals,Tampa Bay Buccaneers,CIN,TB,mybookieag,spreads,Cincinnati Bengals,-110.0,-3.5
ed6d24ff979f9c71979fead577b0b3f7,2026-09-10T16:55:13Z,2026-09-13T17:00:00Z,Cincinnati Bengals,Tampa Bay Buccaneers,CIN,TB,mybookieag,spreads,Tampa Bay Buccaneers,-110.0,3.5
ed6d24ff979f9c71979fead577b0b3f7,2026-09-10T16:55:13Z,2026-09-13T17:00:00Z,Cincinnati Bengals,Tampa Bay Buccaneers,CIN,TB,mybookieag,totals,Over,-110.0,50.5
ed6d24ff979f9c71979fead577b0b3f7,2026-09-10T16:55:13Z,2026-09-13T17:00:00Z,Cincinnati Bengals,Tampa Bay Buccaneers,CIN,TB,mybookieag,totals,Under,-110.0,50.5
e55c6fe19fce094ce214c8b0e5b504e9,2026-09-10T16:55:13Z,2026-09-13T17:00:00Z,Jacksonville Jaguars,Cleveland Browns,JAX,CLE,draftkings,h2h,Cleveland Browns,350.0,
e55c6fe19fce094ce214c8b0e5b504e9,2026-09-10T16:55:13Z,2026-09-13T17:00:00Z,Jacksonville Jaguars,Cleveland Browns,JAX,CLE,draftkings,h2h,Jacksonville Jaguars,-455.0,
e55c6fe19fce094ce214c8b0e5b504e9,2026-09-10T16:55:13Z,2026-09-13T17:00:00Z,Jacksonville Jaguars,Cleveland Browns,JAX,CLE,draftkings,spreads,Cleveland Browns,-110.0,8.5
e55c6fe19fce094ce214c8b0e5b504e9,2026-09-10T16:55:13Z,2026-09-13T17:00:00Z,Jacksonville Jaguars,Cleveland Browns,JAX,CLE,draftkings,spreads,Jacksonville Jaguars,-110.0,-8.5
e55c6fe19fce094ce214c8b0e5b504e9,2026-09-10T16:55:13Z,2026-09-13T17:00:00Z,Jacksonville Jaguars,Cleveland Browns,JAX,CLE,draftkings,totals,Over,-118.0,39.5
e55c6fe19fce094ce214c8b0e5b504e9,2026-09-10T16:55:13Z,2026-09-13T17:00:00Z,Jacksonville Jaguars,Cleveland Browns,JAX,CLE,draftkings,totals,Under,-102.0,39.5
e55c6fe19fce094ce214c8b0e5b504e9,2026-09-10T16:55:13Z,2026-09-13T17:00:00Z,Jacksonville Jaguars,Cleveland Browns,JAX,CLE,fanduel,h2h,Cleveland Browns,340.0,
e55c6fe19fce094ce214c8b0e5b504e9,2026-09-10T16:55:13Z,2026-09-13T17:00:00Z,Jacksonville Jaguars,Cleveland Browns,JAX,CLE,fanduel,h2h,Jacksonville Jaguars,-430.0,
e55c6fe19fce094ce214c8b0e5b504e9,2026-09-10T16:55:13Z,2026-09-13T17:00:00Z,Jacksonville Jaguars,Cleveland Browns,JAX,CLE,fanduel,spreads,Cleveland Browns,-112.0,8.5
e55c6fe19fce094ce214c8b0e5b504e9,2026-09-10T16:55:13Z,2026-09-13T17:00:00Z,Jacksonville Jaguars,Cleveland Browns,JAX,CLE,fanduel,spreads,Jacksonville Jaguars,-108.0,-8.5
e55c6fe19fce094ce214c8b0e5b504e9,2026-09-10T16:55:13Z,2026-09-13T17:00:00Z,Jacksonville Jaguars,Cleveland Browns,JAX,CLE,fanduel,totals,Over,-105.0,40.5
e55c6fe19fce094ce214c8b0e5b504e9,2026-09-10T16:55:13Z,2026-09-13T17:00:00Z,Jacksonville Jaguars,Cleveland Browns,JAX,CLE,fanduel,totals,Under,-115.0,40.5
e55c6fe19fce094ce214c8b0e5b504e9,2026-09-10T16:55:13Z,2026-09-13T17:00:00Z,Jacksonville Jaguars,Cleveland Browns,JAX,CLE,betus,h2h,Cleveland Browns,320.0,
e55c6fe19fce094ce214c8b0e5b504e9,2026-09-10T16:55:13Z,2026-09-13T17:00:00Z,Jacksonville Jaguars,Cleveland Browns,JAX,CLE,betus,h2h,Jacksonville Jaguars,-400.0,
e55c6fe19fce094ce214c8b0e5b504e9,2026-09-10T16:55:13Z,2026-09-13T17:00:00Z,Jacksonville Jaguars,Cleveland Browns,JAX,CLE,betus,spreads,Cleveland Browns,-115.0,9.0
e55c6fe19fce094ce214c8b0e5b504e9,2026-09-10T16:55:13Z,2026-09-13T17:00:00Z,Jacksonville Jaguars,Cleveland Browns,JAX,CLE,betus,spreads,Jacksonville Jaguars,-105.0,-9.0
e55c6fe19fce094ce214c8b0e5b504e9,2026-09-10T16:55:13Z,2026-09-13T17:00:00Z,Jacksonville Jaguars,Cleveland Browns,JAX,CLE,betus,totals,Over,-115.0,39.5
e55c6fe19fce094ce214c8b0e5b504e9,2026-09-10T16:55:13Z,2026-09-13T17:00:00Z,Jacksonville Jaguars,Cleveland Browns,JAX,CLE,betus,totals,Under,-105.0,39.5
e55c6fe19fce094ce214c8b0e5b504e9,2026-09-10T16:55:13Z,2026-09-13T17:00:00Z,Jacksonville Jaguars,Cleveland Browns,JAX,CLE,betrivers,h2h,Cleveland Browns,320.0,
e55c6fe19fce094ce214c8b0e5b504e9,2026-09-10T16:55:13Z,2026-09-13T17:00:00Z,Jacksonville Jaguars,Cleveland Browns,JAX,CLE,betrivers,h2h,Jacksonville Jaguars,-420.0,
e55c6fe19fce094ce214c8b0e5b504e9,2026-09-10T16:55:13Z,2026-09-13T17:00:00Z,Jacksonville Jaguars,Cleveland Browns,JAX,CLE,betrivers,spreads,Cleveland Browns,-110.0,8.5
e55c6fe19fce094ce214c8b0e5b504e9,2026-09-10T16:55:13Z,2026-09-13T17:00:00Z,Jacksonville Jaguars,Cleveland Browns,JAX,CLE,betrivers,spreads,Jacksonville Jaguars,-110.0,-8.5
e55c6fe19fce094ce214c8b0e5b504e9,2026-09-10T16:55:13Z,2026-09-13T17:00:00Z,Jacksonville Jaguars,Cleveland Browns,JAX,CLE,betrivers,totals,Over,-110.0,40.5
e55c6fe19fce094ce214c8b0e5b504e9,2026-09-10T16:55:13Z,2026-09-13T17:00:00Z,Jacksonville Jaguars,Cleveland Browns,JAX,CLE,betrivers,totals,Under,-110.0,40.5
e55c6fe19fce094ce214c8b0e5b504e9,2026-09-10T16:55:13Z,2026-09-13T17:00:00Z,Jacksonville Jaguars,Cleveland Browns,JAX,CLE,betonlineag,h2h,Cleveland Browns,316.0,
e55c6fe19fce094ce214c8b0e5b504e9,2026-09-10T16:55:13Z,2026-09-13T17:00:00Z,Jacksonville Jaguars,Cleveland Browns,JAX,CLE,betonlineag,h2h,Jacksonville Jaguars,-400.0,
e55c6fe19fce094ce214c8b0e5b504e9,2026-09-10T16:55:13Z,2026-09-13T17:00:00Z,Jacksonville Jaguars,Cleveland Browns,JAX,CLE,betonlineag,spreads,Cleveland Browns,-115.0,9.0
e55c6fe19fce094ce214c8b0e5b504e9,2026-09-10T16:55:13Z,2026-09-13T17:00:00Z,Jacksonville Jaguars,Cleveland Browns,JAX,CLE,betonlineag,spreads,Jacksonville Jaguars,-105.0,-9.0
e55c6fe19fce094ce214c8b0e5b504e9,2026-09-10T16:55:13Z,2026-09-13T17:00:00Z,Jacksonville Jaguars,Cleveland Browns,JAX,CLE,betonlineag,totals,Over,-115.0,39.5
e55c6fe19fce094ce214c8b0e5b504e9,2026-09-10T16:55:13Z,2026-09-13T17:00:00Z,Jacksonville Jaguars,Cleveland Browns,JAX,CLE,betonlineag,totals,Under,-105.0,39.5
e55c6fe19fce094ce214c8b0e5b504e9,2026-09-10T16:55:13Z,2026-09-13T17:00:00Z,Jacksonville Jaguars,Cleveland Browns,JAX,CLE,lowvig,h2h,Cleveland Browns,316.0,
e55c6fe19fce094ce214c8b0e5b504e9,2026-09-10T16:55:13Z,2026-09-13T17:00:00Z,Jacksonville Jaguars,Cleveland Browns,JAX,CLE,lowvig,h2h,Jacksonville Jaguars,-400.0,
e55c6fe19fce094ce214c8b0e5b504e9,2026-09-10T16:55:13Z,2026-09-13T17:00:00Z,Jacksonville Jaguars,Cleveland Browns,JAX,CLE,lowvig,spreads,Cleveland Browns,-110.0,9.0
e55c6fe19fce094ce214c8b0e5b504e9,2026-09-10T16:55:13Z,2026-09-13T17:00:00Z,Jacksonville Jaguars,Cleveland Browns,JAX,CLE,lowvig,spreads,Jacksonville Jaguars,100.0,-9.0
e55c6fe19fce094ce214c8b0e5b504e9,2026-09-10T16:55:13Z,2026-09-13T17:00:00Z,Jacksonville Jaguars,Cleveland Browns,JAX,CLE,lowvig,totals,Over,-113.0,39.5
e55c6fe19fce094ce214c8b0e5b504e9,2026-09-10T16:55:13Z,2026-09-13T17:00:00Z,Jacksonville Jaguars,Cleveland Browns,JAX,CLE,lowvig,totals,Under,-102.0,39.5
e55c6fe19fce094ce214c8b0e5b504e9,2026-09-10T16:55:13Z,2026-09-13T17:00:00Z,Jacksonville Jaguars,Cleveland Browns,JAX,CLE,betmgm,h2h,Cleveland Browns,333.0,
e55c6fe19fce094ce214c8b0e5b504e9,2026-09-10T16:55:13Z,2026-09-13T17:00:00Z,Jacksonville Jaguars,Cleveland Browns,JAX,CLE,betmgm,h2h,Jacksonville Jaguars,-425.0,
e55c6fe19fce094ce214c8b0e5b504e9,2026-09-10T16:55:13Z,2026-09-13T17:00:00Z,Jacksonville Jaguars,Cleveland Browns,JAX,CLE,betmgm,spreads,Cleveland Browns,-110.0,8.5
e55c6fe19fce094ce214c8b0e5b504e9,2026-09-10T16:55:13Z,2026-09-13T17:00:00Z,Jacksonville Jaguars,Cleveland Browns,JAX,CLE,betmgm,spreads,Jacksonville Jaguars,-110.0,-8.5
e55c6fe19fce094ce214c8b0e5b504e9,2026-09-10T16:55:13Z,2026-09-13T17:00:00Z,Jacksonville Jaguars,Cleveland Browns,JAX,CLE,betmgm,totals,Over,-108.0,40.0
e55c6fe19fce094ce214c8b0e5b504e9,2026-09-10T16:55:13Z,2026-09-13T17:00:00Z,Jacksonville Jaguars,Cleveland Browns,JAX,CLE,betmgm,totals,Under,-110.0,40.0
e55c6fe19fce094ce214c8b0e5b504e9,2026-09-10T16:55:13Z,2026-09-13T17:00:00Z,Jacksonville Jaguars,Cleveland Browns,JAX,CLE,bovada,h2h,Cleveland Browns,310.0,
e55c6fe19fce094ce214c8b0e5b504e9,2026-09-10T16:55:13Z,2026-09-13T17:00:00Z,Jacksonville Jaguars,Cleveland Browns,JAX,CLE,bovada,h2h,Jacksonville Jaguars,-415.0,
e55c6fe19fce094ce214c8b0e5b504e9,2026-09-10T16:55:13Z,2026-09-13T17:00:00Z,Jacksonville Jaguars,Cleveland Browns,JAX,CLE,bovada,spreads,Cleveland Browns,-110.0,8.5
e55c6fe19fce094ce214c8b0e5b504e9,2026-09-10T16:55:13Z,2026-09-13T17:00:00Z,Jacksonville Jaguars,Cleveland Browns,JAX,CLE,bovada,spreads,Jacksonville Jaguars,-110.0,-8.5
e55c6fe19fce094ce214c8b0e5b504e9,2026-09-10T16:55:13Z,2026-09-13T17:00:00Z,Jacksonville Jaguars,Cleveland Browns,JAX,CLE,bovada,totals,Over,-110.0,40.0
e55c6fe19fce094ce214c8b0e5b504e9,2026-09-10T16:55:13Z,2026-09-13T17:00:00Z,Jacksonville Jaguars,Cleveland Browns,JAX,CLE,bovada,totals,Under,-110.0,40.0
e55c6fe19fce094ce214c8b0e5b504e9,2026-09-10T16:55:13Z,2026-09-13T17:00:00Z,Jacksonville Jaguars,Cleveland Browns,JAX,CLE,mybookieag,h2h,Cleveland Browns,330.0,
e55c6fe19fce094ce214c8b0e5b504e9,2026-09-10T16:55:13Z,2026-09-13T17:00:00Z,Jacksonville Jaguars,Cleveland Browns,JAX,CLE,mybookieag,h2h,Jacksonville Jaguars,-490.0,
e55c6fe19fce094ce214c8b0e5b504e9,2026-09-10T16:55:13Z,2026-09-13T17:00:00Z,Jacksonville Jaguars,Cleveland Browns,JAX,CLE,mybookieag,spreads,Cleveland Browns,-110.0,9.0
e55c6fe19fce094ce214c8b0e5b504e9,2026-09-10T16:55:13Z,2026-09-13T17:00:00Z,Jacksonville Jaguars,Cleveland Browns,JAX,CLE,mybookieag,spreads,Jacksonville Jaguars,-110.0,-9.0
e55c6fe19fce094ce214c8b0e5b504e9,2026-09-10T16:55:13Z,2026-09-13T17:00:00Z,Jacksonville Jaguars,Cleveland Browns,JAX,CLE,mybookieag,totals,Over,-110.0,40.0
e55c6fe19fce094ce214c8b0e5b504e9,2026-09-10T16:55:13Z,2026-09-13T17:00:00Z,Jacksonville Jaguars,Cleveland Browns,JAX,CLE,mybookieag,totals,Under,-110.0,40.0
c1d3fcec25aaeb06ebd2244d33d338e0,2026-09-10T16:55:13Z,2026-09-13T17:00:00Z,Detroit Lions,New Orleans Saints,DET,NO,draftkings,h2h,Detroit Lions,-310.0,
c1d3fcec25aaeb06ebd2244d33d338e0,2026-09-10T16:55:13Z,2026-09-13T17:00:00Z,Detroit Lions,New Orleans Saints,DET,NO,draftkings,h2h,New Orleans Saints,250.0,
c1d3fcec25aaeb06ebd2244d33d338e0,2026-09-10T16:55:13Z,2026-09-13T17:00:00Z,Detroit Lions,New Orleans Saints,DET,NO,draftkings,spreads,Detroit Lions,-108.0,-7.0
c1d3fcec25aaeb06ebd2244d33d338e0,2026-09-10T16:55:13Z,2026-09-13T17:00:00Z,Detroit Lions,New Orleans Saints,DET,NO,draftkings,spreads,New Orleans Saints,-112.0,7.0
c1d3fcec25aaeb06ebd2244d33d338e0,2026-09-10T16:55:13Z,2026-09-13T17:00:00Z,Detroit Lions,New Orleans Saints,DET,NO,draftkings,totals,Over,-102.0,50.5
c1d3fcec25aaeb06ebd2244d33d338e0,2026-09-10T16:55:13Z,2026-09-13T17:00:00Z,Detroit Lions,New Orleans Saints,DET,NO,draftkings,totals,Under,-118.0,50.5
c1d3fcec25aaeb06ebd2244d33d338e0,2026-09-10T16:55:13Z,2026-09-13T17:00:00Z,Detroit Lions,New Orleans Saints,DET,NO,fanduel,h2h,Detroit Lions,-335.0,
c1d3fcec25aaeb06ebd2244d33d338e0,2026-09-10T16:55:13Z,2026-09-13T17:00:00Z,Detroit Lions,New Orleans Saints,DET,NO,fanduel,h2h,New Orleans Saints,270.0,
c1d3fcec25aaeb06ebd2244d33d338e0,2026-09-10T16:55:13Z,2026-09-13T17:00:00Z,Detroit Lions,New Orleans Saints,DET,NO,fanduel,spreads,Detroit Lions,-122.0,-6.5
c1d3fcec25aaeb06ebd2244d33d338e0,2026-09-10T16:55:13Z,2026-09-13T17:00:00Z,Detroit Lions,New Orleans Saints,DET,NO,fanduel,spreads,New Orleans Saints,100.0,6.5
c1d3fcec25aaeb06ebd2244d33d338e0,2026-09-10T16:55:13Z,2026-09-13T17:00:00Z,Detroit Lions,New Orleans Saints,DET,NO,fanduel,totals,Over,-115.0,49.5
c1d3fcec25aaeb06ebd2244d33d338e0,2026-09-10T16:55:13Z,2026-09-13T17:00:00Z,Detroit Lions,New Orleans Saints,DET,NO,fanduel,totals,Under,-105.0,49.5
c1d3fcec25aaeb06ebd2244d33d338e0,2026-09-10T16:55:13Z,2026-09-13T17:00:00Z,Detroit Lions,New Orleans Saints,DET,NO,lowvig,h2h,Detroit Lions,-310.0,
c1d3fcec25aaeb06ebd2244d33d338e0,2026-09-10T16:55:13Z,2026-09-13T17:00:00Z,Detroit Lions,New Orleans Saints,DET,NO,lowvig,h2h,New Orleans Saints,252.0,
c1d3fcec25aaeb06ebd2244d33d338e0,2026-09-10T16:55:13Z,2026-09-13T17:00:00Z,Detroit Lions,New Orleans Saints,DET,NO,lowvig,spreads,Detroit Lions,101.0,-7.0
c1d3fcec25aaeb06ebd2244d33d338e0,2026-09-10T16:55:13Z,2026-09-13T17:00:00Z,Detroit Lions,New Orleans Saints,DET,NO,lowvig,spreads,New Orleans Saints,-112.0,7.0
c1d3fcec25aaeb06ebd2244d33d338e0,2026-09-10T16:55:13Z,2026-09-13T17:00:00Z,Detroit Lions,New Orleans Saints,DET,NO,lowvig,totals,Over,-107.0,50.0
c1d3fcec25aaeb06ebd2244d33d338e0,2026-09-10T16:55:13Z,2026-09-13T17:00:00Z,Detroit Lions,New Orleans Saints,DET,NO,lowvig,totals,Under,-107.0,50.0
c1d3fcec25aaeb06ebd2244d33d338e0,2026-09-10T16:55:13Z,2026-09-13T17:00:00Z,Detroit Lions,New Orleans Saints,DET,NO,betonlineag,h2h,Detroit Lions,-310.0,
c1d3fcec25aaeb06ebd2244d33d338e0,2026-09-10T16:55:13Z,2026-09-13T17:00:00Z,Detroit Lions,New Orleans Saints,DET,NO,betonlineag,h2h,New Orleans Saints,252.0,
c1d3fcec25aaeb06ebd2244d33d338e0,2026-09-10T16:55:13Z,2026-09-13T17:00:00Z,Detroit Lions,New Orleans Saints,DET,NO,betonlineag,spreads,Detroit Lions,-104.0,-7.0
c1d3fcec25aaeb06ebd2244d33d338e0,2026-09-10T16:55:13Z,2026-09-13T17:00:00Z,Detroit Lions,New Orleans Saints,DET,NO,betonlineag,spreads,New Orleans Saints,-116.0,7.0
c1d3fcec25aaeb06ebd2244d33d338e0,2026-09-10T16:55:13Z,2026-09-13T17:00:00Z,Detroit Lions,New Orleans Saints,DET,NO,betonlineag,totals,Over,-110.0,50.0
c1d3fcec25aaeb06ebd2244d33d338e0,2026-09-10T16:55:13Z,2026-09-13T17:00:00Z,Detroit Lions,New Orleans Saints,DET,NO,betonlineag,totals,Under,-110.0,50.0
c1d3fcec25aaeb06ebd2244d33d338e0,2026-09-10T16:55:13Z,2026-09-13T17:00:00Z,Detroit Lions,New Orleans Saints,DET,NO,betus,h2h,Detroit Lions,-310.0,
c1d3fcec25aaeb06ebd2244d33d338e0,2026-09-10T16:55:13Z,2026-09-13T17:00:00Z,Detroit Lions,New Orleans Saints,DET,NO,betus,h2h,New Orleans Saints,255.0,
c1d3fcec25aaeb06ebd2244d33d338e0,2026-09-10T16:55:13Z,2026-09-13T17:00:00Z,Detroit Lions,New Orleans Saints,DET,NO,betus,spreads,Detroit Lions,-105.0,-7.0
c1d3fcec25aaeb06ebd2244d33d338e0,2026-09-10T16:55:13Z,2026-09-13T17:00:00Z,Detroit Lions,New Orleans Saints,DET,NO,betus,spreads,New Orleans Saints,-115.0,7.0
c1d3fcec25aaeb06ebd2244d33d338e0,2026-09-10T16:55:13Z,2026-09-13T17:00:00Z,Detroit Lions,New Orleans Saints,DET,NO,betus,totals,Over,-110.0,50.0
c1d3fcec25aaeb06ebd2244d33d338e0,2026-09-10T16:55:13Z,2026-09-13T17:00:00Z,Detroit Lions,New Orleans Saints,DET,NO,betus,totals,Under,-110.0,50.0
c1d3fcec25aaeb06ebd2244d33d338e0,2026-09-10T16:55:13Z,2026-09-13T17:00:00Z,Detroit Lions,New Orleans Saints,DET,NO,betrivers,h2h,Detroit Lions,-345.0,
c1d3fcec25aaeb06ebd2244d33d338e0,2026-09-10T16:55:13Z,2026-09-13T17:00:00Z,Detroit Lions,New Orleans Saints,DET,NO,betrivers,h2h,New Orleans Saints,265.0,
c1d3fcec25aaeb06ebd2244d33d338e0,2026-09-10T16:55:13Z,2026-09-13T17:00:00Z,Detroit Lions,New Orleans Saints,DET,NO,betrivers,spreads,Detroit Lions,-108.0,-7.0
c1d3fcec25aaeb06ebd2244d33d338e0,2026-09-10T16:55:13Z,2026-09-13T17:00:00Z,Detroit Lions,New Orleans Saints,DET,NO,betrivers,spreads,New Orleans Saints,-113.0,7.0
c1d3fcec25aaeb06ebd2244d33d338e0,2026-09-10T16:55:13Z,2026-09-13T17:00:00Z,Detroit Lions,New Orleans Saints,DET,NO,betrivers,totals,Over,-113.0,50.0
c1d3fcec25aaeb06ebd2244d33d338e0,2026-09-10T16:55:13Z,2026-09-13T17:00:00Z,Detroit Lions,New Orleans Saints,DET,NO,betrivers,totals,Under,-108.0,50.0
c1d3fcec25aaeb06ebd2244d33d338e0,2026-09-10T16:55:13Z,2026-09-13T17:00:00Z,Detroit Lions,New Orleans Saints,DET,NO,betmgm,h2h,Detroit Lions,-325.0,
c1d3fcec25aaeb06ebd2244d33d338e0,2026-09-10T16:55:13Z,2026-09-13T17:00:00Z,Detroit Lions,New Orleans Saints,DET,NO,betmgm,h2h,New Orleans Saints,260.0,
c1d3fcec25aaeb06ebd2244d33d338e0,2026-09-10T16:55:13Z,2026-09-13T17:00:00Z,Detroit Lions,New Orleans Saints,DET,NO,betmgm,spreads,Detroit Lions,-108.0,-7.0
c1d3fcec25aaeb06ebd2244d33d338e0,2026-09-10T16:55:13Z,2026-09-13T17:00:00Z,Detroit Lions,New Orleans Saints,DET,NO,betmgm,spreads,New Orleans Saints,-110.0,7.0
c1d3fcec25aaeb06ebd2244d33d338e0,2026-09-10T16:55:13Z,2026-09-13T17:00:00Z,Detroit Lions,New Orleans Saints,DET,NO,betmgm,totals,Over,-110.0,49.5
c1d3fcec25aaeb06ebd2244d33d338e0,2026-09-10T16:55:13Z,2026-09-13T17:00:00Z,Detroit Lions,New Orleans Saints,DET,NO,betmgm,totals,Under,-108.0,49.5
c1d3fcec25aaeb06ebd2244d33d338e0,2026-09-10T16:55:13Z,2026-09-13T17:00:00Z,Detroit Lions,New Orleans Saints,DET,NO,bovada,h2h,Detroit Lions,-330.0,
c1d3fcec25aaeb06ebd2244d33d338e0,2026-09-10T16:55:13Z,2026-09-13T17:00:00Z,Detroit Lions,New Orleans Saints,DET,NO,bovada,h2h,New Orleans Saints,265.0,
c1d3fcec25aaeb06ebd2244d33d338e0,2026-09-10T16:55:13Z,2026-09-13T17:00:00Z,Detroit Lions,New Orleans Saints,DET,NO,bovada,spreads,Detroit Lions,-110.0,-7.0
c1d3fcec25aaeb06ebd2244d33d338e0,2026-09-10T16:55:13Z,2026-09-13T17:00:00Z,Detroit Lions,New Orleans Saints,DET,NO,bovada,spreads,New Orleans Saints,-110.0,7.0
c1d3fcec25aaeb06ebd2244d33d338e0,2026-09-10T16:55:13Z,2026-09-13T17:00:00Z,Detroit Lions,New Orleans Saints,DET,NO,bovada,totals,Over,-105.0,50.0
c1d3fcec25aaeb06ebd2244d33d338e0,2026-09-10T16:55:13Z,2026-09-13T17:00:00Z,Detroit Lions,New Orleans Saints,DET,NO,bovada,totals,Under,-115.0,50.0
c1d3fcec25aaeb06ebd2244d33d338e0,2026-09-10T16:55:13Z,2026-09-13T17:00:00Z,Detroit Lions,New Orleans Saints,DET,NO,mybookieag,h2h,Detroit Lions,-330.0,
c1d3fcec25aaeb06ebd2244d33d338e0,2026-09-10T16:55:13Z,2026-09-13T17:00:00Z,Detroit Lions,New Orleans Saints,DET,NO,mybookieag,h2h,New Orleans Saints,238.0,
c1d3fcec25aaeb06ebd2244d33d338e0,2026-09-10T16:55:13Z,2026-09-13T17:00:00Z,Detroit Lions,New Orleans Saints,DET,NO,mybookieag,spreads,Detroit Lions,-110.0,-7.0
c1d3fcec25aaeb06ebd2244d33d338e0,2026-09-10T16:55:13Z,2026-09-13T17:00:00Z,Detroit Lions,New Orleans Saints,DET,NO,mybookieag,spreads,New Orleans Saints,-110.0,7.0
c1d3fcec25aaeb06ebd2244d33d338e0,2026-09-10T16:55:13Z,2026-09-13T17:00:00Z,Detroit Lions,New Orleans Saints,DET,NO,mybookieag,totals,Over,-110.0,50.0
c1d3fcec25aaeb06ebd2244d33d338e0,2026-09-10T16:55:13Z,2026-09-13T17:00:00Z,Detroit Lions,New Orleans Saints,DET,NO,mybookieag,totals,Under,-110.0,50.0
7dddb296a42e7a41a774b24bd1709ce1,2026-09-10T16:55:13Z,2026-09-13T17:00:00Z,Tennessee Titans,New York Jets,TEN,NYJ,draftkings,h2h,New York Jets,105.0,
7dddb296a42e7a41a774b24bd1709ce1,2026-09-10T16:55:13Z,2026-09-13T17:00:00Z,Tennessee Titans,New York Jets,TEN,NYJ,draftkings,h2h,Tennessee Titans,-125.0,
7dddb296a42e7a41a774b24bd1709ce1,2026-09-10T16:55:13Z,2026-09-13T17:00:00Z,Tennessee Titans,New York Jets,TEN,NYJ,draftkings,spreads,New York Jets,-110.0,1.5
7dddb296a42e7a41a774b24bd1709ce1,2026-09-10T16:55:13Z,2026-09-13T17:00:00Z,Tennessee Titans,New York Jets,TEN,NYJ,draftkings,spreads,Tennessee Titans,-110.0,-1.5
7dddb296a42e7a41a774b24bd1709ce1,2026-09-10T16:55:13Z,2026-09-13T17:00:00Z,Tennessee Titans,New York Jets,TEN,NYJ,draftkings,totals,Over,-112.0,38.5
7dddb296a42e7a41a774b24bd1709ce1,2026-09-10T16:55:13Z,2026-09-13T17:00:00Z,Tennessee Titans,New York Jets,TEN,NYJ,draftkings,totals,Under,-108.0,38.5
7dddb296a42e7a41a774b24bd1709ce1,2026-09-10T16:55:13Z,2026-09-13T17:00:00Z,Tennessee Titans,New York Jets,TEN,NYJ,fanduel,h2h,New York Jets,106.0,
7dddb296a42e7a41a774b24bd1709ce1,2026-09-10T16:55:13Z,2026-09-13T17:00:00Z,Tennessee Titans,New York Jets,TEN,NYJ,fanduel,h2h,Tennessee Titans,-124.0,
7dddb296a42e7a41a774b24bd1709ce1,2026-09-10T16:55:13Z,2026-09-13T17:00:00Z,Tennessee Titans,New York Jets,TEN,NYJ,fanduel,spreads,New York Jets,-110.0,1.5
7dddb296a42e7a41a774b24bd1709ce1,2026-09-10T16:55:13Z,2026-09-13T17:00:00Z,Tennessee Titans,New York Jets,TEN,NYJ,fanduel,spreads,Tennessee Titans,-110.0,-1.5
7dddb296a42e7a41a774b24bd1709ce1,2026-09-10T16:55:13Z,2026-09-13T17:00:00Z,Tennessee Titans,New York Jets,TEN,NYJ,fanduel,totals,Over,-110.0,38.5
7dddb296a42e7a41a774b24bd1709ce1,2026-09-10T16:55:13Z,2026-09-13T17:00:00Z,Tennessee Titans,New York Jets,TEN,NYJ,fanduel,totals,Under,-110.0,38.5
7dddb296a42e7a41a774b24bd1709ce1,2026-09-10T16:55:13Z,2026-09-13T17:00:00Z,Tennessee Titans,New York Jets,TEN,NYJ,lowvig,spreads,New York Jets,101.0,0.0
7dddb296a42e7a41a774b24bd1709ce1,2026-09-10T16:55:13Z,2026-09-13T17:00:00Z,Tennessee Titans,New York Jets,TEN,NYJ,lowvig,spreads,Tennessee Titans,-112.0,0.0
7dddb296a42e7a41a774b24bd1709ce1,2026-09-10T16:55:13Z,2026-09-13T17:00:00Z,Tennessee Titans,New York Jets,TEN,NYJ,lowvig,totals,Over,-107.0,38.5
7dddb296a42e7a41a774b24bd1709ce1,2026-09-10T16:55:13Z,2026-09-13T17:00:00Z,Tennessee Titans,New York Jets,TEN,NYJ,lowvig,totals,Under,-107.0,38.5
7dddb296a42e7a41a774b24bd1709ce1,2026-09-10T16:55:13Z,2026-09-13T17:00:00Z,Tennessee Titans,New York Jets,TEN,NYJ,betus,spreads,New York Jets,100.0,0.0
7dddb296a42e7a41a774b24bd1709ce1,2026-09-10T16:55:13Z,2026-09-13T17:00:00Z,Tennessee Titans,New York Jets,TEN,NYJ,betus,spreads,Tennessee Titans,-120.0,0.0
7dddb296a42e7a41a774b24bd1709ce1,2026-09-10T16:55:13Z,2026-09-13T17:00:00Z,Tennessee Titans,New York Jets,TEN,NYJ,betus,totals,Over,-110.0,38.5
7dddb296a42e7a41a774b24bd1709ce1,2026-09-10T16:55:13Z,2026-09-13T17:00:00Z,Tennessee Titans,New York Jets,TEN,NYJ,betus,totals,Under,-110.0,38.5
7dddb296a42e7a41a774b24bd1709ce1,2026-09-10T16:55:13Z,2026-09-13T17:00:00Z,Tennessee Titans,New York Jets,TEN,NYJ,betonlineag,spreads,New York Jets,-104.0,0.0
7dddb296a42e7a41a774b24bd1709ce1,2026-09-10T16:55:13Z,2026-09-13T17:00:00Z,Tennessee Titans,New York Jets,TEN,NYJ,betonlineag,spreads,Tennessee Titans,-116.0,0.0
7dddb296a42e7a41a774b24bd1709ce1,2026-09-10T16:55:13Z,2026-09-13T17:00:00Z,Tennessee Titans,New York Jets,TEN,NYJ,betonlineag,totals,Over,-110.0,38.5
7dddb296a42e7a41a774b24bd1709ce1,2026-09-10T16:55:13Z,2026-09-13T17:00:00Z,Tennessee Titans,New York Jets,TEN,NYJ,betonlineag,totals,Under,-110.0,38.5
7dddb296a42e7a41a774b24bd1709ce1,2026-09-10T16:55:13Z,2026-09-13T17:00:00Z,Tennessee Titans,New York Jets,TEN,NYJ,betrivers,h2h,New York Jets,104.0,
7dddb296a42e7a41a774b24bd1709ce1,2026-09-10T16:55:13Z,2026-09-13T17:00:00Z,Tennessee Titans,New York Jets,TEN,NYJ,betrivers,h2h,Tennessee Titans,-125.0,
7dddb296a42e7a41a774b24bd1709ce1,2026-09-10T16:55:13Z,2026-09-13T17:00:00Z,Tennessee Titans,New York Jets,TEN,NYJ,betrivers,spreads,New York Jets,-112.0,1.5
7dddb296a42e7a41a774b24bd1709ce1,2026-09-10T16:55:13Z,2026-09-13T17:00:00Z,Tennessee Titans,New York Jets,TEN,NYJ,betrivers,spreads,Tennessee Titans,-109.0,-1.5
7dddb296a42e7a41a774b24bd1709ce1,2026-09-10T16:55:13Z,2026-09-13T17:00:00Z,Tennessee Titans,New York Jets,TEN,NYJ,betrivers,totals,Over,-112.0,38.5
7dddb296a42e7a41a774b24bd1709ce1,2026-09-10T16:55:13Z,2026-09-13T17:00:00Z,Tennessee Titans,New York Jets,TEN,NYJ,betrivers,totals,Under,-109.0,38.5
7dddb296a42e7a41a774b24bd1709ce1,2026-09-10T16:55:13Z,2026-09-13T17:00:00Z,Tennessee Titans,New York Jets,TEN,NYJ,betmgm,h2h,New York Jets,105.0,
7dddb296a42e7a41a774b24bd1709ce1,2026-09-10T16:55:13Z,2026-09-13T17:00:00Z,Tennessee Titans,New York Jets,TEN,NYJ,betmgm,h2h,Tennessee Titans,-125.0,
7dddb296a42e7a41a774b24bd1709ce1,2026-09-10T16:55:13Z,2026-09-13T17:00:00Z,Tennessee Titans,New York Jets,TEN,NYJ,betmgm,spreads,New York Jets,-108.0,1.5
7dddb296a42e7a41a774b24bd1709ce1,2026-09-10T16:55:13Z,2026-09-13T17:00:00Z,Tennessee Titans,New York Jets,TEN,NYJ,betmgm,spreads,Tennessee Titans,-110.0,-1.5
7dddb296a42e7a41a774b24bd1709ce1,2026-09-10T16:55:13Z,2026-09-13T17:00:00Z,Tennessee Titans,New York Jets,TEN,NYJ,betmgm,totals,Over,-110.0,38.5
7dddb296a42e7a41a774b24bd1709ce1,2026-09-10T16:55:13Z,2026-09-13T17:00:00Z,Tennessee Titans,New York Jets,TEN,NYJ,betmgm,totals,Under,-108.0,38.5
7dddb296a42e7a41a774b24bd1709ce1,2026-09-10T16:55:13Z,2026-09-13T17:00:00Z,Tennessee Titans,New York Jets,TEN,NYJ,bovada,h2h,New York Jets,100.0,
7dddb296a42e7a41a774b24bd1709ce1,2026-09-10T16:55:13Z,2026-09-13T17:00:00Z,Tennessee Titans,New York Jets,TEN,NYJ,bovada,h2h,Tennessee Titans,-120.0,
7dddb296a42e7a41a774b24bd1709ce1,2026-09-10T16:55:13Z,2026-09-13T17:00:00Z,Tennessee Titans,New York Jets,TEN,NYJ,bovada,spreads,New York Jets,-105.0,1.0
7dddb296a42e7a41a774b24bd1709ce1,2026-09-10T16:55:13Z,2026-09-13T17:00:00Z,Tennessee Titans,New York Jets,TEN,NYJ,bovada,spreads,Tennessee Titans,-115.0,-1.0
7dddb296a42e7a41a774b24bd1709ce1,2026-09-10T16:55:13Z,2026-09-13T17:00:00Z,Tennessee Titans,New York Jets,TEN,NYJ,bovada,totals,Over,-110.0,38.5
7dddb296a42e7a41a774b24bd1709ce1,2026-09-10T16:55:13Z,2026-09-13T17:00:00Z,Tennessee Titans,New York Jets,TEN,NYJ,bovada,totals,Under,-110.0,38.5
7dddb296a42e7a41a774b24bd1709ce1,2026-09-10T16:55:13Z,2026-09-13T17:00:00Z,Tennessee Titans,New York Jets,TEN,NYJ,mybookieag,h2h,New York Jets,100.0,
7dddb296a42e7a41a774b24bd1709ce1,2026-09-10T16:55:13Z,2026-09-13T17:00:00Z,Tennessee Titans,New York Jets,TEN,NYJ,mybookieag,h2h,Tennessee Titans,-127.0,
7dddb296a42e7a41a774b24bd1709ce1,2026-09-10T16:55:13Z,2026-09-13T17:00:00Z,Tennessee Titans,New York Jets,TEN,NYJ,mybookieag,spreads,New York Jets,-110.0,1.0
7dddb296a42e7a41a774b24bd1709ce1,2026-09-10T16:55:13Z,2026-09-13T17:00:00Z,Tennessee Titans,New York Jets,TEN,NYJ,mybookieag,spreads,Tennessee Titans,-110.0,-1.0
7dddb296a42e7a41a774b24bd1709ce1,2026-09-10T16:55:13Z,2026-09-13T17:00:00Z,Tennessee Titans,New York Jets,TEN,NYJ,mybookieag,totals,Over,-110.0,38.5
7dddb296a42e7a41a774b24bd1709ce1,2026-09-10T16:55:13Z,2026-09-13T17:00:00Z,Tennessee Titans,New York Jets,TEN,NYJ,mybookieag,totals,Under,-110.0,38.5
95c01d1bb797d6df14824b106c5a9130,2026-09-11T16:56:18Z,2026-09-13T17:00:00Z,Pittsburgh Steelers,Atlanta Falcons,PIT,ATL,draftkings,h2h,Atlanta Falcons,185.0,
95c01d1bb797d6df14824b106c5a9130,2026-09-11T16:56:18Z,2026-09-13T17:00:00Z,Pittsburgh Steelers,Atlanta Falcons,PIT,ATL,draftkings,h2h,Pittsburgh Steelers,-225.0,
95c01d1bb797d6df14824b106c5a9130,2026-09-11T16:56:18Z,2026-09-13T17:00:00Z,Pittsburgh Steelers,Atlanta Falcons,PIT,ATL,draftkings,spreads,Atlanta Falcons,-115.0,5.5
95c01d1bb797d6df14824b106c5a9130,2026-09-11T16:56:18Z,2026-09-13T17:00:00Z,Pittsburgh Steelers,Atlanta Falcons,PIT,ATL,draftkings,spreads,Pittsburgh Steelers,-105.0,-5.5
95c01d1bb797d6df14824b106c5a9130,2026-09-11T16:56:18Z,2026-09-13T17:00:00Z,Pittsburgh Steelers,Atlanta Falcons,PIT,ATL,draftkings,totals,Over,-110.0,41.5
95c01d1bb797d6df14824b106c5a9130,2026-09-11T16:56:18Z,2026-09-13T17:00:00Z,Pittsburgh Steelers,Atlanta Falcons,PIT,ATL,draftkings,totals,Under,-110.0,41.5
95c01d1bb797d6df14824b106c5a9130,2026-09-11T16:56:18Z,2026-09-13T17:00:00Z,Pittsburgh Steelers,Atlanta Falcons,PIT,ATL,betrivers,h2h,Atlanta Falcons,185.0,
95c01d1bb797d6df14824b106c5a9130,2026-09-11T16:56:18Z,2026-09-13T17:00:00Z,Pittsburgh Steelers,Atlanta Falcons,PIT,ATL,betrivers,h2h,Pittsburgh Steelers,-235.0,
95c01d1bb797d6df14824b106c5a9130,2026-09-11T16:56:18Z,2026-09-13T17:00:00Z,Pittsburgh Steelers,Atlanta Falcons,PIT,ATL,betrivers,spreads,Atlanta Falcons,-112.0,5.0
95c01d1bb797d6df14824b106c5a9130,2026-09-11T16:56:18Z,2026-09-13T17:00:00Z,Pittsburgh Steelers,Atlanta Falcons,PIT,ATL,betrivers,spreads,Pittsburgh Steelers,-109.0,-5.0
95c01d1bb797d6df14824b106c5a9130,2026-09-11T16:56:18Z,2026-09-13T17:00:00Z,Pittsburgh Steelers,Atlanta Falcons,PIT,ATL,betrivers,totals,Over,-107.0,41.5
95c01d1bb797d6df14824b106c5a9130,2026-09-11T16:56:18Z,2026-09-13T17:00:00Z,Pittsburgh Steelers,Atlanta Falcons,PIT,ATL,betrivers,totals,Under,-114.0,41.5
95c01d1bb797d6df14824b106c5a9130,2026-09-11T16:56:18Z,2026-09-13T17:00:00Z,Pittsburgh Steelers,Atlanta Falcons,PIT,ATL,betonlineag,h2h,Atlanta Falcons,203.0,
95c01d1bb797d6df14824b106c5a9130,2026-09-11T16:56:18Z,2026-09-13T17:00:00Z,Pittsburgh Steelers,Atlanta Falcons,PIT,ATL,betonlineag,h2h,Pittsburgh Steelers,-245.0,
95c01d1bb797d6df14824b106c5a9130,2026-09-11T16:56:18Z,2026-09-13T17:00:00Z,Pittsburgh Steelers,Atlanta Falcons,PIT,ATL,betonlineag,spreads,Atlanta Falcons,-110.0,5.5
95c01d1bb797d6df14824b106c5a9130,2026-09-11T16:56:18Z,2026-09-13T17:00:00Z,Pittsburgh Steelers,Atlanta Falcons,PIT,ATL,betonlineag,spreads,Pittsburgh Steelers,-110.0,-5.5
95c01d1bb797d6df14824b106c5a9130,2026-09-11T16:56:18Z,2026-09-13T17:00:00Z,Pittsburgh Steelers,Atlanta Falcons,PIT,ATL,betonlineag,totals,Over,-110.0,41.0
95c01d1bb797d6df14824b106c5a9130,2026-09-11T16:56:18Z,2026-09-13T17:00:00Z,Pittsburgh Steelers,Atlanta Falcons,PIT,ATL,betonlineag,totals,Under,-110.0,41.0
95c01d1bb797d6df14824b106c5a9130,2026-09-11T16:56:18Z,2026-09-13T17:00:00Z,Pittsburgh Steelers,Atlanta Falcons,PIT,ATL,fanduel,h2h,Atlanta Falcons,194.0,
95c01d1bb797d6df14824b106c5a9130,2026-09-11T16:56:18Z,2026-09-13T17:00:00Z,Pittsburgh Steelers,Atlanta Falcons,PIT,ATL,fanduel,h2h,Pittsburgh Steelers,-235.0,
95c01d1bb797d6df14824b106c5a9130,2026-09-11T16:56:18Z,2026-09-13T17:00:00Z,Pittsburgh Steelers,Atlanta Falcons,PIT,ATL,fanduel,spreads,Atlanta Falcons,-115.0,5.5
95c01d1bb797d6df14824b106c5a9130,2026-09-11T16:56:18Z,2026-09-13T17:00:00Z,Pittsburgh Steelers,Atlanta Falcons,PIT,ATL,fanduel,spreads,Pittsburgh Steelers,-105.0,-5.5
95c01d1bb797d6df14824b106c5a9130,2026-09-11T16:56:18Z,2026-09-13T17:00:00Z,Pittsburgh Steelers,Atlanta Falcons,PIT,ATL,fanduel,totals,Over,-105.0,41.5
95c01d1bb797d6df14824b106c5a9130,2026-09-11T16:56:18Z,2026-09-13T17:00:00Z,Pittsburgh Steelers,Atlanta Falcons,PIT,ATL,fanduel,totals,Under,-115.0,41.5
95c01d1bb797d6df14824b106c5a9130,2026-09-11T16:56:18Z,2026-09-13T17:00:00Z,Pittsburgh Steelers,Atlanta Falcons,PIT,ATL,lowvig,h2h,Atlanta Falcons,203.0,
95c01d1bb797d6df14824b106c5a9130,2026-09-11T16:56:18Z,2026-09-13T17:00:00Z,Pittsburgh Steelers,Atlanta Falcons,PIT,ATL,lowvig,h2h,Pittsburgh Steelers,-245.0,
95c01d1bb797d6df14824b106c5a9130,2026-09-11T16:56:18Z,2026-09-13T17:00:00Z,Pittsburgh Steelers,Atlanta Falcons,PIT,ATL,lowvig,spreads,Atlanta Falcons,-105.0,5.5
95c01d1bb797d6df14824b106c5a9130,2026-09-11T16:56:18Z,2026-09-13T17:00:00Z,Pittsburgh Steelers,Atlanta Falcons,PIT,ATL,lowvig,spreads,Pittsburgh Steelers,-105.0,-5.5
95c01d1bb797d6df14824b106c5a9130,2026-09-11T16:56:18Z,2026-09-13T17:00:00Z,Pittsburgh Steelers,Atlanta Falcons,PIT,ATL,lowvig,totals,Over,-107.0,41.0
95c01d1bb797d6df14824b106c5a9130,2026-09-11T16:56:18Z,2026-09-13T17:00:00Z,Pittsburgh Steelers,Atlanta Falcons,PIT,ATL,lowvig,totals,Under,-107.0,41.0
95c01d1bb797d6df14824b106c5a9130,2026-09-11T16:56:18Z,2026-09-13T17:00:00Z,Pittsburgh Steelers,Atlanta Falcons,PIT,ATL,betus,h2h,Atlanta Falcons,205.0,
95c01d1bb797d6df14824b106c5a9130,2026-09-11T16:56:18Z,2026-09-13T17:00:00Z,Pittsburgh Steelers,Atlanta Falcons,PIT,ATL,betus,h2h,Pittsburgh Steelers,-245.0,
95c01d1bb797d6df14824b106c5a9130,2026-09-11T16:56:18Z,2026-09-13T17:00:00Z,Pittsburgh Steelers,Atlanta Falcons,PIT,ATL,betus,spreads,Atlanta Falcons,-110.0,5.5
95c01d1bb797d6df14824b106c5a9130,2026-09-11T16:56:18Z,2026-09-13T17:00:00Z,Pittsburgh Steelers,Atlanta Falcons,PIT,ATL,betus,spreads,Pittsburgh Steelers,-110.0,-5.5
95c01d1bb797d6df14824b106c5a9130,2026-09-11T16:56:18Z,2026-09-13T17:00:00Z,Pittsburgh Steelers,Atlanta Falcons,PIT,ATL,betus,totals,Over,-110.0,41.0
95c01d1bb797d6df14824b106c5a9130,2026-09-11T16:56:18Z,2026-09-13T17:00:00Z,Pittsburgh Steelers,Atlanta Falcons,PIT,ATL,betus,totals,Under,-110.0,41.0
95c01d1bb797d6df14824b106c5a9130,2026-09-11T16:56:18Z,2026-09-13T17:00:00Z,Pittsburgh Steelers,Atlanta Falcons,PIT,ATL,betmgm,h2h,Atlanta Falcons,195.0,
95c01d1bb797d6df14824b106c5a9130,2026-09-11T16:56:18Z,2026-09-13T17:00:00Z,Pittsburgh Steelers,Atlanta Falcons,PIT,ATL,betmgm,h2h,Pittsburgh Steelers,-235.0,
95c01d1bb797d6df14824b106c5a9130,2026-09-11T16:56:18Z,2026-09-13T17:00:00Z,Pittsburgh Steelers,Atlanta Falcons,PIT,ATL,betmgm,spreads,Atlanta Falcons,-110.0,5.5
95c01d1bb797d6df14824b106c5a9130,2026-09-11T16:56:18Z,2026-09-13T17:00:00Z,Pittsburgh Steelers,Atlanta Falcons,PIT,ATL,betmgm,spreads,Pittsburgh Steelers,-108.0,-5.5
95c01d1bb797d6df14824b106c5a9130,2026-09-11T16:56:18Z,2026-09-13T17:00:00Z,Pittsburgh Steelers,Atlanta Falcons,PIT,ATL,betmgm,totals,Over,-112.0,41.0
95c01d1bb797d6df14824b106c5a9130,2026-09-11T16:56:18Z,2026-09-13T17:00:00Z,Pittsburgh Steelers,Atlanta Falcons,PIT,ATL,betmgm,totals,Under,-108.0,41.0
95c01d1bb797d6df14824b106c5a9130,2026-09-11T16:56:18Z,2026-09-13T17:00:00Z,Pittsburgh Steelers,Atlanta Falcons,PIT,ATL,bovada,h2h,Atlanta Falcons,205.0,
95c01d1bb797d6df14824b106c5a9130,2026-09-11T16:56:18Z,2026-09-13T17:00:00Z,Pittsburgh Steelers,Atlanta Falcons,PIT,ATL,bovada,h2h,Pittsburgh Steelers,-245.0,
95c01d1bb797d6df14824b106c5a9130,2026-09-11T16:56:18Z,2026-09-13T17:00:00Z,Pittsburgh Steelers,Atlanta Falcons,PIT,ATL,bovada,spreads,Atlanta Falcons,-110.0,5.5
95c01d1bb797d6df14824b106c5a9130,2026-09-11T16:56:18Z,2026-09-13T17:00:00Z,Pittsburgh Steelers,Atlanta Falcons,PIT,ATL,bovada,spreads,Pittsburgh Steelers,-110.0,-5.5
95c01d1bb797d6df14824b106c5a9130,2026-09-11T16:56:18Z,2026-09-13T17:00:00Z,Pittsburgh Steelers,Atlanta Falcons,PIT,ATL,bovada,totals,Over,-110.0,41.5
95c01d1bb797d6df14824b106c5a9130,2026-09-11T16:56:18Z,2026-09-13T17:00:00Z,Pittsburgh Steelers,Atlanta Falcons,PIT,ATL,bovada,totals,Under,-110.0,41.5
95c01d1bb797d6df14824b106c5a9130,2026-09-11T16:56:18Z,2026-09-13T17:00:00Z,Pittsburgh Steelers,Atlanta Falcons,PIT,ATL,mybookieag,h2h,Atlanta Falcons,191.0,
95c01d1bb797d6df14824b106c5a9130,2026-09-11T16:56:18Z,2026-09-13T17:00:00Z,Pittsburgh Steelers,Atlanta Falcons,PIT,ATL,mybookieag,h2h,Pittsburgh Steelers,-240.0,
95c01d1bb797d6df14824b106c5a9130,2026-09-11T16:56:18Z,2026-09-13T17:00:00Z,Pittsburgh Steelers,Atlanta Falcons,PIT,ATL,mybookieag,spreads,Atlanta Falcons,-110.0,5.0
95c01d1bb797d6df14824b106c5a9130,2026-09-11T16:56:18Z,2026-09-13T17:00:00Z,Pittsburgh Steelers,Atlanta Falcons,PIT,ATL,mybookieag,spreads,Pittsburgh Steelers,-110.0,-5.0
95c01d1bb797d6df14824b106c5a9130,2026-09-11T16:56:18Z,2026-09-13T17:00:00Z,Pittsburgh Steelers,Atlanta Falcons,PIT,ATL,mybookieag,totals,Over,-110.0,41.5
95c01d1bb797d6df14824b106c5a9130,2026-09-11T16:56:18Z,2026-09-13T17:00:00Z,Pittsburgh Steelers,Atlanta Falcons,PIT,ATL,mybookieag,totals,Under,-110.0,41.5
b6cfdcbafa61ce220ba87dc2d9b80c77,2026-09-11T16:56:18Z,2026-09-13T17:00:00Z,Indianapolis Colts,Baltimore Ravens,IND,BAL,draftkings,h2h,Baltimore Ravens,-175.0,
b6cfdcbafa61ce220ba87dc2d9b80c77,2026-09-11T16:56:18Z,2026-09-13T17:00:00Z,Indianapolis Colts,Baltimore Ravens,IND,BAL,draftkings,h2h,Indianapolis Colts,145.0,
b6cfdcbafa61ce220ba87dc2d9b80c77,2026-09-11T16:56:18Z,2026-09-13T17:00:00Z,Indianapolis Colts,Baltimore Ravens,IND,BAL,draftkings,spreads,Baltimore Ravens,-105.0,-3.5
b6cfdcbafa61ce220ba87dc2d9b80c77,2026-09-11T16:56:18Z,2026-09-13T17:00:00Z,Indianapolis Colts,Baltimore Ravens,IND,BAL,draftkings,spreads,Indianapolis Colts,-115.0,3.5
b6cfdcbafa61ce220ba87dc2d9b80c77,2026-09-11T16:56:18Z,2026-09-13T17:00:00Z,Indianapolis Colts,Baltimore Ravens,IND,BAL,draftkings,totals,Over,-115.0,47.5
b6cfdcbafa61ce220ba87dc2d9b80c77,2026-09-11T16:56:18Z,2026-09-13T17:00:00Z,Indianapolis Colts,Baltimore Ravens,IND,BAL,draftkings,totals,Under,-105.0,47.5
b6cfdcbafa61ce220ba87dc2d9b80c77,2026-09-11T16:56:18Z,2026-09-13T17:00:00Z,Indianapolis Colts,Baltimore Ravens,IND,BAL,betus,h2h,Baltimore Ravens,-175.0,
b6cfdcbafa61ce220ba87dc2d9b80c77,2026-09-11T16:56:18Z,2026-09-13T17:00:00Z,Indianapolis Colts,Baltimore Ravens,IND,BAL,betus,h2h,Indianapolis Colts,150.0,
b6cfdcbafa61ce220ba87dc2d9b80c77,2026-09-11T16:56:18Z,2026-09-13T17:00:00Z,Indianapolis Colts,Baltimore Ravens,IND,BAL,betus,spreads,Baltimore Ravens,-120.0,-3.0
b6cfdcbafa61ce220ba87dc2d9b80c77,2026-09-11T16:56:18Z,2026-09-13T17:00:00Z,Indianapolis Colts,Baltimore Ravens,IND,BAL,betus,spreads,Indianapolis Colts,100.0,3.0
b6cfdcbafa61ce220ba87dc2d9b80c77,2026-09-11T16:56:18Z,2026-09-13T17:00:00Z,Indianapolis Colts,Baltimore Ravens,IND,BAL,betus,totals,Over,-110.0,48.0
b6cfdcbafa61ce220ba87dc2d9b80c77,2026-09-11T16:56:18Z,2026-09-13T17:00:00Z,Indianapolis Colts,Baltimore Ravens,IND,BAL,betus,totals,Under,-110.0,48.0
b6cfdcbafa61ce220ba87dc2d9b80c77,2026-09-11T16:56:18Z,2026-09-13T17:00:00Z,Indianapolis Colts,Baltimore Ravens,IND,BAL,lowvig,h2h,Baltimore Ravens,-175.0,
b6cfdcbafa61ce220ba87dc2d9b80c77,2026-09-11T16:56:18Z,2026-09-13T17:00:00Z,Indianapolis Colts,Baltimore Ravens,IND,BAL,lowvig,h2h,Indianapolis Colts,153.0,
b6cfdcbafa61ce220ba87dc2d9b80c77,2026-09-11T16:56:18Z,2026-09-13T17:00:00Z,Indianapolis Colts,Baltimore Ravens,IND,BAL,lowvig,spreads,Baltimore Ravens,112.0,-3.5
b6cfdcbafa61ce220ba87dc2d9b80c77,2026-09-11T16:56:18Z,2026-09-13T17:00:00Z,Indianapolis Colts,Baltimore Ravens,IND,BAL,lowvig,spreads,Indianapolis Colts,-123.0,3.5
b6cfdcbafa61ce220ba87dc2d9b80c77,2026-09-11T16:56:18Z,2026-09-13T17:00:00Z,Indianapolis Colts,Baltimore Ravens,IND,BAL,lowvig,totals,Over,-102.0,48.0
b6cfdcbafa61ce220ba87dc2d9b80c77,2026-09-11T16:56:18Z,2026-09-13T17:00:00Z,Indianapolis Colts,Baltimore Ravens,IND,BAL,lowvig,totals,Under,-113.0,48.0
b6cfdcbafa61ce220ba87dc2d9b80c77,2026-09-11T16:56:18Z,2026-09-13T17:00:00Z,Indianapolis Colts,Baltimore Ravens,IND,BAL,betrivers,h2h,Baltimore Ravens,-175.0,
b6cfdcbafa61ce220ba87dc2d9b80c77,2026-09-11T16:56:18Z,2026-09-13T17:00:00Z,Indianapolis Colts,Baltimore Ravens,IND,BAL,betrivers,h2h,Indianapolis Colts,143.0,
b6cfdcbafa61ce220ba87dc2d9b80c77,2026-09-11T16:56:18Z,2026-09-13T17:00:00Z,Indianapolis Colts,Baltimore Ravens,IND,BAL,betrivers,spreads,Baltimore Ravens,-115.0,-3.0
b6cfdcbafa61ce220ba87dc2d9b80c77,2026-09-11T16:56:18Z,2026-09-13T17:00:00Z,Indianapolis Colts,Baltimore Ravens,IND,BAL,betrivers,spreads,Indianapolis Colts,-106.0,3.0
b6cfdcbafa61ce220ba87dc2d9b80c77,2026-09-11T16:56:18Z,2026-09-13T17:00:00Z,Indianapolis Colts,Baltimore Ravens,IND,BAL,betrivers,totals,Over,-112.0,47.5
b6cfdcbafa61ce220ba87dc2d9b80c77,2026-09-11T16:56:18Z,2026-09-13T17:00:00Z,Indianapolis Colts,Baltimore Ravens,IND,BAL,betrivers,totals,Under,-109.0,47.5
b6cfdcbafa61ce220ba87dc2d9b80c77,2026-09-11T16:56:18Z,2026-09-13T17:00:00Z,Indianapolis Colts,Baltimore Ravens,IND,BAL,betonlineag,h2h,Baltimore Ravens,-175.0,
b6cfdcbafa61ce220ba87dc2d9b80c77,2026-09-11T16:56:18Z,2026-09-13T17:00:00Z,Indianapolis Colts,Baltimore Ravens,IND,BAL,betonlineag,h2h,Indianapolis Colts,153.0,
b6cfdcbafa61ce220ba87dc2d9b80c77,2026-09-11T16:56:18Z,2026-09-13T17:00:00Z,Indianapolis Colts,Baltimore Ravens,IND,BAL,betonlineag,spreads,Baltimore Ravens,-120.0,-3.0
b6cfdcbafa61ce220ba87dc2d9b80c77,2026-09-11T16:56:18Z,2026-09-13T17:00:00Z,Indianapolis Colts,Baltimore Ravens,IND,BAL,betonlineag,spreads,Indianapolis Colts,100.0,3.0
b6cfdcbafa61ce220ba87dc2d9b80c77,2026-09-11T16:56:18Z,2026-09-13T17:00:00Z,Indianapolis Colts,Baltimore Ravens,IND,BAL,betonlineag,totals,Over,-105.0,48.0
b6cfdcbafa61ce220ba87dc2d9b80c77,2026-09-11T16:56:18Z,2026-09-13T17:00:00Z,Indianapolis Colts,Baltimore Ravens,IND,BAL,betonlineag,totals,Under,-115.0,48.0
b6cfdcbafa61ce220ba87dc2d9b80c77,2026-09-11T16:56:18Z,2026-09-13T17:00:00Z,Indianapolis Colts,Baltimore Ravens,IND,BAL,fanduel,h2h,Baltimore Ravens,-176.0,
b6cfdcbafa61ce220ba87dc2d9b80c77,2026-09-11T16:56:18Z,2026-09-13T17:00:00Z,Indianapolis Colts,Baltimore Ravens,IND,BAL,fanduel,h2h,Indianapolis Colts,148.0,
b6cfdcbafa61ce220ba87dc2d9b80c77,2026-09-11T16:56:18Z,2026-09-13T17:00:00Z,Indianapolis Colts,Baltimore Ravens,IND,BAL,fanduel,spreads,Baltimore Ravens,-102.0,-3.5
b6cfdcbafa61ce220ba87dc2d9b80c77,2026-09-11T16:56:18Z,2026-09-13T17:00:00Z,Indianapolis Colts,Baltimore Ravens,IND,BAL,fanduel,spreads,Indianapolis Colts,-120.0,3.5
b6cfdcbafa61ce220ba87dc2d9b80c77,2026-09-11T16:56:18Z,2026-09-13T17:00:00Z,Indianapolis Colts,Baltimore Ravens,IND,BAL,fanduel,totals,Over,-115.0,47.5
b6cfdcbafa61ce220ba87dc2d9b80c77,2026-09-11T16:56:18Z,2026-09-13T17:00:00Z,Indianapolis Colts,Baltimore Ravens,IND,BAL,fanduel,totals,Under,-105.0,47.5
b6cfdcbafa61ce220ba87dc2d9b80c77,2026-09-11T16:56:18Z,2026-09-13T17:00:00Z,Indianapolis Colts,Baltimore Ravens,IND,BAL,betmgm,h2h,Baltimore Ravens,-190.0,
b6cfdcbafa61ce220ba87dc2d9b80c77,2026-09-11T16:56:18Z,2026-09-13T17:00:00Z,Indianapolis Colts,Baltimore Ravens,IND,BAL,betmgm,h2h,Indianapolis Colts,155.0,
b6cfdcbafa61ce220ba87dc2d9b80c77,2026-09-11T16:56:18Z,2026-09-13T17:00:00Z,Indianapolis Colts,Baltimore Ravens,IND,BAL,betmgm,spreads,Baltimore Ravens,100.0,-3.5
b6cfdcbafa61ce220ba87dc2d9b80c77,2026-09-11T16:56:18Z,2026-09-13T17:00:00Z,Indianapolis Colts,Baltimore Ravens,IND,BAL,betmgm,spreads,Indianapolis Colts,-120.0,3.5
b6cfdcbafa61ce220ba87dc2d9b80c77,2026-09-11T16:56:18Z,2026-09-13T17:00:00Z,Indianapolis Colts,Baltimore Ravens,IND,BAL,betmgm,totals,Over,-112.0,47.5
b6cfdcbafa61ce220ba87dc2d9b80c77,2026-09-11T16:56:18Z,2026-09-13T17:00:00Z,Indianapolis Colts,Baltimore Ravens,IND,BAL,betmgm,totals,Under,-108.0,47.5
b6cfdcbafa61ce220ba87dc2d9b80c77,2026-09-11T16:56:18Z,2026-09-13T17:00:00Z,Indianapolis Colts,Baltimore Ravens,IND,BAL,bovada,h2h,Baltimore Ravens,-175.0,
b6cfdcbafa61ce220ba87dc2d9b80c77,2026-09-11T16:56:18Z,2026-09-13T17:00:00Z,Indianapolis Colts,Baltimore Ravens,IND,BAL,bovada,h2h,Indianapolis Colts,150.0,
b6cfdcbafa61ce220ba87dc2d9b80c77,2026-09-11T16:56:18Z,2026-09-13T17:00:00Z,Indianapolis Colts,Baltimore Ravens,IND,BAL,bovada,spreads,Baltimore Ravens,-120.0,-3.0
b6cfdcbafa61ce220ba87dc2d9b80c77,2026-09-11T16:56:18Z,2026-09-13T17:00:00Z,Indianapolis Colts,Baltimore Ravens,IND,BAL,bovada,spreads,Indianapolis Colts,100.0,3.0
b6cfdcbafa61ce220ba87dc2d9b80c77,2026-09-11T16:56:18Z,2026-09-13T17:00:00Z,Indianapolis Colts,Baltimore Ravens,IND,BAL,bovada,totals,Over,-105.0,48.0
b6cfdcbafa61ce220ba87dc2d9b80c77,2026-09-11T16:56:18Z,2026-09-13T17:00:00Z,Indianapolis Colts,Baltimore Ravens,IND,BAL,bovada,totals,Under,-115.0,48.0
b6cfdcbafa61ce220ba87dc2d9b80c77,2026-09-11T16:56:18Z,2026-09-13T17:00:00Z,Indianapolis Colts,Baltimore Ravens,IND,BAL,mybookieag,h2h,Baltimore Ravens,-175.0,
b6cfdcbafa61ce220ba87dc2d9b80c77,2026-09-11T16:56:18Z,2026-09-13T17:00:00Z,Indianapolis Colts,Baltimore Ravens,IND,BAL,mybookieag,h2h,Indianapolis Colts,142.0,
b6cfdcbafa61ce220ba87dc2d9b80c77,2026-09-11T16:56:18Z,2026-09-13T17:00:00Z,Indianapolis Colts,Baltimore Ravens,IND,BAL,mybookieag,spreads,Baltimore Ravens,100.0,-3.5
b6cfdcbafa61ce220ba87dc2d9b80c77,2026-09-11T16:56:18Z,2026-09-13T17:00:00Z,Indianapolis Colts,Baltimore Ravens,IND,BAL,mybookieag,spreads,Indianapolis Colts,-120.0,3.5
b6cfdcbafa61ce220ba87dc2d9b80c77,2026-09-11T16:56:18Z,2026-09-13T17:00:00Z,Indianapolis Colts,Baltimore Ravens,IND,BAL,mybookieag,totals,Over,-110.0,48.0
b6cfdcbafa61ce220ba87dc2d9b80c77,2026-09-11T16:56:18Z,2026-09-13T17:00:00Z,Indianapolis Colts,Baltimore Ravens,IND,BAL,mybookieag,totals,Under,-110.0,48.0
7e09efed7e12c659b82740b67ce2f9a1,2026-09-11T16:56:18Z,2026-09-13T17:00:00Z,Houston Texans,Buffalo Bills,HOU,BUF,draftkings,h2h,Buffalo Bills,-118.0,
7e09efed7e12c659b82740b67ce2f9a1,2026-09-11T16:56:18Z,2026-09-13T17:00:00Z,Houston Texans,Buffalo Bills,HOU,BUF,draftkings,h2h,Houston Texans,-102.0,
7e09efed7e12c659b82740b67ce2f9a1,2026-09-11T16:56:18Z,2026-09-13T17:00:00Z,Houston Texans,Buffalo Bills,HOU,BUF,draftkings,spreads,Buffalo Bills,-108.0,-1.5
7e09efed7e12c659b82740b67ce2f9a1,2026-09-11T16:56:18Z,2026-09-13T17:00:00Z,Houston Texans,Buffalo Bills,HOU,BUF,draftkings,spreads,Houston Texans,-112.0,1.5
7e09efed7e12c659b82740b67ce2f9a1,2026-09-11T16:56:18Z,2026-09-13T17:00:00Z,Houston Texans,Buffalo Bills,HOU,BUF,draftkings,totals,Over,-115.0,44.5
7e09efed7e12c659b82740b67ce2f9a1,2026-09-11T16:56:18Z,2026-09-13T17:00:00Z,Houston Texans,Buffalo Bills,HOU,BUF,draftkings,totals,Under,-105.0,44.5
7e09efed7e12c659b82740b67ce2f9a1,2026-09-11T16:56:18Z,2026-09-13T17:00:00Z,Houston Texans,Buffalo Bills,HOU,BUF,betus,h2h,Buffalo Bills,-125.0,
7e09efed7e12c659b82740b67ce2f9a1,2026-09-11T16:56:18Z,2026-09-13T17:00:00Z,Houston Texans,Buffalo Bills,HOU,BUF,betus,h2h,Houston Texans,105.0,
7e09efed7e12c659b82740b67ce2f9a1,2026-09-11T16:56:18Z,2026-09-13T17:00:00Z,Houston Texans,Buffalo Bills,HOU,BUF,betus,spreads,Buffalo Bills,-115.0,-1.0
7e09efed7e12c659b82740b67ce2f9a1,2026-09-11T16:56:18Z,2026-09-13T17:00:00Z,Houston Texans,Buffalo Bills,HOU,BUF,betus,spreads,Houston Texans,-105.0,1.0
7e09efed7e12c659b82740b67ce2f9a1,2026-09-11T16:56:18Z,2026-09-13T17:00:00Z,Houston Texans,Buffalo Bills,HOU,BUF,betus,totals,Over,-110.0,45.0
7e09efed7e12c659b82740b67ce2f9a1,2026-09-11T16:56:18Z,2026-09-13T17:00:00Z,Houston Texans,Buffalo Bills,HOU,BUF,betus,totals,Under,-110.0,45.0
7e09efed7e12c659b82740b67ce2f9a1,2026-09-11T16:56:18Z,2026-09-13T17:00:00Z,Houston Texans,Buffalo Bills,HOU,BUF,lowvig,h2h,Buffalo Bills,-125.0,
7e09efed7e12c659b82740b67ce2f9a1,2026-09-11T16:56:18Z,2026-09-13T17:00:00Z,Houston Texans,Buffalo Bills,HOU,BUF,lowvig,h2h,Houston Texans,105.0,
7e09efed7e12c659b82740b67ce2f9a1,2026-09-11T16:56:18Z,2026-09-13T17:00:00Z,Houston Texans,Buffalo Bills,HOU,BUF,lowvig,spreads,Buffalo Bills,-112.0,-1.0
7e09efed7e12c659b82740b67ce2f9a1,2026-09-11T16:56:18Z,2026-09-13T17:00:00Z,Houston Texans,Buffalo Bills,HOU,BUF,lowvig,spreads,Houston Texans,101.0,1.0
7e09efed7e12c659b82740b67ce2f9a1,2026-09-11T16:56:18Z,2026-09-13T17:00:00Z,Houston Texans,Buffalo Bills,HOU,BUF,lowvig,totals,Over,-107.0,45.0
7e09efed7e12c659b82740b67ce2f9a1,2026-09-11T16:56:18Z,2026-09-13T17:00:00Z,Houston Texans,Buffalo Bills,HOU,BUF,lowvig,totals,Under,-107.0,45.0
7e09efed7e12c659b82740b67ce2f9a1,2026-09-11T16:56:18Z,2026-09-13T17:00:00Z,Houston Texans,Buffalo Bills,HOU,BUF,betrivers,h2h,Buffalo Bills,-124.0,
7e09efed7e12c659b82740b67ce2f9a1,2026-09-11T16:56:18Z,2026-09-13T17:00:00Z,Houston Texans,Buffalo Bills,HOU,BUF,betrivers,h2h,Houston Texans,102.0,
7e09efed7e12c659b82740b67ce2f9a1,2026-09-11T16:56:18Z,2026-09-13T17:00:00Z,Houston Texans,Buffalo Bills,HOU,BUF,betrivers,spreads,Buffalo Bills,-110.0,-1.5
7e09efed7e12c659b82740b67ce2f9a1,2026-09-11T16:56:18Z,2026-09-13T17:00:00Z,Houston Texans,Buffalo Bills,HOU,BUF,betrivers,spreads,Houston Texans,-110.0,1.5
7e09efed7e12c659b82740b67ce2f9a1,2026-09-11T16:56:18Z,2026-09-13T17:00:00Z,Houston Texans,Buffalo Bills,HOU,BUF,betrivers,totals,Over,-109.0,45.0
7e09efed7e12c659b82740b67ce2f9a1,2026-09-11T16:56:18Z,2026-09-13T17:00:00Z,Houston Texans,Buffalo Bills,HOU,BUF,betrivers,totals,Under,-112.0,45.0
7e09efed7e12c659b82740b67ce2f9a1,2026-09-11T16:56:18Z,2026-09-13T17:00:00Z,Houston Texans,Buffalo Bills,HOU,BUF,betonlineag,h2h,Buffalo Bills,-125.0,
7e09efed7e12c659b82740b67ce2f9a1,2026-09-11T16:56:18Z,2026-09-13T17:00:00Z,Houston Texans,Buffalo Bills,HOU,BUF,betonlineag,h2h,Houston Texans,105.0,
7e09efed7e12c659b82740b67ce2f9a1,2026-09-11T16:56:18Z,2026-09-13T17:00:00Z,Houston Texans,Buffalo Bills,HOU,BUF,betonlineag,spreads,Buffalo Bills,-120.0,-1.0
7e09efed7e12c659b82740b67ce2f9a1,2026-09-11T16:56:18Z,2026-09-13T17:00:00Z,Houston Texans,Buffalo Bills,HOU,BUF,betonlineag,spreads,Houston Texans,100.0,1.0
7e09efed7e12c659b82740b67ce2f9a1,2026-09-11T16:56:18Z,2026-09-13T17:00:00Z,Houston Texans,Buffalo Bills,HOU,BUF,betonlineag,totals,Over,-110.0,45.0
7e09efed7e12c659b82740b67ce2f9a1,2026-09-11T16:56:18Z,2026-09-13T17:00:00Z,Houston Texans,Buffalo Bills,HOU,BUF,betonlineag,totals,Under,-110.0,45.0
7e09efed7e12c659b82740b67ce2f9a1,2026-09-11T16:56:18Z,2026-09-13T17:00:00Z,Houston Texans,Buffalo Bills,HOU,BUF,fanduel,h2h,Buffalo Bills,-118.0,
7e09efed7e12c659b82740b67ce2f9a1,2026-09-11T16:56:18Z,2026-09-13T17:00:00Z,Houston Texans,Buffalo Bills,HOU,BUF,fanduel,h2h,Houston Texans,100.0,
7e09efed7e12c659b82740b67ce2f9a1,2026-09-11T16:56:18Z,2026-09-13T17:00:00Z,Houston Texans,Buffalo Bills,HOU,BUF,fanduel,spreads,Buffalo Bills,-106.0,-1.5
7e09efed7e12c659b82740b67ce2f9a1,2026-09-11T16:56:18Z,2026-09-13T17:00:00Z,Houston Texans,Buffalo Bills,HOU,BUF,fanduel,spreads,Houston Texans,-114.0,1.5
7e09efed7e12c659b82740b67ce2f9a1,2026-09-11T16:56:18Z,2026-09-13T17:00:00Z,Houston Texans,Buffalo Bills,HOU,BUF,fanduel,totals,Over,-118.0,44.5
7e09efed7e12c659b82740b67ce2f9a1,2026-09-11T16:56:18Z,2026-09-13T17:00:00Z,Houston Texans,Buffalo Bills,HOU,BUF,fanduel,totals,Under,-104.0,44.5
7e09efed7e12c659b82740b67ce2f9a1,2026-09-11T16:56:18Z,2026-09-13T17:00:00Z,Houston Texans,Buffalo Bills,HOU,BUF,betmgm,h2h,Buffalo Bills,-120.0,
7e09efed7e12c659b82740b67ce2f9a1,2026-09-11T16:56:18Z,2026-09-13T17:00:00Z,Houston Texans,Buffalo Bills,HOU,BUF,betmgm,h2h,Houston Texans,100.0,
7e09efed7e12c659b82740b67ce2f9a1,2026-09-11T16:56:18Z,2026-09-13T17:00:00Z,Houston Texans,Buffalo Bills,HOU,BUF,betmgm,spreads,Buffalo Bills,-108.0,-1.5
7e09efed7e12c659b82740b67ce2f9a1,2026-09-11T16:56:18Z,2026-09-13T17:00:00Z,Houston Texans,Buffalo Bills,HOU,BUF,betmgm,spreads,Houston Texans,-110.0,1.5
7e09efed7e12c659b82740b67ce2f9a1,2026-09-11T16:56:18Z,2026-09-13T17:00:00Z,Houston Texans,Buffalo Bills,HOU,BUF,betmgm,totals,Over,-108.0,45.0
7e09efed7e12c659b82740b67ce2f9a1,2026-09-11T16:56:18Z,2026-09-13T17:00:00Z,Houston Texans,Buffalo Bills,HOU,BUF,betmgm,totals,Under,-110.0,45.0
7e09efed7e12c659b82740b67ce2f9a1,2026-09-11T16:56:18Z,2026-09-13T17:00:00Z,Houston Texans,Buffalo Bills,HOU,BUF,bovada,h2h,Buffalo Bills,-125.0,
7e09efed7e12c659b82740b67ce2f9a1,2026-09-11T16:56:18Z,2026-09-13T17:00:00Z,Houston Texans,Buffalo Bills,HOU,BUF,bovada,h2h,Houston Texans,105.0,
7e09efed7e12c659b82740b67ce2f9a1,2026-09-11T16:56:18Z,2026-09-13T17:00:00Z,Houston Texans,Buffalo Bills,HOU,BUF,bovada,spreads,Buffalo Bills,-110.0,-1.5
7e09efed7e12c659b82740b67ce2f9a1,2026-09-11T16:56:18Z,2026-09-13T17:00:00Z,Houston Texans,Buffalo Bills,HOU,BUF,bovada,spreads,Houston Texans,-110.0,1.5
7e09efed7e12c659b82740b67ce2f9a1,2026-09-11T16:56:18Z,2026-09-13T17:00:00Z,Houston Texans,Buffalo Bills,HOU,BUF,bovada,totals,Over,-105.0,45.0
7e09efed7e12c659b82740b67ce2f9a1,2026-09-11T16:56:18Z,2026-09-13T17:00:00Z,Houston Texans,Buffalo Bills,HOU,BUF,bovada,totals,Under,-115.0,45.0
7e09efed7e12c659b82740b67ce2f9a1,2026-09-11T16:56:18Z,2026-09-13T17:00:00Z,Houston Texans,Buffalo Bills,HOU,BUF,mybookieag,h2h,Buffalo Bills,-122.0,
7e09efed7e12c659b82740b67ce2f9a1,2026-09-11T16:56:18Z,2026-09-13T17:00:00Z,Houston Texans,Buffalo Bills,HOU,BUF,mybookieag,h2h,Houston Texans,100.0,
7e09efed7e12c659b82740b67ce2f9a1,2026-09-11T16:56:18Z,2026-09-13T17:00:00Z,Houston Texans,Buffalo Bills,HOU,BUF,mybookieag,spreads,Buffalo Bills,-110.0,-1.0
7e09efed7e12c659b82740b67ce2f9a1,2026-09-11T16:56:18Z,2026-09-13T17:00:00Z,Houston Texans,Buffalo Bills,HOU,BUF,mybookieag,spreads,Houston Texans,-110.0,1.0
7e09efed7e12c659b82740b67ce2f9a1,2026-09-11T16:56:18Z,2026-09-13T17:00:00Z,Houston Texans,Buffalo Bills,HOU,BUF,mybookieag,totals,Over,-110.0,45.0
7e09efed7e12c659b82740b67ce2f9a1,2026-09-11T16:56:18Z,2026-09-13T17:00:00Z,Houston Texans,Buffalo Bills,HOU,BUF,mybookieag,totals,Under,-110.0,45.0
fc362aff0d889ec52d358307a70c32ed,2026-09-11T16:56:18Z,2026-09-13T17:00:00Z,Carolina Panthers,Chicago Bears,CAR,CHI,draftkings,h2h,Carolina Panthers,142.0,
fc362aff0d889ec52d358307a70c32ed,2026-09-11T16:56:18Z,2026-09-13T17:00:00Z,Carolina Panthers,Chicago Bears,CAR,CHI,draftkings,h2h,Chicago Bears,-170.0,
fc362aff0d889ec52d358307a70c32ed,2026-09-11T16:56:18Z,2026-09-13T17:00:00Z,Carolina Panthers,Chicago Bears,CAR,CHI,draftkings,spreads,Carolina Panthers,-102.0,3.0
fc362aff0d889ec52d358307a70c32ed,2026-09-11T16:56:18Z,2026-09-13T17:00:00Z,Carolina Panthers,Chicago Bears,CAR,CHI,draftkings,spreads,Chicago Bears,-118.0,-3.0
fc362aff0d889ec52d358307a70c32ed,2026-09-11T16:56:18Z,2026-09-13T17:00:00Z,Carolina Panthers,Chicago Bears,CAR,CHI,draftkings,totals,Over,-110.0,47.5
fc362aff0d889ec52d358307a70c32ed,2026-09-11T16:56:18Z,2026-09-13T17:00:00Z,Carolina Panthers,Chicago Bears,CAR,CHI,draftkings,totals,Under,-110.0,47.5
fc362aff0d889ec52d358307a70c32ed,2026-09-11T16:56:18Z,2026-09-13T17:00:00Z,Carolina Panthers,Chicago Bears,CAR,CHI,fanduel,h2h,Carolina Panthers,148.0,
fc362aff0d889ec52d358307a70c32ed,2026-09-11T16:56:18Z,2026-09-13T17:00:00Z,Carolina Panthers,Chicago Bears,CAR,CHI,fanduel,h2h,Chicago Bears,-176.0,
fc362aff0d889ec52d358307a70c32ed,2026-09-11T16:56:18Z,2026-09-13T17:00:00Z,Carolina Panthers,Chicago Bears,CAR,CHI,fanduel,spreads,Carolina Panthers,-105.0,3.0
fc362aff0d889ec52d358307a70c32ed,2026-09-11T16:56:18Z,2026-09-13T17:00:00Z,Carolina Panthers,Chicago Bears,CAR,CHI,fanduel,spreads,Chicago Bears,-115.0,-3.0
fc362aff0d889ec52d358307a70c32ed,2026-09-11T16:56:18Z,2026-09-13T17:00:00Z,Carolina Panthers,Chicago Bears,CAR,CHI,fanduel,totals,Over,-102.0,47.5
fc362aff0d889ec52d358307a70c32ed,2026-09-11T16:56:18Z,2026-09-13T17:00:00Z,Carolina Panthers,Chicago Bears,CAR,CHI,fanduel,totals,Under,-120.0,47.5
fc362aff0d889ec52d358307a70c32ed,2026-09-11T16:56:18Z,2026-09-13T17:00:00Z,Carolina Panthers,Chicago Bears,CAR,CHI,lowvig,h2h,Carolina Panthers,145.0,
fc362aff0d889ec52d358307a70c32ed,2026-09-11T16:56:18Z,2026-09-13T17:00:00Z,Carolina Panthers,Chicago Bears,CAR,CHI,lowvig,h2h,Chicago Bears,-165.0,
fc362aff0d889ec52d358307a70c32ed,2026-09-11T16:56:18Z,2026-09-13T17:00:00Z,Carolina Panthers,Chicago Bears,CAR,CHI,lowvig,spreads,Carolina Panthers,-105.0,3.0
fc362aff0d889ec52d358307a70c32ed,2026-09-11T16:56:18Z,2026-09-13T17:00:00Z,Carolina Panthers,Chicago Bears,CAR,CHI,lowvig,spreads,Chicago Bears,-105.0,-3.0
fc362aff0d889ec52d358307a70c32ed,2026-09-11T16:56:18Z,2026-09-13T17:00:00Z,Carolina Panthers,Chicago Bears,CAR,CHI,lowvig,totals,Over,-107.0,47.0
fc362aff0d889ec52d358307a70c32ed,2026-09-11T16:56:18Z,2026-09-13T17:00:00Z,Carolina Panthers,Chicago Bears,CAR,CHI,lowvig,totals,Under,-107.0,47.0
fc362aff0d889ec52d358307a70c32ed,2026-09-11T16:56:18Z,2026-09-13T17:00:00Z,Carolina Panthers,Chicago Bears,CAR,CHI,betus,h2h,Carolina Panthers,146.0,
fc362aff0d889ec52d358307a70c32ed,2026-09-11T16:56:18Z,2026-09-13T17:00:00Z,Carolina Panthers,Chicago Bears,CAR,CHI,betus,h2h,Chicago Bears,-170.0,
fc362aff0d889ec52d358307a70c32ed,2026-09-11T16:56:18Z,2026-09-13T17:00:00Z,Carolina Panthers,Chicago Bears,CAR,CHI,betus,spreads,Carolina Panthers,-105.0,3.0
fc362aff0d889ec52d358307a70c32ed,2026-09-11T16:56:18Z,2026-09-13T17:00:00Z,Carolina Panthers,Chicago Bears,CAR,CHI,betus,spreads,Chicago Bears,-115.0,-3.0
fc362aff0d889ec52d358307a70c32ed,2026-09-11T16:56:18Z,2026-09-13T17:00:00Z,Carolina Panthers,Chicago Bears,CAR,CHI,betus,totals,Over,-110.0,47.0
fc362aff0d889ec52d358307a70c32ed,2026-09-11T16:56:18Z,2026-09-13T17:00:00Z,Carolina Panthers,Chicago Bears,CAR,CHI,betus,totals,Under,-110.0,47.0
fc362aff0d889ec52d358307a70c32ed,2026-09-11T16:56:18Z,2026-09-13T17:00:00Z,Carolina Panthers,Chicago Bears,CAR,CHI,betonlineag,h2h,Carolina Panthers,145.0,
fc362aff0d889ec52d358307a70c32ed,2026-09-11T16:56:18Z,2026-09-13T17:00:00Z,Carolina Panthers,Chicago Bears,CAR,CHI,betonlineag,h2h,Chicago Bears,-165.0,
fc362aff0d889ec52d358307a70c32ed,2026-09-11T16:56:18Z,2026-09-13T17:00:00Z,Carolina Panthers,Chicago Bears,CAR,CHI,betonlineag,spreads,Carolina Panthers,-110.0,3.0
fc362aff0d889ec52d358307a70c32ed,2026-09-11T16:56:18Z,2026-09-13T17:00:00Z,Carolina Panthers,Chicago Bears,CAR,CHI,betonlineag,spreads,Chicago Bears,-110.0,-3.0
fc362aff0d889ec52d358307a70c32ed,2026-09-11T16:56:18Z,2026-09-13T17:00:00Z,Carolina Panthers,Chicago Bears,CAR,CHI,betonlineag,totals,Over,-110.0,47.0
fc362aff0d889ec52d358307a70c32ed,2026-09-11T16:56:18Z,2026-09-13T17:00:00Z,Carolina Panthers,Chicago Bears,CAR,CHI,betonlineag,totals,Under,-110.0,47.0
fc362aff0d889ec52d358307a70c32ed,2026-09-11T16:56:18Z,2026-09-13T17:00:00Z,Carolina Panthers,Chicago Bears,CAR,CHI,betrivers,h2h,Carolina Panthers,140.0,
fc362aff0d889ec52d358307a70c32ed,2026-09-11T16:56:18Z,2026-09-13T17:00:00Z,Carolina Panthers,Chicago Bears,CAR,CHI,betrivers,h2h,Chicago Bears,-175.0,
fc362aff0d889ec52d358307a70c32ed,2026-09-11T16:56:18Z,2026-09-13T17:00:00Z,Carolina Panthers,Chicago Bears,CAR,CHI,betrivers,spreads,Carolina Panthers,-107.0,3.0
fc362aff0d889ec52d358307a70c32ed,2026-09-11T16:56:18Z,2026-09-13T17:00:00Z,Carolina Panthers,Chicago Bears,CAR,CHI,betrivers,spreads,Chicago Bears,-114.0,-3.0
fc362aff0d889ec52d358307a70c32ed,2026-09-11T16:56:18Z,2026-09-13T17:00:00Z,Carolina Panthers,Chicago Bears,CAR,CHI,betrivers,totals,Over,-110.0,47.0
fc362aff0d889ec52d358307a70c32ed,2026-09-11T16:56:18Z,2026-09-13T17:00:00Z,Carolina Panthers,Chicago Bears,CAR,CHI,betrivers,totals,Under,-110.0,47.0
fc362aff0d889ec52d358307a70c32ed,2026-09-11T16:56:18Z,2026-09-13T17:00:00Z,Carolina Panthers,Chicago Bears,CAR,CHI,betmgm,h2h,Carolina Panthers,145.0,
fc362aff0d889ec52d358307a70c32ed,2026-09-11T16:56:18Z,2026-09-13T17:00:00Z,Carolina Panthers,Chicago Bears,CAR,CHI,betmgm,h2h,Chicago Bears,-175.0,
fc362aff0d889ec52d358307a70c32ed,2026-09-11T16:56:18Z,2026-09-13T17:00:00Z,Carolina Panthers,Chicago Bears,CAR,CHI,betmgm,spreads,Carolina Panthers,100.0,3.0
fc362aff0d889ec52d358307a70c32ed,2026-09-11T16:56:18Z,2026-09-13T17:00:00Z,Carolina Panthers,Chicago Bears,CAR,CHI,betmgm,spreads,Chicago Bears,-118.0,-3.0
fc362aff0d889ec52d358307a70c32ed,2026-09-11T16:56:18Z,2026-09-13T17:00:00Z,Carolina Panthers,Chicago Bears,CAR,CHI,betmgm,totals,Over,-110.0,47.0
fc362aff0d889ec52d358307a70c32ed,2026-09-11T16:56:18Z,2026-09-13T17:00:00Z,Carolina Panthers,Chicago Bears,CAR,CHI,betmgm,totals,Under,-108.0,47.0
fc362aff0d889ec52d358307a70c32ed,2026-09-11T16:56:18Z,2026-09-13T17:00:00Z,Carolina Panthers,Chicago Bears,CAR,CHI,bovada,h2h,Carolina Panthers,145.0,
fc362aff0d889ec52d358307a70c32ed,2026-09-11T16:56:18Z,2026-09-13T17:00:00Z,Carolina Panthers,Chicago Bears,CAR,CHI,bovada,h2h,Chicago Bears,-170.0,
fc362aff0d889ec52d358307a70c32ed,2026-09-11T16:56:18Z,2026-09-13T17:00:00Z,Carolina Panthers,Chicago Bears,CAR,CHI,bovada,spreads,Carolina Panthers,-110.0,3.0
fc362aff0d889ec52d358307a70c32ed,2026-09-11T16:56:18Z,2026-09-13T17:00:00Z,Carolina Panthers,Chicago Bears,CAR,CHI,bovada,spreads,Chicago Bears,-110.0,-3.0
fc362aff0d889ec52d358307a70c32ed,2026-09-11T16:56:18Z,2026-09-13T17:00:00Z,Carolina Panthers,Chicago Bears,CAR,CHI,bovada,totals,Over,-110.0,47.0
fc362aff0d889ec52d358307a70c32ed,2026-09-11T16:56:18Z,2026-09-13T17:00:00Z,Carolina Panthers,Chicago Bears,CAR,CHI,bovada,totals,Under,-110.0,47.0
fc362aff0d889ec52d358307a70c32ed,2026-09-11T16:56:18Z,2026-09-13T17:00:00Z,Carolina Panthers,Chicago Bears,CAR,CHI,mybookieag,h2h,Carolina Panthers,141.0,
fc362aff0d889ec52d358307a70c32ed,2026-09-11T16:56:18Z,2026-09-13T17:00:00Z,Carolina Panthers,Chicago Bears,CAR,CHI,mybookieag,h2h,Chicago Bears,-174.0,
fc362aff0d889ec52d358307a70c32ed,2026-09-11T16:56:18Z,2026-09-13T17:00:00Z,Carolina Panthers,Chicago Bears,CAR,CHI,mybookieag,spreads,Carolina Panthers,-110.0,3.0
fc362aff0d889ec52d358307a70c32ed,2026-09-11T16:56:18Z,2026-09-13T17:00:00Z,Carolina Panthers,Chicago Bears,CAR,CHI,mybookieag,spreads,Chicago Bears,-110.0,-3.0
fc362aff0d889ec52d358307a70c32ed,2026-09-11T16:56:18Z,2026-09-13T17:00:00Z,Carolina Panthers,Chicago Bears,CAR,CHI,mybookieag,totals,Over,-110.0,47.0
fc362aff0d889ec52d358307a70c32ed,2026-09-11T16:56:18Z,2026-09-13T17:00:00Z,Carolina Panthers,Chicago Bears,CAR,CHI,mybookieag,totals,Under,-110.0,47.0
ed6d24ff979f9c71979fead577b0b3f7,2026-09-11T16:56:18Z,2026-09-13T17:00:00Z,Cincinnati Bengals,Tampa Bay Buccaneers,CIN,TB,draftkings,h2h,Cincinnati Bengals,-198.0,
ed6d24ff979f9c71979fead577b0b3f7,2026-09-11T16:56:18Z,2026-09-13T17:00:00Z,Cincinnati Bengals,Tampa Bay Buccaneers,CIN,TB,draftkings,h2h,Tampa Bay Buccaneers,164.0,
ed6d24ff979f9c71979fead577b0b3f7,2026-09-11T16:56:18Z,2026-09-13T17:00:00Z,Cincinnati Bengals,Tampa Bay Buccaneers,CIN,TB,draftkings,spreads,Cincinnati Bengals,-112.0,-3.5
ed6d24ff979f9c71979fead577b0b3f7,2026-09-11T16:56:18Z,2026-09-13T17:00:00Z,Cincinnati Bengals,Tampa Bay Buccaneers,CIN,TB,draftkings,spreads,Tampa Bay Buccaneers,-108.0,3.5
ed6d24ff979f9c71979fead577b0b3f7,2026-09-11T16:56:18Z,2026-09-13T17:00:00Z,Cincinnati Bengals,Tampa Bay Buccaneers,CIN,TB,draftkings,totals,Over,-108.0,50.5
ed6d24ff979f9c71979fead577b0b3f7,2026-09-11T16:56:18Z,2026-09-13T17:00:00Z,Cincinnati Bengals,Tampa Bay Buccaneers,CIN,TB,draftkings,totals,Under,-112.0,50.5
ed6d24ff979f9c71979fead577b0b3f7,2026-09-11T16:56:18Z,2026-09-13T17:00:00Z,Cincinnati Bengals,Tampa Bay Buccaneers,CIN,TB,fanduel,h2h,Cincinnati Bengals,-205.0,
ed6d24ff979f9c71979fead577b0b3f7,2026-09-11T16:56:18Z,2026-09-13T17:00:00Z,Cincinnati Bengals,Tampa Bay Buccaneers,CIN,TB,fanduel,h2h,Tampa Bay Buccaneers,172.0,
ed6d24ff979f9c71979fead577b0b3f7,2026-09-11T16:56:18Z,2026-09-13T17:00:00Z,Cincinnati Bengals,Tampa Bay Buccaneers,CIN,TB,fanduel,spreads,Cincinnati Bengals,-115.0,-3.5
ed6d24ff979f9c71979fead577b0b3f7,2026-09-11T16:56:18Z,2026-09-13T17:00:00Z,Cincinnati Bengals,Tampa Bay Buccaneers,CIN,TB,fanduel,spreads,Tampa Bay Buccaneers,-105.0,3.5
ed6d24ff979f9c71979fead577b0b3f7,2026-09-11T16:56:18Z,2026-09-13T17:00:00Z,Cincinnati Bengals,Tampa Bay Buccaneers,CIN,TB,fanduel,totals,Over,-112.0,50.5
ed6d24ff979f9c71979fead577b0b3f7,2026-09-11T16:56:18Z,2026-09-13T17:00:00Z,Cincinnati Bengals,Tampa Bay Buccaneers,CIN,TB,fanduel,totals,Under,-108.0,50.5
ed6d24ff979f9c71979fead577b0b3f7,2026-09-11T16:56:18Z,2026-09-13T17:00:00Z,Cincinnati Bengals,Tampa Bay Buccaneers,CIN,TB,lowvig,h2h,Cincinnati Bengals,-200.0,
ed6d24ff979f9c71979fead577b0b3f7,2026-09-11T16:56:18Z,2026-09-13T17:00:00Z,Cincinnati Bengals,Tampa Bay Buccaneers,CIN,TB,lowvig,h2h,Tampa Bay Buccaneers,174.0,
ed6d24ff979f9c71979fead577b0b3f7,2026-09-11T16:56:18Z,2026-09-13T17:00:00Z,Cincinnati Bengals,Tampa Bay Buccaneers,CIN,TB,lowvig,spreads,Cincinnati Bengals,-107.0,-3.5
ed6d24ff979f9c71979fead577b0b3f7,2026-09-11T16:56:18Z,2026-09-13T17:00:00Z,Cincinnati Bengals,Tampa Bay Buccaneers,CIN,TB,lowvig,spreads,Tampa Bay Buccaneers,-103.0,3.5
ed6d24ff979f9c71979fead577b0b3f7,2026-09-11T16:56:18Z,2026-09-13T17:00:00Z,Cincinnati Bengals,Tampa Bay Buccaneers,CIN,TB,lowvig,totals,Over,-102.0,50.5
ed6d24ff979f9c71979fead577b0b3f7,2026-09-11T16:56:18Z,2026-09-13T17:00:00Z,Cincinnati Bengals,Tampa Bay Buccaneers,CIN,TB,lowvig,totals,Under,-113.0,50.5
ed6d24ff979f9c71979fead577b0b3f7,2026-09-11T16:56:18Z,2026-09-13T17:00:00Z,Cincinnati Bengals,Tampa Bay Buccaneers,CIN,TB,betus,h2h,Cincinnati Bengals,-200.0,
ed6d24ff979f9c71979fead577b0b3f7,2026-09-11T16:56:18Z,2026-09-13T17:00:00Z,Cincinnati Bengals,Tampa Bay Buccaneers,CIN,TB,betus,h2h,Tampa Bay Buccaneers,170.0,
ed6d24ff979f9c71979fead577b0b3f7,2026-09-11T16:56:18Z,2026-09-13T17:00:00Z,Cincinnati Bengals,Tampa Bay Buccaneers,CIN,TB,betus,spreads,Cincinnati Bengals,-110.0,-3.5
ed6d24ff979f9c71979fead577b0b3f7,2026-09-11T16:56:18Z,2026-09-13T17:00:00Z,Cincinnati Bengals,Tampa Bay Buccaneers,CIN,TB,betus,spreads,Tampa Bay Buccaneers,-110.0,3.5
ed6d24ff979f9c71979fead577b0b3f7,2026-09-11T16:56:18Z,2026-09-13T17:00:00Z,Cincinnati Bengals,Tampa Bay Buccaneers,CIN,TB,betus,totals,Over,-105.0,50.5
ed6d24ff979f9c71979fead577b0b3f7,2026-09-11T16:56:18Z,2026-09-13T17:00:00Z,Cincinnati Bengals,Tampa Bay Buccaneers,CIN,TB,betus,totals,Under,-115.0,50.5
ed6d24ff979f9c71979fead577b0b3f7,2026-09-11T16:56:18Z,2026-09-13T17:00:00Z,Cincinnati Bengals,Tampa Bay Buccaneers,CIN,TB,betonlineag,h2h,Cincinnati Bengals,-200.0,
ed6d24ff979f9c71979fead577b0b3f7,2026-09-11T16:56:18Z,2026-09-13T17:00:00Z,Cincinnati Bengals,Tampa Bay Buccaneers,CIN,TB,betonlineag,h2h,Tampa Bay Buccaneers,174.0,
ed6d24ff979f9c71979fead577b0b3f7,2026-09-11T16:56:18Z,2026-09-13T17:00:00Z,Cincinnati Bengals,Tampa Bay Buccaneers,CIN,TB,betonlineag,spreads,Cincinnati Bengals,-112.0,-3.5
ed6d24ff979f9c71979fead577b0b3f7,2026-09-11T16:56:18Z,2026-09-13T17:00:00Z,Cincinnati Bengals,Tampa Bay Buccaneers,CIN,TB,betonlineag,spreads,Tampa Bay Buccaneers,-108.0,3.5
ed6d24ff979f9c71979fead577b0b3f7,2026-09-11T16:56:18Z,2026-09-13T17:00:00Z,Cincinnati Bengals,Tampa Bay Buccaneers,CIN,TB,betonlineag,totals,Over,-105.0,50.5
ed6d24ff979f9c71979fead577b0b3f7,2026-09-11T16:56:18Z,2026-09-13T17:00:00Z,Cincinnati Bengals,Tampa Bay Buccaneers,CIN,TB,betonlineag,totals,Under,-115.0,50.5
ed6d24ff979f9c71979fead577b0b3f7,2026-09-11T16:56:18Z,2026-09-13T17:00:00Z,Cincinnati Bengals,Tampa Bay Buccaneers,CIN,TB,betrivers,h2h,Cincinnati Bengals,-210.0,
ed6d24ff979f9c71979fead577b0b3f7,2026-09-11T16:56:18Z,2026-09-13T17:00:00Z,Cincinnati Bengals,Tampa Bay Buccaneers,CIN,TB,betrivers,h2h,Tampa Bay Buccaneers,170.0,
ed6d24ff979f9c71979fead577b0b3f7,2026-09-11T16:56:18Z,2026-09-13T17:00:00Z,Cincinnati Bengals,Tampa Bay Buccaneers,CIN,TB,betrivers,spreads,Cincinnati Bengals,-109.0,-4.0
ed6d24ff979f9c71979fead577b0b3f7,2026-09-11T16:56:18Z,2026-09-13T17:00:00Z,Cincinnati Bengals,Tampa Bay Buccaneers,CIN,TB,betrivers,spreads,Tampa Bay Buccaneers,-112.0,4.0
ed6d24ff979f9c71979fead577b0b3f7,2026-09-11T16:56:18Z,2026-09-13T17:00:00Z,Cincinnati Bengals,Tampa Bay Buccaneers,CIN,TB,betrivers,totals,Over,-112.0,50.5
ed6d24ff979f9c71979fead577b0b3f7,2026-09-11T16:56:18Z,2026-09-13T17:00:00Z,Cincinnati Bengals,Tampa Bay Buccaneers,CIN,TB,betrivers,totals,Under,-109.0,50.5
ed6d24ff979f9c71979fead577b0b3f7,2026-09-11T16:56:18Z,2026-09-13T17:00:00Z,Cincinnati Bengals,Tampa Bay Buccaneers,CIN,TB,betmgm,h2h,Cincinnati Bengals,-210.0,
ed6d24ff979f9c71979fead577b0b3f7,2026-09-11T16:56:18Z,2026-09-13T17:00:00Z,Cincinnati Bengals,Tampa Bay Buccaneers,CIN,TB,betmgm,h2h,Tampa Bay Buccaneers,170.0,
ed6d24ff979f9c71979fead577b0b3f7,2026-09-11T16:56:18Z,2026-09-13T17:00:00Z,Cincinnati Bengals,Tampa Bay Buccaneers,CIN,TB,betmgm,spreads,Cincinnati Bengals,-110.0,-3.5
ed6d24ff979f9c71979fead577b0b3f7,2026-09-11T16:56:18Z,2026-09-13T17:00:00Z,Cincinnati Bengals,Tampa Bay Buccaneers,CIN,TB,betmgm,spreads,Tampa Bay Buccaneers,-108.0,3.5
ed6d24ff979f9c71979fead577b0b3f7,2026-09-11T16:56:18Z,2026-09-13T17:00:00Z,Cincinnati Bengals,Tampa Bay Buccaneers,CIN,TB,betmgm,totals,Over,-108.0,50.5
ed6d24ff979f9c71979fead577b0b3f7,2026-09-11T16:56:18Z,2026-09-13T17:00:00Z,Cincinnati Bengals,Tampa Bay Buccaneers,CIN,TB,betmgm,totals,Under,-110.0,50.5
ed6d24ff979f9c71979fead577b0b3f7,2026-09-11T16:56:18Z,2026-09-13T17:00:00Z,Cincinnati Bengals,Tampa Bay Buccaneers,CIN,TB,bovada,h2h,Cincinnati Bengals,-210.0,
ed6d24ff979f9c71979fead577b0b3f7,2026-09-11T16:56:18Z,2026-09-13T17:00:00Z,Cincinnati Bengals,Tampa Bay Buccaneers,CIN,TB,bovada,h2h,Tampa Bay Buccaneers,175.0,
ed6d24ff979f9c71979fead577b0b3f7,2026-09-11T16:56:18Z,2026-09-13T17:00:00Z,Cincinnati Bengals,Tampa Bay Buccaneers,CIN,TB,bovada,spreads,Cincinnati Bengals,-115.0,-3.5
ed6d24ff979f9c71979fead577b0b3f7,2026-09-11T16:56:18Z,2026-09-13T17:00:00Z,Cincinnati Bengals,Tampa Bay Buccaneers,CIN,TB,bovada,spreads,Tampa Bay Buccaneers,-105.0,3.5
ed6d24ff979f9c71979fead577b0b3f7,2026-09-11T16:56:18Z,2026-09-13T17:00:00Z,Cincinnati Bengals,Tampa Bay Buccaneers,CIN,TB,bovada,totals,Over,-115.0,50.0
ed6d24ff979f9c71979fead577b0b3f7,2026-09-11T16:56:18Z,2026-09-13T17:00:00Z,Cincinnati Bengals,Tampa Bay Buccaneers,CIN,TB,bovada,totals,Under,-105.0,50.0
ed6d24ff979f9c71979fead577b0b3f7,2026-09-11T16:56:18Z,2026-09-13T17:00:00Z,Cincinnati Bengals,Tampa Bay Buccaneers,CIN,TB,mybookieag,h2h,Cincinnati Bengals,-206.0,
ed6d24ff979f9c71979fead577b0b3f7,2026-09-11T16:56:18Z,2026-09-13T17:00:00Z,Cincinnati Bengals,Tampa Bay Buccaneers,CIN,TB,mybookieag,h2h,Tampa Bay Buccaneers,165.0,
ed6d24ff979f9c71979fead577b0b3f7,2026-09-11T16:56:18Z,2026-09-13T17:00:00Z,Cincinnati Bengals,Tampa Bay Buccaneers,CIN,TB,mybookieag,spreads,Cincinnati Bengals,-110.0,-3.5
ed6d24ff979f9c71979fead577b0b3f7,2026-09-11T16:56:18Z,2026-09-13T17:00:00Z,Cincinnati Bengals,Tampa Bay Buccaneers,CIN,TB,mybookieag,spreads,Tampa Bay Buccaneers,-110.0,3.5
ed6d24ff979f9c71979fead577b0b3f7,2026-09-11T16:56:18Z,2026-09-13T17:00:00Z,Cincinnati Bengals,Tampa Bay Buccaneers,CIN,TB,mybookieag,totals,Over,-110.0,50.5
ed6d24ff979f9c71979fead577b0b3f7,2026-09-11T16:56:18Z,2026-09-13T17:00:00Z,Cincinnati Bengals,Tampa Bay Buccaneers,CIN,TB,mybookieag,totals,Under,-110.0,50.5
e55c6fe19fce094ce214c8b0e5b504e9,2026-09-11T16:56:18Z,2026-09-13T17:00:00Z,Jacksonville Jaguars,Cleveland Browns,JAX,CLE,draftkings,h2h,Cleveland Browns,350.0,
e55c6fe19fce094ce214c8b0e5b504e9,2026-09-11T16:56:18Z,2026-09-13T17:00:00Z,Jacksonville Jaguars,Cleveland Browns,JAX,CLE,draftkings,h2h,Jacksonville Jaguars,-455.0,
e55c6fe19fce094ce214c8b0e5b504e9,2026-09-11T16:56:18Z,2026-09-13T17:00:00Z,Jacksonville Jaguars,Cleveland Browns,JAX,CLE,draftkings,spreads,Cleveland Browns,-108.0,8.5
e55c6fe19fce094ce214c8b0e5b504e9,2026-09-11T16:56:18Z,2026-09-13T17:00:00Z,Jacksonville Jaguars,Cleveland Browns,JAX,CLE,draftkings,spreads,Jacksonville Jaguars,-112.0,-8.5
e55c6fe19fce094ce214c8b0e5b504e9,2026-09-11T16:56:18Z,2026-09-13T17:00:00Z,Jacksonville Jaguars,Cleveland Browns,JAX,CLE,draftkings,totals,Over,-118.0,39.5
e55c6fe19fce094ce214c8b0e5b504e9,2026-09-11T16:56:18Z,2026-09-13T17:00:00Z,Jacksonville Jaguars,Cleveland Browns,JAX,CLE,draftkings,totals,Under,-102.0,39.5
e55c6fe19fce094ce214c8b0e5b504e9,2026-09-11T16:56:18Z,2026-09-13T17:00:00Z,Jacksonville Jaguars,Cleveland Browns,JAX,CLE,fanduel,h2h,Cleveland Browns,360.0,
e55c6fe19fce094ce214c8b0e5b504e9,2026-09-11T16:56:18Z,2026-09-13T17:00:00Z,Jacksonville Jaguars,Cleveland Browns,JAX,CLE,fanduel,h2h,Jacksonville Jaguars,-460.0,
e55c6fe19fce094ce214c8b0e5b504e9,2026-09-11T16:56:18Z,2026-09-13T17:00:00Z,Jacksonville Jaguars,Cleveland Browns,JAX,CLE,fanduel,spreads,Cleveland Browns,-108.0,8.5
e55c6fe19fce094ce214c8b0e5b504e9,2026-09-11T16:56:18Z,2026-09-13T17:00:00Z,Jacksonville Jaguars,Cleveland Browns,JAX,CLE,fanduel,spreads,Jacksonville Jaguars,-112.0,-8.5
e55c6fe19fce094ce214c8b0e5b504e9,2026-09-11T16:56:18Z,2026-09-13T17:00:00Z,Jacksonville Jaguars,Cleveland Browns,JAX,CLE,fanduel,totals,Over,-104.0,40.5
e55c6fe19fce094ce214c8b0e5b504e9,2026-09-11T16:56:18Z,2026-09-13T17:00:00Z,Jacksonville Jaguars,Cleveland Browns,JAX,CLE,fanduel,totals,Under,-118.0,40.5
e55c6fe19fce094ce214c8b0e5b504e9,2026-09-11T16:56:18Z,2026-09-13T17:00:00Z,Jacksonville Jaguars,Cleveland Browns,JAX,CLE,betus,h2h,Cleveland Browns,320.0,
e55c6fe19fce094ce214c8b0e5b504e9,2026-09-11T16:56:18Z,2026-09-13T17:00:00Z,Jacksonville Jaguars,Cleveland Browns,JAX,CLE,betus,h2h,Jacksonville Jaguars,-400.0,
e55c6fe19fce094ce214c8b0e5b504e9,2026-09-11T16:56:18Z,2026-09-13T17:00:00Z,Jacksonville Jaguars,Cleveland Browns,JAX,CLE,betus,spreads,Cleveland Browns,-115.0,9.0
e55c6fe19fce094ce214c8b0e5b504e9,2026-09-11T16:56:18Z,2026-09-13T17:00:00Z,Jacksonville Jaguars,Cleveland Browns,JAX,CLE,betus,spreads,Jacksonville Jaguars,-105.0,-9.0
e55c6fe19fce094ce214c8b0e5b504e9,2026-09-11T16:56:18Z,2026-09-13T17:00:00Z,Jacksonville Jaguars,Cleveland Browns,JAX,CLE,betus,totals,Over,-110.0,40.0
e55c6fe19fce094ce214c8b0e5b504e9,2026-09-11T16:56:18Z,2026-09-13T17:00:00Z,Jacksonville Jaguars,Cleveland Browns,JAX,CLE,betus,totals,Under,-110.0,40.0
e55c6fe19fce094ce214c8b0e5b504e9,2026-09-11T16:56:18Z,2026-09-13T17:00:00Z,Jacksonville Jaguars,Cleveland Browns,JAX,CLE,betrivers,h2h,Cleveland Browns,310.0,
e55c6fe19fce094ce214c8b0e5b504e9,2026-09-11T16:56:18Z,2026-09-13T17:00:00Z,Jacksonville Jaguars,Cleveland Browns,JAX,CLE,betrivers,h2h,Jacksonville Jaguars,-400.0,
e55c6fe19fce094ce214c8b0e5b504e9,2026-09-11T16:56:18Z,2026-09-13T17:00:00Z,Jacksonville Jaguars,Cleveland Browns,JAX,CLE,betrivers,spreads,Cleveland Browns,-113.0,8.5
e55c6fe19fce094ce214c8b0e5b504e9,2026-09-11T16:56:18Z,2026-09-13T17:00:00Z,Jacksonville Jaguars,Cleveland Browns,JAX,CLE,betrivers,spreads,Jacksonville Jaguars,-108.0,-8.5
e55c6fe19fce094ce214c8b0e5b504e9,2026-09-11T16:56:18Z,2026-09-13T17:00:00Z,Jacksonville Jaguars,Cleveland Browns,JAX,CLE,betrivers,totals,Over,-107.0,40.5
e55c6fe19fce094ce214c8b0e5b504e9,2026-09-11T16:56:18Z,2026-09-13T17:00:00Z,Jacksonville Jaguars,Cleveland Browns,JAX,CLE,betrivers,totals,Under,-114.0,40.5
e55c6fe19fce094ce214c8b0e5b504e9,2026-09-11T16:56:18Z,2026-09-13T17:00:00Z,Jacksonville Jaguars,Cleveland Browns,JAX,CLE,betonlineag,h2h,Cleveland Browns,316.0,
e55c6fe19fce094ce214c8b0e5b504e9,2026-09-11T16:56:18Z,2026-09-13T17:00:00Z,Jacksonville Jaguars,Cleveland Browns,JAX,CLE,betonlineag,h2h,Jacksonville Jaguars,-400.0,
e55c6fe19fce094ce214c8b0e5b504e9,2026-09-11T16:56:18Z,2026-09-13T17:00:00Z,Jacksonville Jaguars,Cleveland Browns,JAX,CLE,betonlineag,spreads,Cleveland Browns,-115.0,9.0
e55c6fe19fce094ce214c8b0e5b504e9,2026-09-11T16:56:18Z,2026-09-13T17:00:00Z,Jacksonville Jaguars,Cleveland Browns,JAX,CLE,betonlineag,spreads,Jacksonville Jaguars,-105.0,-9.0
e55c6fe19fce094ce214c8b0e5b504e9,2026-09-11T16:56:18Z,2026-09-13T17:00:00Z,Jacksonville Jaguars,Cleveland Browns,JAX,CLE,betonlineag,totals,Over,-112.0,40.0
e55c6fe19fce094ce214c8b0e5b504e9,2026-09-11T16:56:18Z,2026-09-13T17:00:00Z,Jacksonville Jaguars,Cleveland Browns,JAX,CLE,betonlineag,totals,Under,-108.0,40.0
e55c6fe19fce094ce214c8b0e5b504e9,2026-09-11T16:56:18Z,2026-09-13T17:00:00Z,Jacksonville Jaguars,Cleveland Browns,JAX,CLE,lowvig,h2h,Cleveland Browns,316.0,
e55c6fe19fce094ce214c8b0e5b504e9,2026-09-11T16:56:18Z,2026-09-13T17:00:00Z,Jacksonville Jaguars,Cleveland Browns,JAX,CLE,lowvig,h2h,Jacksonville Jaguars,-400.0,
e55c6fe19fce094ce214c8b0e5b504e9,2026-09-11T16:56:18Z,2026-09-13T17:00:00Z,Jacksonville Jaguars,Cleveland Browns,JAX,CLE,lowvig,spreads,Cleveland Browns,-110.0,9.0
e55c6fe19fce094ce214c8b0e5b504e9,2026-09-11T16:56:18Z,2026-09-13T17:00:00Z,Jacksonville Jaguars,Cleveland Browns,JAX,CLE,lowvig,spreads,Jacksonville Jaguars,100.0,-9.0
e55c6fe19fce094ce214c8b0e5b504e9,2026-09-11T16:56:18Z,2026-09-13T17:00:00Z,Jacksonville Jaguars,Cleveland Browns,JAX,CLE,lowvig,totals,Over,-109.0,40.0
e55c6fe19fce094ce214c8b0e5b504e9,2026-09-11T16:56:18Z,2026-09-13T17:00:00Z,Jacksonville Jaguars,Cleveland Browns,JAX,CLE,lowvig,totals,Under,-105.0,40.0
e55c6fe19fce094ce214c8b0e5b504e9,2026-09-11T16:56:18Z,2026-09-13T17:00:00Z,Jacksonville Jaguars,Cleveland Browns,JAX,CLE,betmgm,h2h,Cleveland Browns,333.0,
e55c6fe19fce094ce214c8b0e5b504e9,2026-09-11T16:56:18Z,2026-09-13T17:00:00Z,Jacksonville Jaguars,Cleveland Browns,JAX,CLE,betmgm,h2h,Jacksonville Jaguars,-450.0,
e55c6fe19fce094ce214c8b0e5b504e9,2026-09-11T16:56:18Z,2026-09-13T17:00:00Z,Jacksonville Jaguars,Cleveland Browns,JAX,CLE,betmgm,spreads,Cleveland Browns,-115.0,9.0
e55c6fe19fce094ce214c8b0e5b504e9,2026-09-11T16:56:18Z,2026-09-13T17:00:00Z,Jacksonville Jaguars,Cleveland Browns,JAX,CLE,betmgm,spreads,Jacksonville Jaguars,-112.0,-9.0
e55c6fe19fce094ce214c8b0e5b504e9,2026-09-11T16:56:18Z,2026-09-13T17:00:00Z,Jacksonville Jaguars,Cleveland Browns,JAX,CLE,betmgm,totals,Over,-110.0,40.0
e55c6fe19fce094ce214c8b0e5b504e9,2026-09-11T16:56:18Z,2026-09-13T17:00:00Z,Jacksonville Jaguars,Cleveland Browns,JAX,CLE,betmgm,totals,Under,-108.0,40.0
e55c6fe19fce094ce214c8b0e5b504e9,2026-09-11T16:56:18Z,2026-09-13T17:00:00Z,Jacksonville Jaguars,Cleveland Browns,JAX,CLE,bovada,h2h,Cleveland Browns,310.0,
e55c6fe19fce094ce214c8b0e5b504e9,2026-09-11T16:56:18Z,2026-09-13T17:00:00Z,Jacksonville Jaguars,Cleveland Browns,JAX,CLE,bovada,h2h,Jacksonville Jaguars,-415.0,
e55c6fe19fce094ce214c8b0e5b504e9,2026-09-11T16:56:18Z,2026-09-13T17:00:00Z,Jacksonville Jaguars,Cleveland Browns,JAX,CLE,bovada,spreads,Cleveland Browns,-110.0,8.5
e55c6fe19fce094ce214c8b0e5b504e9,2026-09-11T16:56:18Z,2026-09-13T17:00:00Z,Jacksonville Jaguars,Cleveland Browns,JAX,CLE,bovada,spreads,Jacksonville Jaguars,-110.0,-8.5
e55c6fe19fce094ce214c8b0e5b504e9,2026-09-11T16:56:18Z,2026-09-13T17:00:00Z,Jacksonville Jaguars,Cleveland Browns,JAX,CLE,bovada,totals,Over,-110.0,40.0
e55c6fe19fce094ce214c8b0e5b504e9,2026-09-11T16:56:18Z,2026-09-13T17:00:00Z,Jacksonville Jaguars,Cleveland Browns,JAX,CLE,bovada,totals,Under,-110.0,40.0
e55c6fe19fce094ce214c8b0e5b504e9,2026-09-11T16:56:18Z,2026-09-13T17:00:00Z,Jacksonville Jaguars,Cleveland Browns,JAX,CLE,mybookieag,h2h,Cleveland Browns,350.0,
e55c6fe19fce094ce214c8b0e5b504e9,2026-09-11T16:56:18Z,2026-09-13T17:00:00Z,Jacksonville Jaguars,Cleveland Browns,JAX,CLE,mybookieag,h2h,Jacksonville Jaguars,-481.0,
e55c6fe19fce094ce214c8b0e5b504e9,2026-09-11T16:56:18Z,2026-09-13T17:00:00Z,Jacksonville Jaguars,Cleveland Browns,JAX,CLE,mybookieag,spreads,Cleveland Browns,-110.0,8.5
e55c6fe19fce094ce214c8b0e5b504e9,2026-09-11T16:56:18Z,2026-09-13T17:00:00Z,Jacksonville Jaguars,Cleveland Browns,JAX,CLE,mybookieag,spreads,Jacksonville Jaguars,-110.0,-8.5
e55c6fe19fce094ce214c8b0e5b504e9,2026-09-11T16:56:18Z,2026-09-13T17:00:00Z,Jacksonville Jaguars,Cleveland Browns,JAX,CLE,mybookieag,totals,Over,-110.0,40.0
e55c6fe19fce094ce214c8b0e5b504e9,2026-09-11T16:56:18Z,2026-09-13T17:00:00Z,Jacksonville Jaguars,Cleveland Browns,JAX,CLE,mybookieag,totals,Under,-110.0,40.0
c1d3fcec25aaeb06ebd2244d33d338e0,2026-09-11T16:56:18Z,2026-09-13T17:00:00Z,Detroit Lions,New Orleans Saints,DET,NO,draftkings,h2h,Detroit Lions,-310.0,
c1d3fcec25aaeb06ebd2244d33d338e0,2026-09-11T16:56:18Z,2026-09-13T17:00:00Z,Detroit Lions,New Orleans Saints,DET,NO,draftkings,h2h,New Orleans Saints,250.0,
c1d3fcec25aaeb06ebd2244d33d338e0,2026-09-11T16:56:18Z,2026-09-13T17:00:00Z,Detroit Lions,New Orleans Saints,DET,NO,draftkings,spreads,Detroit Lions,-108.0,-7.0
c1d3fcec25aaeb06ebd2244d33d338e0,2026-09-11T16:56:18Z,2026-09-13T17:00:00Z,Detroit Lions,New Orleans Saints,DET,NO,draftkings,spreads,New Orleans Saints,-112.0,7.0
c1d3fcec25aaeb06ebd2244d33d338e0,2026-09-11T16:56:18Z,2026-09-13T17:00:00Z,Detroit Lions,New Orleans Saints,DET,NO,draftkings,totals,Over,-118.0,49.5
c1d3fcec25aaeb06ebd2244d33d338e0,2026-09-11T16:56:18Z,2026-09-13T17:00:00Z,Detroit Lions,New Orleans Saints,DET,NO,draftkings,totals,Under,-102.0,49.5
c1d3fcec25aaeb06ebd2244d33d338e0,2026-09-11T16:56:18Z,2026-09-13T17:00:00Z,Detroit Lions,New Orleans Saints,DET,NO,fanduel,h2h,Detroit Lions,-335.0,
c1d3fcec25aaeb06ebd2244d33d338e0,2026-09-11T16:56:18Z,2026-09-13T17:00:00Z,Detroit Lions,New Orleans Saints,DET,NO,fanduel,h2h,New Orleans Saints,270.0,
c1d3fcec25aaeb06ebd2244d33d338e0,2026-09-11T16:56:18Z,2026-09-13T17:00:00Z,Detroit Lions,New Orleans Saints,DET,NO,fanduel,spreads,Detroit Lions,-122.0,-6.5
c1d3fcec25aaeb06ebd2244d33d338e0,2026-09-11T16:56:18Z,2026-09-13T17:00:00Z,Detroit Lions,New Orleans Saints,DET,NO,fanduel,spreads,New Orleans Saints,100.0,6.5
c1d3fcec25aaeb06ebd2244d33d338e0,2026-09-11T16:56:18Z,2026-09-13T17:00:00Z,Detroit Lions,New Orleans Saints,DET,NO,fanduel,totals,Over,-115.0,49.5
c1d3fcec25aaeb06ebd2244d33d338e0,2026-09-11T16:56:18Z,2026-09-13T17:00:00Z,Detroit Lions,New Orleans Saints,DET,NO,fanduel,totals,Under,-105.0,49.5
c1d3fcec25aaeb06ebd2244d33d338e0,2026-09-11T16:56:18Z,2026-09-13T17:00:00Z,Detroit Lions,New Orleans Saints,DET,NO,lowvig,h2h,Detroit Lions,-310.0,
c1d3fcec25aaeb06ebd2244d33d338e0,2026-09-11T16:56:18Z,2026-09-13T17:00:00Z,Detroit Lions,New Orleans Saints,DET,NO,lowvig,h2h,New Orleans Saints,252.0,
c1d3fcec25aaeb06ebd2244d33d338e0,2026-09-11T16:56:18Z,2026-09-13T17:00:00Z,Detroit Lions,New Orleans Saints,DET,NO,lowvig,spreads,Detroit Lions,100.0,-7.0
c1d3fcec25aaeb06ebd2244d33d338e0,2026-09-11T16:56:18Z,2026-09-13T17:00:00Z,Detroit Lions,New Orleans Saints,DET,NO,lowvig,spreads,New Orleans Saints,-110.0,7.0
c1d3fcec25aaeb06ebd2244d33d338e0,2026-09-11T16:56:18Z,2026-09-13T17:00:00Z,Detroit Lions,New Orleans Saints,DET,NO,lowvig,totals,Over,-107.0,50.0
c1d3fcec25aaeb06ebd2244d33d338e0,2026-09-11T16:56:18Z,2026-09-13T17:00:00Z,Detroit Lions,New Orleans Saints,DET,NO,lowvig,totals,Under,-107.0,50.0
c1d3fcec25aaeb06ebd2244d33d338e0,2026-09-11T16:56:18Z,2026-09-13T17:00:00Z,Detroit Lions,New Orleans Saints,DET,NO,betonlineag,h2h,Detroit Lions,-310.0,
c1d3fcec25aaeb06ebd2244d33d338e0,2026-09-11T16:56:18Z,2026-09-13T17:00:00Z,Detroit Lions,New Orleans Saints,DET,NO,betonlineag,h2h,New Orleans Saints,252.0,
c1d3fcec25aaeb06ebd2244d33d338e0,2026-09-11T16:56:18Z,2026-09-13T17:00:00Z,Detroit Lions,New Orleans Saints,DET,NO,betonlineag,spreads,Detroit Lions,-105.0,-7.0
c1d3fcec25aaeb06ebd2244d33d338e0,2026-09-11T16:56:18Z,2026-09-13T17:00:00Z,Detroit Lions,New Orleans Saints,DET,NO,betonlineag,spreads,New Orleans Saints,-115.0,7.0
c1d3fcec25aaeb06ebd2244d33d338e0,2026-09-11T16:56:18Z,2026-09-13T17:00:00Z,Detroit Lions,New Orleans Saints,DET,NO,betonlineag,totals,Over,-110.0,50.0
c1d3fcec25aaeb06ebd2244d33d338e0,2026-09-11T16:56:18Z,2026-09-13T17:00:00Z,Detroit Lions,New Orleans Saints,DET,NO,betonlineag,totals,Under,-110.0,50.0
c1d3fcec25aaeb06ebd2244d33d338e0,2026-09-11T16:56:18Z,2026-09-13T17:00:00Z,Detroit Lions,New Orleans Saints,DET,NO,betus,h2h,Detroit Lions,-310.0,
c1d3fcec25aaeb06ebd2244d33d338e0,2026-09-11T16:56:18Z,2026-09-13T17:00:00Z,Detroit Lions,New Orleans Saints,DET,NO,betus,h2h,New Orleans Saints,255.0,
c1d3fcec25aaeb06ebd2244d33d338e0,2026-09-11T16:56:18Z,2026-09-13T17:00:00Z,Detroit Lions,New Orleans Saints,DET,NO,betus,spreads,Detroit Lions,-105.0,-7.0
c1d3fcec25aaeb06ebd2244d33d338e0,2026-09-11T16:56:18Z,2026-09-13T17:00:00Z,Detroit Lions,New Orleans Saints,DET,NO,betus,spreads,New Orleans Saints,-115.0,7.0
c1d3fcec25aaeb06ebd2244d33d338e0,2026-09-11T16:56:18Z,2026-09-13T17:00:00Z,Detroit Lions,New Orleans Saints,DET,NO,betus,totals,Over,-110.0,50.0
c1d3fcec25aaeb06ebd2244d33d338e0,2026-09-11T16:56:18Z,2026-09-13T17:00:00Z,Detroit Lions,New Orleans Saints,DET,NO,betus,totals,Under,-110.0,50.0
c1d3fcec25aaeb06ebd2244d33d338e0,2026-09-11T16:56:18Z,2026-09-13T17:00:00Z,Detroit Lions,New Orleans Saints,DET,NO,betrivers,h2h,Detroit Lions,-345.0,
c1d3fcec25aaeb06ebd2244d33d338e0,2026-09-11T16:56:18Z,2026-09-13T17:00:00Z,Detroit Lions,New Orleans Saints,DET,NO,betrivers,h2h,New Orleans Saints,265.0,
c1d3fcec25aaeb06ebd2244d33d338e0,2026-09-11T16:56:18Z,2026-09-13T17:00:00Z,Detroit Lions,New Orleans Saints,DET,NO,betrivers,spreads,Detroit Lions,-109.0,-7.0
c1d3fcec25aaeb06ebd2244d33d338e0,2026-09-11T16:56:18Z,2026-09-13T17:00:00Z,Detroit Lions,New Orleans Saints,DET,NO,betrivers,spreads,New Orleans Saints,-113.0,7.0
c1d3fcec25aaeb06ebd2244d33d338e0,2026-09-11T16:56:18Z,2026-09-13T17:00:00Z,Detroit Lions,New Orleans Saints,DET,NO,betrivers,totals,Over,-109.0,50.0
c1d3fcec25aaeb06ebd2244d33d338e0,2026-09-11T16:56:18Z,2026-09-13T17:00:00Z,Detroit Lions,New Orleans Saints,DET,NO,betrivers,totals,Under,-112.0,50.0
c1d3fcec25aaeb06ebd2244d33d338e0,2026-09-11T16:56:18Z,2026-09-13T17:00:00Z,Detroit Lions,New Orleans Saints,DET,NO,betmgm,h2h,Detroit Lions,-325.0,
c1d3fcec25aaeb06ebd2244d33d338e0,2026-09-11T16:56:18Z,2026-09-13T17:00:00Z,Detroit Lions,New Orleans Saints,DET,NO,betmgm,h2h,New Orleans Saints,260.0,
c1d3fcec25aaeb06ebd2244d33d338e0,2026-09-11T16:56:18Z,2026-09-13T17:00:00Z,Detroit Lions,New Orleans Saints,DET,NO,betmgm,spreads,Detroit Lions,-110.0,-7.0
c1d3fcec25aaeb06ebd2244d33d338e0,2026-09-11T16:56:18Z,2026-09-13T17:00:00Z,Detroit Lions,New Orleans Saints,DET,NO,betmgm,spreads,New Orleans Saints,-108.0,7.0
c1d3fcec25aaeb06ebd2244d33d338e0,2026-09-11T16:56:18Z,2026-09-13T17:00:00Z,Detroit Lions,New Orleans Saints,DET,NO,betmgm,totals,Over,-110.0,49.5
c1d3fcec25aaeb06ebd2244d33d338e0,2026-09-11T16:56:18Z,2026-09-13T17:00:00Z,Detroit Lions,New Orleans Saints,DET,NO,betmgm,totals,Under,-108.0,49.5
c1d3fcec25aaeb06ebd2244d33d338e0,2026-09-11T16:56:18Z,2026-09-13T17:00:00Z,Detroit Lions,New Orleans Saints,DET,NO,bovada,h2h,Detroit Lions,-330.0,
c1d3fcec25aaeb06ebd2244d33d338e0,2026-09-11T16:56:18Z,2026-09-13T17:00:00Z,Detroit Lions,New Orleans Saints,DET,NO,bovada,h2h,New Orleans Saints,265.0,
c1d3fcec25aaeb06ebd2244d33d338e0,2026-09-11T16:56:18Z,2026-09-13T17:00:00Z,Detroit Lions,New Orleans Saints,DET,NO,bovada,spreads,Detroit Lions,-110.0,-7.0
c1d3fcec25aaeb06ebd2244d33d338e0,2026-09-11T16:56:18Z,2026-09-13T17:00:00Z,Detroit Lions,New Orleans Saints,DET,NO,bovada,spreads,New Orleans Saints,-110.0,7.0
c1d3fcec25aaeb06ebd2244d33d338e0,2026-09-11T16:56:18Z,2026-09-13T17:00:00Z,Detroit Lions,New Orleans Saints,DET,NO,bovada,totals,Over,-105.0,50.0
c1d3fcec25aaeb06ebd2244d33d338e0,2026-09-11T16:56:18Z,2026-09-13T17:00:00Z,Detroit Lions,New Orleans Saints,DET,NO,bovada,totals,Under,-115.0,50.0
c1d3fcec25aaeb06ebd2244d33d338e0,2026-09-11T16:56:18Z,2026-09-13T17:00:00Z,Detroit Lions,New Orleans Saints,DET,NO,mybookieag,h2h,Detroit Lions,-319.0,
c1d3fcec25aaeb06ebd2244d33d338e0,2026-09-11T16:56:18Z,2026-09-13T17:00:00Z,Detroit Lions,New Orleans Saints,DET,NO,mybookieag,h2h,New Orleans Saints,248.0,
c1d3fcec25aaeb06ebd2244d33d338e0,2026-09-11T16:56:18Z,2026-09-13T17:00:00Z,Detroit Lions,New Orleans Saints,DET,NO,mybookieag,spreads,Detroit Lions,-110.0,-7.0
c1d3fcec25aaeb06ebd2244d33d338e0,2026-09-11T16:56:18Z,2026-09-13T17:00:00Z,Detroit Lions,New Orleans Saints,DET,NO,mybookieag,spreads,New Orleans Saints,-110.0,7.0
c1d3fcec25aaeb06ebd2244d33d338e0,2026-09-11T16:56:18Z,2026-09-13T17:00:00Z,Detroit Lions,New Orleans Saints,DET,NO,mybookieag,totals,Over,-110.0,50.0
c1d3fcec25aaeb06ebd2244d33d338e0,2026-09-11T16:56:18Z,2026-09-13T17:00:00Z,Detroit Lions,New Orleans Saints,DET,NO,mybookieag,totals,Under,-110.0,50.0
7dddb296a42e7a41a774b24bd1709ce1,2026-09-11T16:56:18Z,2026-09-13T17:00:00Z,Tennessee Titans,New York Jets,TEN,NYJ,draftkings,h2h,New York Jets,105.0,
7dddb296a42e7a41a774b24bd1709ce1,2026-09-11T16:56:18Z,2026-09-13T17:00:00Z,Tennessee Titans,New York Jets,TEN,NYJ,draftkings,h2h,Tennessee Titans,-125.0,
7dddb296a42e7a41a774b24bd1709ce1,2026-09-11T16:56:18Z,2026-09-13T17:00:00Z,Tennessee Titans,New York Jets,TEN,NYJ,draftkings,spreads,New York Jets,-110.0,1.5
7dddb296a42e7a41a774b24bd1709ce1,2026-09-11T16:56:18Z,2026-09-13T17:00:00Z,Tennessee Titans,New York Jets,TEN,NYJ,draftkings,spreads,Tennessee Titans,-110.0,-1.5
7dddb296a42e7a41a774b24bd1709ce1,2026-09-11T16:56:18Z,2026-09-13T17:00:00Z,Tennessee Titans,New York Jets,TEN,NYJ,draftkings,totals,Over,-112.0,38.5
7dddb296a42e7a41a774b24bd1709ce1,2026-09-11T16:56:18Z,2026-09-13T17:00:00Z,Tennessee Titans,New York Jets,TEN,NYJ,draftkings,totals,Under,-108.0,38.5
7dddb296a42e7a41a774b24bd1709ce1,2026-09-11T16:56:18Z,2026-09-13T17:00:00Z,Tennessee Titans,New York Jets,TEN,NYJ,fanduel,h2h,New York Jets,100.0,
7dddb296a42e7a41a774b24bd1709ce1,2026-09-11T16:56:18Z,2026-09-13T17:00:00Z,Tennessee Titans,New York Jets,TEN,NYJ,fanduel,h2h,Tennessee Titans,-118.0,
7dddb296a42e7a41a774b24bd1709ce1,2026-09-11T16:56:18Z,2026-09-13T17:00:00Z,Tennessee Titans,New York Jets,TEN,NYJ,fanduel,spreads,New York Jets,-112.0,1.5
7dddb296a42e7a41a774b24bd1709ce1,2026-09-11T16:56:18Z,2026-09-13T17:00:00Z,Tennessee Titans,New York Jets,TEN,NYJ,fanduel,spreads,Tennessee Titans,-108.0,-1.5
7dddb296a42e7a41a774b24bd1709ce1,2026-09-11T16:56:18Z,2026-09-13T17:00:00Z,Tennessee Titans,New York Jets,TEN,NYJ,fanduel,totals,Over,-110.0,38.5
7dddb296a42e7a41a774b24bd1709ce1,2026-09-11T16:56:18Z,2026-09-13T17:00:00Z,Tennessee Titans,New York Jets,TEN,NYJ,fanduel,totals,Under,-110.0,38.5
7dddb296a42e7a41a774b24bd1709ce1,2026-09-11T16:56:18Z,2026-09-13T17:00:00Z,Tennessee Titans,New York Jets,TEN,NYJ,lowvig,spreads,New York Jets,101.0,0.0
7dddb296a42e7a41a774b24bd1709ce1,2026-09-11T16:56:18Z,2026-09-13T17:00:00Z,Tennessee Titans,New York Jets,TEN,NYJ,lowvig,spreads,Tennessee Titans,-112.0,0.0
7dddb296a42e7a41a774b24bd1709ce1,2026-09-11T16:56:18Z,2026-09-13T17:00:00Z,Tennessee Titans,New York Jets,TEN,NYJ,lowvig,totals,Over,-107.0,38.5
7dddb296a42e7a41a774b24bd1709ce1,2026-09-11T16:56:18Z,2026-09-13T17:00:00Z,Tennessee Titans,New York Jets,TEN,NYJ,lowvig,totals,Under,-107.0,38.5
7dddb296a42e7a41a774b24bd1709ce1,2026-09-11T16:56:18Z,2026-09-13T17:00:00Z,Tennessee Titans,New York Jets,TEN,NYJ,betus,spreads,New York Jets,100.0,0.0
7dddb296a42e7a41a774b24bd1709ce1,2026-09-11T16:56:18Z,2026-09-13T17:00:00Z,Tennessee Titans,New York Jets,TEN,NYJ,betus,spreads,Tennessee Titans,-120.0,0.0
7dddb296a42e7a41a774b24bd1709ce1,2026-09-11T16:56:18Z,2026-09-13T17:00:00Z,Tennessee Titans,New York Jets,TEN,NYJ,betus,totals,Over,-110.0,38.5
7dddb296a42e7a41a774b24bd1709ce1,2026-09-11T16:56:18Z,2026-09-13T17:00:00Z,Tennessee Titans,New York Jets,TEN,NYJ,betus,totals,Under,-110.0,38.5
7dddb296a42e7a41a774b24bd1709ce1,2026-09-11T16:56:18Z,2026-09-13T17:00:00Z,Tennessee Titans,New York Jets,TEN,NYJ,betonlineag,spreads,New York Jets,-104.0,0.0
7dddb296a42e7a41a774b24bd1709ce1,2026-09-11T16:56:18Z,2026-09-13T17:00:00Z,Tennessee Titans,New York Jets,TEN,NYJ,betonlineag,spreads,Tennessee Titans,-116.0,0.0
7dddb296a42e7a41a774b24bd1709ce1,2026-09-11T16:56:18Z,2026-09-13T17:00:00Z,Tennessee Titans,New York Jets,TEN,NYJ,betonlineag,totals,Over,-110.0,38.5
7dddb296a42e7a41a774b24bd1709ce1,2026-09-11T16:56:18Z,2026-09-13T17:00:00Z,Tennessee Titans,New York Jets,TEN,NYJ,betonlineag,totals,Under,-110.0,38.5
7dddb296a42e7a41a774b24bd1709ce1,2026-09-11T16:56:18Z,2026-09-13T17:00:00Z,Tennessee Titans,New York Jets,TEN,NYJ,betrivers,h2h,New York Jets,104.0,
7dddb296a42e7a41a774b24bd1709ce1,2026-09-11T16:56:18Z,2026-09-13T17:00:00Z,Tennessee Titans,New York Jets,TEN,NYJ,betrivers,h2h,Tennessee Titans,-125.0,
7dddb296a42e7a41a774b24bd1709ce1,2026-09-11T16:56:18Z,2026-09-13T17:00:00Z,Tennessee Titans,New York Jets,TEN,NYJ,betrivers,spreads,New York Jets,-112.0,1.5
7dddb296a42e7a41a774b24bd1709ce1,2026-09-11T16:56:18Z,2026-09-13T17:00:00Z,Tennessee Titans,New York Jets,TEN,NYJ,betrivers,spreads,Tennessee Titans,-109.0,-1.5
7dddb296a42e7a41a774b24bd1709ce1,2026-09-11T16:56:18Z,2026-09-13T17:00:00Z,Tennessee Titans,New York Jets,TEN,NYJ,betrivers,totals,Over,-112.0,38.5
7dddb296a42e7a41a774b24bd1709ce1,2026-09-11T16:56:18Z,2026-09-13T17:00:00Z,Tennessee Titans,New York Jets,TEN,NYJ,betrivers,totals,Under,-109.0,38.5
7dddb296a42e7a41a774b24bd1709ce1,2026-09-11T16:56:18Z,2026-09-13T17:00:00Z,Tennessee Titans,New York Jets,TEN,NYJ,betmgm,h2h,New York Jets,105.0,
7dddb296a42e7a41a774b24bd1709ce1,2026-09-11T16:56:18Z,2026-09-13T17:00:00Z,Tennessee Titans,New York Jets,TEN,NYJ,betmgm,h2h,Tennessee Titans,-120.0,
7dddb296a42e7a41a774b24bd1709ce1,2026-09-11T16:56:18Z,2026-09-13T17:00:00Z,Tennessee Titans,New York Jets,TEN,NYJ,betmgm,spreads,New York Jets,-108.0,1.5
7dddb296a42e7a41a774b24bd1709ce1,2026-09-11T16:56:18Z,2026-09-13T17:00:00Z,Tennessee Titans,New York Jets,TEN,NYJ,betmgm,spreads,Tennessee Titans,-110.0,-1.5
7dddb296a42e7a41a774b24bd1709ce1,2026-09-11T16:56:18Z,2026-09-13T17:00:00Z,Tennessee Titans,New York Jets,TEN,NYJ,betmgm,totals,Over,-110.0,38.5
7dddb296a42e7a41a774b24bd1709ce1,2026-09-11T16:56:18Z,2026-09-13T17:00:00Z,Tennessee Titans,New York Jets,TEN,NYJ,betmgm,totals,Under,-108.0,38.5
7dddb296a42e7a41a774b24bd1709ce1,2026-09-11T16:56:18Z,2026-09-13T17:00:00Z,Tennessee Titans,New York Jets,TEN,NYJ,bovada,h2h,New York Jets,100.0,
7dddb296a42e7a41a774b24bd1709ce1,2026-09-11T16:56:18Z,2026-09-13T17:00:00Z,Tennessee Titans,New York Jets,TEN,NYJ,bovada,h2h,Tennessee Titans,-120.0,
7dddb296a42e7a41a774b24bd1709ce1,2026-09-11T16:56:18Z,2026-09-13T17:00:00Z,Tennessee Titans,New York Jets,TEN,NYJ,bovada,spreads,New York Jets,-105.0,1.0
7dddb296a42e7a41a774b24bd1709ce1,2026-09-11T16:56:18Z,2026-09-13T17:00:00Z,Tennessee Titans,New York Jets,TEN,NYJ,bovada,spreads,Tennessee Titans,-115.0,-1.0
7dddb296a42e7a41a774b24bd1709ce1,2026-09-11T16:56:18Z,2026-09-13T17:00:00Z,Tennessee Titans,New York Jets,TEN,NYJ,bovada,totals,Over,-110.0,38.5
7dddb296a42e7a41a774b24bd1709ce1,2026-09-11T16:56:18Z,2026-09-13T17:00:00Z,Tennessee Titans,New York Jets,TEN,NYJ,bovada,totals,Under,-110.0,38.5
7dddb296a42e7a41a774b24bd1709ce1,2026-09-11T16:56:18Z,2026-09-13T17:00:00Z,Tennessee Titans,New York Jets,TEN,NYJ,mybookieag,h2h,New York Jets,102.0,
7dddb296a42e7a41a774b24bd1709ce1,2026-09-11T16:56:18Z,2026-09-13T17:00:00Z,Tennessee Titans,New York Jets,TEN,NYJ,mybookieag,h2h,Tennessee Titans,-124.0,
7dddb296a42e7a41a774b24bd1709ce1,2026-09-11T16:56:18Z,2026-09-13T17:00:00Z,Tennessee Titans,New York Jets,TEN,NYJ,mybookieag,spreads,New York Jets,-110.0,1.0
7dddb296a42e7a41a774b24bd1709ce1,2026-09-11T16:56:18Z,2026-09-13T17:00:00Z,Tennessee Titans,New York Jets,TEN,NYJ,mybookieag,spreads,Tennessee Titans,-110.0,-1.0
7dddb296a42e7a41a774b24bd1709ce1,2026-09-11T16:56:18Z,2026-09-13T17:00:00Z,Tennessee Titans,New York Jets,TEN,NYJ,mybookieag,totals,Over,-110.0,38.5
7dddb296a42e7a41a774b24bd1709ce1,2026-09-11T16:56:18Z,2026-09-13T17:00:00Z,Tennessee Titans,New York Jets,TEN,NYJ,mybookieag,totals,Under,-110.0,38.5
95c01d1bb797d6df14824b106c5a9130,2026-09-12T16:13:15Z,2026-09-13T17:00:00Z,Pittsburgh Steelers,Atlanta Falcons,PIT,ATL,draftkings,h2h,Atlanta Falcons,220.0,
95c01d1bb797d6df14824b106c5a9130,2026-09-12T16:13:15Z,2026-09-13T17:00:00Z,Pittsburgh Steelers,Atlanta Falcons,PIT,ATL,draftkings,h2h,Pittsburgh Steelers,-270.0,
95c01d1bb797d6df14824b106c5a9130,2026-09-12T16:13:15Z,2026-09-13T17:00:00Z,Pittsburgh Steelers,Atlanta Falcons,PIT,ATL,draftkings,spreads,Atlanta Falcons,-110.0,6.0
95c01d1bb797d6df14824b106c5a9130,2026-09-12T16:13:15Z,2026-09-13T17:00:00Z,Pittsburgh Steelers,Atlanta Falcons,PIT,ATL,draftkings,spreads,Pittsburgh Steelers,-110.0,-6.0
95c01d1bb797d6df14824b106c5a9130,2026-09-12T16:13:15Z,2026-09-13T17:00:00Z,Pittsburgh Steelers,Atlanta Falcons,PIT,ATL,draftkings,totals,Over,-105.0,41.5
95c01d1bb797d6df14824b106c5a9130,2026-09-12T16:13:15Z,2026-09-13T17:00:00Z,Pittsburgh Steelers,Atlanta Falcons,PIT,ATL,draftkings,totals,Under,-115.0,41.5
95c01d1bb797d6df14824b106c5a9130,2026-09-12T16:13:15Z,2026-09-13T17:00:00Z,Pittsburgh Steelers,Atlanta Falcons,PIT,ATL,betrivers,h2h,Atlanta Falcons,210.0,
95c01d1bb797d6df14824b106c5a9130,2026-09-12T16:13:15Z,2026-09-13T17:00:00Z,Pittsburgh Steelers,Atlanta Falcons,PIT,ATL,betrivers,h2h,Pittsburgh Steelers,-265.0,
95c01d1bb797d6df14824b106c5a9130,2026-09-12T16:13:15Z,2026-09-13T17:00:00Z,Pittsburgh Steelers,Atlanta Falcons,PIT,ATL,betrivers,spreads,Atlanta Falcons,-108.0,6.0
95c01d1bb797d6df14824b106c5a9130,2026-09-12T16:13:15Z,2026-09-13T17:00:00Z,Pittsburgh Steelers,Atlanta Falcons,PIT,ATL,betrivers,spreads,Pittsburgh Steelers,-113.0,-6.0
95c01d1bb797d6df14824b106c5a9130,2026-09-12T16:13:15Z,2026-09-13T17:00:00Z,Pittsburgh Steelers,Atlanta Falcons,PIT,ATL,betrivers,totals,Over,-109.0,41.0
95c01d1bb797d6df14824b106c5a9130,2026-09-12T16:13:15Z,2026-09-13T17:00:00Z,Pittsburgh Steelers,Atlanta Falcons,PIT,ATL,betrivers,totals,Under,-112.0,41.0
95c01d1bb797d6df14824b106c5a9130,2026-09-12T16:13:15Z,2026-09-13T17:00:00Z,Pittsburgh Steelers,Atlanta Falcons,PIT,ATL,betonlineag,h2h,Atlanta Falcons,222.0,
95c01d1bb797d6df14824b106c5a9130,2026-09-12T16:13:15Z,2026-09-13T17:00:00Z,Pittsburgh Steelers,Atlanta Falcons,PIT,ATL,betonlineag,h2h,Pittsburgh Steelers,-270.0,
95c01d1bb797d6df14824b106c5a9130,2026-09-12T16:13:15Z,2026-09-13T17:00:00Z,Pittsburgh Steelers,Atlanta Falcons,PIT,ATL,betonlineag,spreads,Atlanta Falcons,-105.0,5.5
95c01d1bb797d6df14824b106c5a9130,2026-09-12T16:13:15Z,2026-09-13T17:00:00Z,Pittsburgh Steelers,Atlanta Falcons,PIT,ATL,betonlineag,spreads,Pittsburgh Steelers,-115.0,-5.5
95c01d1bb797d6df14824b106c5a9130,2026-09-12T16:13:15Z,2026-09-13T17:00:00Z,Pittsburgh Steelers,Atlanta Falcons,PIT,ATL,betonlineag,totals,Over,-110.0,41.0
95c01d1bb797d6df14824b106c5a9130,2026-09-12T16:13:15Z,2026-09-13T17:00:00Z,Pittsburgh Steelers,Atlanta Falcons,PIT,ATL,betonlineag,totals,Under,-110.0,41.0
95c01d1bb797d6df14824b106c5a9130,2026-09-12T16:13:15Z,2026-09-13T17:00:00Z,Pittsburgh Steelers,Atlanta Falcons,PIT,ATL,fanduel,h2h,Atlanta Falcons,235.0,
95c01d1bb797d6df14824b106c5a9130,2026-09-12T16:13:15Z,2026-09-13T17:00:00Z,Pittsburgh Steelers,Atlanta Falcons,PIT,ATL,fanduel,h2h,Pittsburgh Steelers,-290.0,
95c01d1bb797d6df14824b106c5a9130,2026-09-12T16:13:15Z,2026-09-13T17:00:00Z,Pittsburgh Steelers,Atlanta Falcons,PIT,ATL,fanduel,spreads,Atlanta Falcons,-104.0,5.5
95c01d1bb797d6df14824b106c5a9130,2026-09-12T16:13:15Z,2026-09-13T17:00:00Z,Pittsburgh Steelers,Atlanta Falcons,PIT,ATL,fanduel,spreads,Pittsburgh Steelers,-118.0,-5.5
95c01d1bb797d6df14824b106c5a9130,2026-09-12T16:13:15Z,2026-09-13T17:00:00Z,Pittsburgh Steelers,Atlanta Falcons,PIT,ATL,fanduel,totals,Over,-118.0,40.5
95c01d1bb797d6df14824b106c5a9130,2026-09-12T16:13:15Z,2026-09-13T17:00:00Z,Pittsburgh Steelers,Atlanta Falcons,PIT,ATL,fanduel,totals,Under,-104.0,40.5
95c01d1bb797d6df14824b106c5a9130,2026-09-12T16:13:15Z,2026-09-13T17:00:00Z,Pittsburgh Steelers,Atlanta Falcons,PIT,ATL,lowvig,h2h,Atlanta Falcons,222.0,
95c01d1bb797d6df14824b106c5a9130,2026-09-12T16:13:15Z,2026-09-13T17:00:00Z,Pittsburgh Steelers,Atlanta Falcons,PIT,ATL,lowvig,h2h,Pittsburgh Steelers,-270.0,
95c01d1bb797d6df14824b106c5a9130,2026-09-12T16:13:15Z,2026-09-13T17:00:00Z,Pittsburgh Steelers,Atlanta Falcons,PIT,ATL,lowvig,spreads,Atlanta Falcons,100.0,5.5
95c01d1bb797d6df14824b106c5a9130,2026-09-12T16:13:15Z,2026-09-13T17:00:00Z,Pittsburgh Steelers,Atlanta Falcons,PIT,ATL,lowvig,spreads,Pittsburgh Steelers,-110.0,-5.5
95c01d1bb797d6df14824b106c5a9130,2026-09-12T16:13:15Z,2026-09-13T17:00:00Z,Pittsburgh Steelers,Atlanta Falcons,PIT,ATL,lowvig,totals,Over,-107.0,41.0
95c01d1bb797d6df14824b106c5a9130,2026-09-12T16:13:15Z,2026-09-13T17:00:00Z,Pittsburgh Steelers,Atlanta Falcons,PIT,ATL,lowvig,totals,Under,-107.0,41.0
95c01d1bb797d6df14824b106c5a9130,2026-09-12T16:13:15Z,2026-09-13T17:00:00Z,Pittsburgh Steelers,Atlanta Falcons,PIT,ATL,betus,h2h,Atlanta Falcons,225.0,
95c01d1bb797d6df14824b106c5a9130,2026-09-12T16:13:15Z,2026-09-13T17:00:00Z,Pittsburgh Steelers,Atlanta Falcons,PIT,ATL,betus,h2h,Pittsburgh Steelers,-270.0,
95c01d1bb797d6df14824b106c5a9130,2026-09-12T16:13:15Z,2026-09-13T17:00:00Z,Pittsburgh Steelers,Atlanta Falcons,PIT,ATL,betus,spreads,Atlanta Falcons,-110.0,6.0
95c01d1bb797d6df14824b106c5a9130,2026-09-12T16:13:15Z,2026-09-13T17:00:00Z,Pittsburgh Steelers,Atlanta Falcons,PIT,ATL,betus,spreads,Pittsburgh Steelers,-110.0,-6.0
95c01d1bb797d6df14824b106c5a9130,2026-09-12T16:13:15Z,2026-09-13T17:00:00Z,Pittsburgh Steelers,Atlanta Falcons,PIT,ATL,betus,totals,Over,-110.0,41.0
95c01d1bb797d6df14824b106c5a9130,2026-09-12T16:13:15Z,2026-09-13T17:00:00Z,Pittsburgh Steelers,Atlanta Falcons,PIT,ATL,betus,totals,Under,-110.0,41.0
95c01d1bb797d6df14824b106c5a9130,2026-09-12T16:13:15Z,2026-09-13T17:00:00Z,Pittsburgh Steelers,Atlanta Falcons,PIT,ATL,betmgm,h2h,Atlanta Falcons,225.0,
95c01d1bb797d6df14824b106c5a9130,2026-09-12T16:13:15Z,2026-09-13T17:00:00Z,Pittsburgh Steelers,Atlanta Falcons,PIT,ATL,betmgm,h2h,Pittsburgh Steelers,-275.0,
95c01d1bb797d6df14824b106c5a9130,2026-09-12T16:13:15Z,2026-09-13T17:00:00Z,Pittsburgh Steelers,Atlanta Falcons,PIT,ATL,betmgm,spreads,Atlanta Falcons,-110.0,6.0
95c01d1bb797d6df14824b106c5a9130,2026-09-12T16:13:15Z,2026-09-13T17:00:00Z,Pittsburgh Steelers,Atlanta Falcons,PIT,ATL,betmgm,spreads,Pittsburgh Steelers,-108.0,-6.0
95c01d1bb797d6df14824b106c5a9130,2026-09-12T16:13:15Z,2026-09-13T17:00:00Z,Pittsburgh Steelers,Atlanta Falcons,PIT,ATL,betmgm,totals,Over,-110.0,41.0
95c01d1bb797d6df14824b106c5a9130,2026-09-12T16:13:15Z,2026-09-13T17:00:00Z,Pittsburgh Steelers,Atlanta Falcons,PIT,ATL,betmgm,totals,Under,-108.0,41.0
95c01d1bb797d6df14824b106c5a9130,2026-09-12T16:13:15Z,2026-09-13T17:00:00Z,Pittsburgh Steelers,Atlanta Falcons,PIT,ATL,bovada,h2h,Atlanta Falcons,240.0,
95c01d1bb797d6df14824b106c5a9130,2026-09-12T16:13:15Z,2026-09-13T17:00:00Z,Pittsburgh Steelers,Atlanta Falcons,PIT,ATL,bovada,h2h,Pittsburgh Steelers,-290.0,
95c01d1bb797d6df14824b106c5a9130,2026-09-12T16:13:15Z,2026-09-13T17:00:00Z,Pittsburgh Steelers,Atlanta Falcons,PIT,ATL,bovada,spreads,Atlanta Falcons,-115.0,6.5
95c01d1bb797d6df14824b106c5a9130,2026-09-12T16:13:15Z,2026-09-13T17:00:00Z,Pittsburgh Steelers,Atlanta Falcons,PIT,ATL,bovada,spreads,Pittsburgh Steelers,-105.0,-6.5
95c01d1bb797d6df14824b106c5a9130,2026-09-12T16:13:15Z,2026-09-13T17:00:00Z,Pittsburgh Steelers,Atlanta Falcons,PIT,ATL,bovada,totals,Over,-110.0,41.0
95c01d1bb797d6df14824b106c5a9130,2026-09-12T16:13:15Z,2026-09-13T17:00:00Z,Pittsburgh Steelers,Atlanta Falcons,PIT,ATL,bovada,totals,Under,-110.0,41.0
95c01d1bb797d6df14824b106c5a9130,2026-09-12T16:13:15Z,2026-09-13T17:00:00Z,Pittsburgh Steelers,Atlanta Falcons,PIT,ATL,mybookieag,h2h,Atlanta Falcons,218.0,
95c01d1bb797d6df14824b106c5a9130,2026-09-12T16:13:15Z,2026-09-13T17:00:00Z,Pittsburgh Steelers,Atlanta Falcons,PIT,ATL,mybookieag,h2h,Pittsburgh Steelers,-275.0,
95c01d1bb797d6df14824b106c5a9130,2026-09-12T16:13:15Z,2026-09-13T17:00:00Z,Pittsburgh Steelers,Atlanta Falcons,PIT,ATL,mybookieag,spreads,Atlanta Falcons,-110.0,6.0
95c01d1bb797d6df14824b106c5a9130,2026-09-12T16:13:15Z,2026-09-13T17:00:00Z,Pittsburgh Steelers,Atlanta Falcons,PIT,ATL,mybookieag,spreads,Pittsburgh Steelers,-110.0,-6.0
95c01d1bb797d6df14824b106c5a9130,2026-09-12T16:13:15Z,2026-09-13T17:00:00Z,Pittsburgh Steelers,Atlanta Falcons,PIT,ATL,mybookieag,totals,Over,-110.0,41.0
95c01d1bb797d6df14824b106c5a9130,2026-09-12T16:13:15Z,2026-09-13T17:00:00Z,Pittsburgh Steelers,Atlanta Falcons,PIT,ATL,mybookieag,totals,Under,-110.0,41.0
b6cfdcbafa61ce220ba87dc2d9b80c77,2026-09-12T16:13:15Z,2026-09-13T17:00:00Z,Indianapolis Colts,Baltimore Ravens,IND,BAL,draftkings,h2h,Baltimore Ravens,-175.0,
b6cfdcbafa61ce220ba87dc2d9b80c77,2026-09-12T16:13:15Z,2026-09-13T17:00:00Z,Indianapolis Colts,Baltimore Ravens,IND,BAL,draftkings,h2h,Indianapolis Colts,145.0,
b6cfdcbafa61ce220ba87dc2d9b80c77,2026-09-12T16:13:15Z,2026-09-13T17:00:00Z,Indianapolis Colts,Baltimore Ravens,IND,BAL,draftkings,spreads,Baltimore Ravens,-105.0,-3.5
b6cfdcbafa61ce220ba87dc2d9b80c77,2026-09-12T16:13:15Z,2026-09-13T17:00:00Z,Indianapolis Colts,Baltimore Ravens,IND,BAL,draftkings,spreads,Indianapolis Colts,-115.0,3.5
b6cfdcbafa61ce220ba87dc2d9b80c77,2026-09-12T16:13:15Z,2026-09-13T17:00:00Z,Indianapolis Colts,Baltimore Ravens,IND,BAL,draftkings,totals,Over,-115.0,47.5
b6cfdcbafa61ce220ba87dc2d9b80c77,2026-09-12T16:13:15Z,2026-09-13T17:00:00Z,Indianapolis Colts,Baltimore Ravens,IND,BAL,draftkings,totals,Under,-105.0,47.5
b6cfdcbafa61ce220ba87dc2d9b80c77,2026-09-12T16:13:15Z,2026-09-13T17:00:00Z,Indianapolis Colts,Baltimore Ravens,IND,BAL,betus,h2h,Baltimore Ravens,-165.0,
b6cfdcbafa61ce220ba87dc2d9b80c77,2026-09-12T16:13:15Z,2026-09-13T17:00:00Z,Indianapolis Colts,Baltimore Ravens,IND,BAL,betus,h2h,Indianapolis Colts,142.0,
b6cfdcbafa61ce220ba87dc2d9b80c77,2026-09-12T16:13:15Z,2026-09-13T17:00:00Z,Indianapolis Colts,Baltimore Ravens,IND,BAL,betus,spreads,Baltimore Ravens,-120.0,-3.0
b6cfdcbafa61ce220ba87dc2d9b80c77,2026-09-12T16:13:15Z,2026-09-13T17:00:00Z,Indianapolis Colts,Baltimore Ravens,IND,BAL,betus,spreads,Indianapolis Colts,100.0,3.0
b6cfdcbafa61ce220ba87dc2d9b80c77,2026-09-12T16:13:15Z,2026-09-13T17:00:00Z,Indianapolis Colts,Baltimore Ravens,IND,BAL,betus,totals,Over,-110.0,48.0
b6cfdcbafa61ce220ba87dc2d9b80c77,2026-09-12T16:13:15Z,2026-09-13T17:00:00Z,Indianapolis Colts,Baltimore Ravens,IND,BAL,betus,totals,Under,-110.0,48.0
b6cfdcbafa61ce220ba87dc2d9b80c77,2026-09-12T16:13:15Z,2026-09-13T17:00:00Z,Indianapolis Colts,Baltimore Ravens,IND,BAL,lowvig,h2h,Baltimore Ravens,-165.0,
b6cfdcbafa61ce220ba87dc2d9b80c77,2026-09-12T16:13:15Z,2026-09-13T17:00:00Z,Indianapolis Colts,Baltimore Ravens,IND,BAL,lowvig,h2h,Indianapolis Colts,145.0,
b6cfdcbafa61ce220ba87dc2d9b80c77,2026-09-12T16:13:15Z,2026-09-13T17:00:00Z,Indianapolis Colts,Baltimore Ravens,IND,BAL,lowvig,spreads,Baltimore Ravens,-110.0,-3.0
b6cfdcbafa61ce220ba87dc2d9b80c77,2026-09-12T16:13:15Z,2026-09-13T17:00:00Z,Indianapolis Colts,Baltimore Ravens,IND,BAL,lowvig,spreads,Indianapolis Colts,100.0,3.0
b6cfdcbafa61ce220ba87dc2d9b80c77,2026-09-12T16:13:15Z,2026-09-13T17:00:00Z,Indianapolis Colts,Baltimore Ravens,IND,BAL,lowvig,totals,Over,-102.0,48.0
b6cfdcbafa61ce220ba87dc2d9b80c77,2026-09-12T16:13:15Z,2026-09-13T17:00:00Z,Indianapolis Colts,Baltimore Ravens,IND,BAL,lowvig,totals,Under,-113.0,48.0
b6cfdcbafa61ce220ba87dc2d9b80c77,2026-09-12T16:13:15Z,2026-09-13T17:00:00Z,Indianapolis Colts,Baltimore Ravens,IND,BAL,betrivers,h2h,Baltimore Ravens,-175.0,
b6cfdcbafa61ce220ba87dc2d9b80c77,2026-09-12T16:13:15Z,2026-09-13T17:00:00Z,Indianapolis Colts,Baltimore Ravens,IND,BAL,betrivers,h2h,Indianapolis Colts,143.0,
b6cfdcbafa61ce220ba87dc2d9b80c77,2026-09-12T16:13:15Z,2026-09-13T17:00:00Z,Indianapolis Colts,Baltimore Ravens,IND,BAL,betrivers,spreads,Baltimore Ravens,-107.0,-3.5
b6cfdcbafa61ce220ba87dc2d9b80c77,2026-09-12T16:13:15Z,2026-09-13T17:00:00Z,Indianapolis Colts,Baltimore Ravens,IND,BAL,betrivers,spreads,Indianapolis Colts,-114.0,3.5
b6cfdcbafa61ce220ba87dc2d9b80c77,2026-09-12T16:13:15Z,2026-09-13T17:00:00Z,Indianapolis Colts,Baltimore Ravens,IND,BAL,betrivers,totals,Over,-108.0,48.0
b6cfdcbafa61ce220ba87dc2d9b80c77,2026-09-12T16:13:15Z,2026-09-13T17:00:00Z,Indianapolis Colts,Baltimore Ravens,IND,BAL,betrivers,totals,Under,-113.0,48.0
b6cfdcbafa61ce220ba87dc2d9b80c77,2026-09-12T16:13:15Z,2026-09-13T17:00:00Z,Indianapolis Colts,Baltimore Ravens,IND,BAL,betonlineag,h2h,Baltimore Ravens,-165.0,
b6cfdcbafa61ce220ba87dc2d9b80c77,2026-09-12T16:13:15Z,2026-09-13T17:00:00Z,Indianapolis Colts,Baltimore Ravens,IND,BAL,betonlineag,h2h,Indianapolis Colts,145.0,
b6cfdcbafa61ce220ba87dc2d9b80c77,2026-09-12T16:13:15Z,2026-09-13T17:00:00Z,Indianapolis Colts,Baltimore Ravens,IND,BAL,betonlineag,spreads,Baltimore Ravens,-115.0,-3.0
b6cfdcbafa61ce220ba87dc2d9b80c77,2026-09-12T16:13:15Z,2026-09-13T17:00:00Z,Indianapolis Colts,Baltimore Ravens,IND,BAL,betonlineag,spreads,Indianapolis Colts,-105.0,3.0
b6cfdcbafa61ce220ba87dc2d9b80c77,2026-09-12T16:13:15Z,2026-09-13T17:00:00Z,Indianapolis Colts,Baltimore Ravens,IND,BAL,betonlineag,totals,Over,-105.0,48.0
b6cfdcbafa61ce220ba87dc2d9b80c77,2026-09-12T16:13:15Z,2026-09-13T17:00:00Z,Indianapolis Colts,Baltimore Ravens,IND,BAL,betonlineag,totals,Under,-115.0,48.0
b6cfdcbafa61ce220ba87dc2d9b80c77,2026-09-12T16:13:15Z,2026-09-13T17:00:00Z,Indianapolis Colts,Baltimore Ravens,IND,BAL,fanduel,h2h,Baltimore Ravens,-176.0,
b6cfdcbafa61ce220ba87dc2d9b80c77,2026-09-12T16:13:15Z,2026-09-13T17:00:00Z,Indianapolis Colts,Baltimore Ravens,IND,BAL,fanduel,h2h,Indianapolis Colts,148.0,
b6cfdcbafa61ce220ba87dc2d9b80c77,2026-09-12T16:13:15Z,2026-09-13T17:00:00Z,Indianapolis Colts,Baltimore Ravens,IND,BAL,fanduel,spreads,Baltimore Ravens,-102.0,-3.5
b6cfdcbafa61ce220ba87dc2d9b80c77,2026-09-12T16:13:15Z,2026-09-13T17:00:00Z,Indianapolis Colts,Baltimore Ravens,IND,BAL,fanduel,spreads,Indianapolis Colts,-120.0,3.5
b6cfdcbafa61ce220ba87dc2d9b80c77,2026-09-12T16:13:15Z,2026-09-13T17:00:00Z,Indianapolis Colts,Baltimore Ravens,IND,BAL,fanduel,totals,Over,-114.0,47.5
b6cfdcbafa61ce220ba87dc2d9b80c77,2026-09-12T16:13:15Z,2026-09-13T17:00:00Z,Indianapolis Colts,Baltimore Ravens,IND,BAL,fanduel,totals,Under,-106.0,47.5
b6cfdcbafa61ce220ba87dc2d9b80c77,2026-09-12T16:13:15Z,2026-09-13T17:00:00Z,Indianapolis Colts,Baltimore Ravens,IND,BAL,betmgm,h2h,Baltimore Ravens,-185.0,
b6cfdcbafa61ce220ba87dc2d9b80c77,2026-09-12T16:13:15Z,2026-09-13T17:00:00Z,Indianapolis Colts,Baltimore Ravens,IND,BAL,betmgm,h2h,Indianapolis Colts,150.0,
b6cfdcbafa61ce220ba87dc2d9b80c77,2026-09-12T16:13:15Z,2026-09-13T17:00:00Z,Indianapolis Colts,Baltimore Ravens,IND,BAL,betmgm,spreads,Baltimore Ravens,-102.0,-3.5
b6cfdcbafa61ce220ba87dc2d9b80c77,2026-09-12T16:13:15Z,2026-09-13T17:00:00Z,Indianapolis Colts,Baltimore Ravens,IND,BAL,betmgm,spreads,Indianapolis Colts,-115.0,3.5
b6cfdcbafa61ce220ba87dc2d9b80c77,2026-09-12T16:13:15Z,2026-09-13T17:00:00Z,Indianapolis Colts,Baltimore Ravens,IND,BAL,betmgm,totals,Over,-108.0,48.0
b6cfdcbafa61ce220ba87dc2d9b80c77,2026-09-12T16:13:15Z,2026-09-13T17:00:00Z,Indianapolis Colts,Baltimore Ravens,IND,BAL,betmgm,totals,Under,-110.0,48.0
b6cfdcbafa61ce220ba87dc2d9b80c77,2026-09-12T16:13:15Z,2026-09-13T17:00:00Z,Indianapolis Colts,Baltimore Ravens,IND,BAL,bovada,h2h,Baltimore Ravens,-175.0,
b6cfdcbafa61ce220ba87dc2d9b80c77,2026-09-12T16:13:15Z,2026-09-13T17:00:00Z,Indianapolis Colts,Baltimore Ravens,IND,BAL,bovada,h2h,Indianapolis Colts,150.0,
b6cfdcbafa61ce220ba87dc2d9b80c77,2026-09-12T16:13:15Z,2026-09-13T17:00:00Z,Indianapolis Colts,Baltimore Ravens,IND,BAL,bovada,spreads,Baltimore Ravens,-120.0,-3.0
b6cfdcbafa61ce220ba87dc2d9b80c77,2026-09-12T16:13:15Z,2026-09-13T17:00:00Z,Indianapolis Colts,Baltimore Ravens,IND,BAL,bovada,spreads,Indianapolis Colts,100.0,3.0
b6cfdcbafa61ce220ba87dc2d9b80c77,2026-09-12T16:13:15Z,2026-09-13T17:00:00Z,Indianapolis Colts,Baltimore Ravens,IND,BAL,bovada,totals,Over,-105.0,48.0
b6cfdcbafa61ce220ba87dc2d9b80c77,2026-09-12T16:13:15Z,2026-09-13T17:00:00Z,Indianapolis Colts,Baltimore Ravens,IND,BAL,bovada,totals,Under,-115.0,48.0
b6cfdcbafa61ce220ba87dc2d9b80c77,2026-09-12T16:13:15Z,2026-09-13T17:00:00Z,Indianapolis Colts,Baltimore Ravens,IND,BAL,mybookieag,h2h,Baltimore Ravens,-162.0,
b6cfdcbafa61ce220ba87dc2d9b80c77,2026-09-12T16:13:15Z,2026-09-13T17:00:00Z,Indianapolis Colts,Baltimore Ravens,IND,BAL,mybookieag,h2h,Indianapolis Colts,132.0,
b6cfdcbafa61ce220ba87dc2d9b80c77,2026-09-12T16:13:15Z,2026-09-13T17:00:00Z,Indianapolis Colts,Baltimore Ravens,IND,BAL,mybookieag,spreads,Baltimore Ravens,-110.0,-3.0
b6cfdcbafa61ce220ba87dc2d9b80c77,2026-09-12T16:13:15Z,2026-09-13T17:00:00Z,Indianapolis Colts,Baltimore Ravens,IND,BAL,mybookieag,spreads,Indianapolis Colts,-110.0,3.0
b6cfdcbafa61ce220ba87dc2d9b80c77,2026-09-12T16:13:15Z,2026-09-13T17:00:00Z,Indianapolis Colts,Baltimore Ravens,IND,BAL,mybookieag,totals,Over,-110.0,48.0
b6cfdcbafa61ce220ba87dc2d9b80c77,2026-09-12T16:13:15Z,2026-09-13T17:00:00Z,Indianapolis Colts,Baltimore Ravens,IND,BAL,mybookieag,totals,Under,-110.0,48.0
7e09efed7e12c659b82740b67ce2f9a1,2026-09-12T16:13:15Z,2026-09-13T17:00:00Z,Houston Texans,Buffalo Bills,HOU,BUF,draftkings,h2h,Buffalo Bills,-118.0,
7e09efed7e12c659b82740b67ce2f9a1,2026-09-12T16:13:15Z,2026-09-13T17:00:00Z,Houston Texans,Buffalo Bills,HOU,BUF,draftkings,h2h,Houston Texans,-102.0,
7e09efed7e12c659b82740b67ce2f9a1,2026-09-12T16:13:15Z,2026-09-13T17:00:00Z,Houston Texans,Buffalo Bills,HOU,BUF,draftkings,spreads,Buffalo Bills,-108.0,-1.5
7e09efed7e12c659b82740b67ce2f9a1,2026-09-12T16:13:15Z,2026-09-13T17:00:00Z,Houston Texans,Buffalo Bills,HOU,BUF,draftkings,spreads,Houston Texans,-112.0,1.5
7e09efed7e12c659b82740b67ce2f9a1,2026-09-12T16:13:15Z,2026-09-13T17:00:00Z,Houston Texans,Buffalo Bills,HOU,BUF,draftkings,totals,Over,-110.0,44.5
7e09efed7e12c659b82740b67ce2f9a1,2026-09-12T16:13:15Z,2026-09-13T17:00:00Z,Houston Texans,Buffalo Bills,HOU,BUF,draftkings,totals,Under,-110.0,44.5
7e09efed7e12c659b82740b67ce2f9a1,2026-09-12T16:13:15Z,2026-09-13T17:00:00Z,Houston Texans,Buffalo Bills,HOU,BUF,betus,h2h,Buffalo Bills,-125.0,
7e09efed7e12c659b82740b67ce2f9a1,2026-09-12T16:13:15Z,2026-09-13T17:00:00Z,Houston Texans,Buffalo Bills,HOU,BUF,betus,h2h,Houston Texans,105.0,
7e09efed7e12c659b82740b67ce2f9a1,2026-09-12T16:13:15Z,2026-09-13T17:00:00Z,Houston Texans,Buffalo Bills,HOU,BUF,betus,spreads,Buffalo Bills,-115.0,-1.0
7e09efed7e12c659b82740b67ce2f9a1,2026-09-12T16:13:15Z,2026-09-13T17:00:00Z,Houston Texans,Buffalo Bills,HOU,BUF,betus,spreads,Houston Texans,-105.0,1.0
7e09efed7e12c659b82740b67ce2f9a1,2026-09-12T16:13:15Z,2026-09-13T17:00:00Z,Houston Texans,Buffalo Bills,HOU,BUF,betus,totals,Over,-110.0,44.5
7e09efed7e12c659b82740b67ce2f9a1,2026-09-12T16:13:15Z,2026-09-13T17:00:00Z,Houston Texans,Buffalo Bills,HOU,BUF,betus,totals,Under,-110.0,44.5
7e09efed7e12c659b82740b67ce2f9a1,2026-09-12T16:13:15Z,2026-09-13T17:00:00Z,Houston Texans,Buffalo Bills,HOU,BUF,lowvig,h2h,Buffalo Bills,-125.0,
7e09efed7e12c659b82740b67ce2f9a1,2026-09-12T16:13:15Z,2026-09-13T17:00:00Z,Houston Texans,Buffalo Bills,HOU,BUF,lowvig,h2h,Houston Texans,105.0,
7e09efed7e12c659b82740b67ce2f9a1,2026-09-12T16:13:15Z,2026-09-13T17:00:00Z,Houston Texans,Buffalo Bills,HOU,BUF,lowvig,spreads,Buffalo Bills,-112.0,-1.0
7e09efed7e12c659b82740b67ce2f9a1,2026-09-12T16:13:15Z,2026-09-13T17:00:00Z,Houston Texans,Buffalo Bills,HOU,BUF,lowvig,spreads,Houston Texans,101.0,1.0
7e09efed7e12c659b82740b67ce2f9a1,2026-09-12T16:13:15Z,2026-09-13T17:00:00Z,Houston Texans,Buffalo Bills,HOU,BUF,lowvig,totals,Over,-107.0,44.5
7e09efed7e12c659b82740b67ce2f9a1,2026-09-12T16:13:15Z,2026-09-13T17:00:00Z,Houston Texans,Buffalo Bills,HOU,BUF,lowvig,totals,Under,-107.0,44.5
7e09efed7e12c659b82740b67ce2f9a1,2026-09-12T16:13:15Z,2026-09-13T17:00:00Z,Houston Texans,Buffalo Bills,HOU,BUF,betrivers,h2h,Buffalo Bills,-125.0,
7e09efed7e12c659b82740b67ce2f9a1,2026-09-12T16:13:15Z,2026-09-13T17:00:00Z,Houston Texans,Buffalo Bills,HOU,BUF,betrivers,h2h,Houston Texans,104.0,
7e09efed7e12c659b82740b67ce2f9a1,2026-09-12T16:13:15Z,2026-09-13T17:00:00Z,Houston Texans,Buffalo Bills,HOU,BUF,betrivers,spreads,Buffalo Bills,-108.0,-2.0
7e09efed7e12c659b82740b67ce2f9a1,2026-09-12T16:13:15Z,2026-09-13T17:00:00Z,Houston Texans,Buffalo Bills,HOU,BUF,betrivers,spreads,Houston Texans,-113.0,2.0
7e09efed7e12c659b82740b67ce2f9a1,2026-09-12T16:13:15Z,2026-09-13T17:00:00Z,Houston Texans,Buffalo Bills,HOU,BUF,betrivers,totals,Over,-110.0,45.0
7e09efed7e12c659b82740b67ce2f9a1,2026-09-12T16:13:15Z,2026-09-13T17:00:00Z,Houston Texans,Buffalo Bills,HOU,BUF,betrivers,totals,Under,-110.0,45.0
7e09efed7e12c659b82740b67ce2f9a1,2026-09-12T16:13:15Z,2026-09-13T17:00:00Z,Houston Texans,Buffalo Bills,HOU,BUF,betonlineag,h2h,Buffalo Bills,-125.0,
7e09efed7e12c659b82740b67ce2f9a1,2026-09-12T16:13:15Z,2026-09-13T17:00:00Z,Houston Texans,Buffalo Bills,HOU,BUF,betonlineag,h2h,Houston Texans,105.0,
7e09efed7e12c659b82740b67ce2f9a1,2026-09-12T16:13:15Z,2026-09-13T17:00:00Z,Houston Texans,Buffalo Bills,HOU,BUF,betonlineag,spreads,Buffalo Bills,-120.0,-1.0
7e09efed7e12c659b82740b67ce2f9a1,2026-09-12T16:13:15Z,2026-09-13T17:00:00Z,Houston Texans,Buffalo Bills,HOU,BUF,betonlineag,spreads,Houston Texans,100.0,1.0
7e09efed7e12c659b82740b67ce2f9a1,2026-09-12T16:13:15Z,2026-09-13T17:00:00Z,Houston Texans,Buffalo Bills,HOU,BUF,betonlineag,totals,Over,-110.0,44.5
7e09efed7e12c659b82740b67ce2f9a1,2026-09-12T16:13:15Z,2026-09-13T17:00:00Z,Houston Texans,Buffalo Bills,HOU,BUF,betonlineag,totals,Under,-110.0,44.5
7e09efed7e12c659b82740b67ce2f9a1,2026-09-12T16:13:15Z,2026-09-13T17:00:00Z,Houston Texans,Buffalo Bills,HOU,BUF,fanduel,h2h,Buffalo Bills,-112.0,
7e09efed7e12c659b82740b67ce2f9a1,2026-09-12T16:13:15Z,2026-09-13T17:00:00Z,Houston Texans,Buffalo Bills,HOU,BUF,fanduel,h2h,Houston Texans,-104.0,
7e09efed7e12c659b82740b67ce2f9a1,2026-09-12T16:13:15Z,2026-09-13T17:00:00Z,Houston Texans,Buffalo Bills,HOU,BUF,fanduel,spreads,Buffalo Bills,-105.0,-1.5
7e09efed7e12c659b82740b67ce2f9a1,2026-09-12T16:13:15Z,2026-09-13T17:00:00Z,Houston Texans,Buffalo Bills,HOU,BUF,fanduel,spreads,Houston Texans,-115.0,1.5
7e09efed7e12c659b82740b67ce2f9a1,2026-09-12T16:13:15Z,2026-09-13T17:00:00Z,Houston Texans,Buffalo Bills,HOU,BUF,fanduel,totals,Over,-110.0,44.5
7e09efed7e12c659b82740b67ce2f9a1,2026-09-12T16:13:15Z,2026-09-13T17:00:00Z,Houston Texans,Buffalo Bills,HOU,BUF,fanduel,totals,Under,-110.0,44.5
7e09efed7e12c659b82740b67ce2f9a1,2026-09-12T16:13:15Z,2026-09-13T17:00:00Z,Houston Texans,Buffalo Bills,HOU,BUF,betmgm,h2h,Buffalo Bills,-120.0,
7e09efed7e12c659b82740b67ce2f9a1,2026-09-12T16:13:15Z,2026-09-13T17:00:00Z,Houston Texans,Buffalo Bills,HOU,BUF,betmgm,h2h,Houston Texans,105.0,
7e09efed7e12c659b82740b67ce2f9a1,2026-09-12T16:13:15Z,2026-09-13T17:00:00Z,Houston Texans,Buffalo Bills,HOU,BUF,betmgm,spreads,Buffalo Bills,-108.0,-1.5
7e09efed7e12c659b82740b67ce2f9a1,2026-09-12T16:13:15Z,2026-09-13T17:00:00Z,Houston Texans,Buffalo Bills,HOU,BUF,betmgm,spreads,Houston Texans,-110.0,1.5
7e09efed7e12c659b82740b67ce2f9a1,2026-09-12T16:13:15Z,2026-09-13T17:00:00Z,Houston Texans,Buffalo Bills,HOU,BUF,betmgm,totals,Over,-110.0,44.5
7e09efed7e12c659b82740b67ce2f9a1,2026-09-12T16:13:15Z,2026-09-13T17:00:00Z,Houston Texans,Buffalo Bills,HOU,BUF,betmgm,totals,Under,-108.0,44.5
7e09efed7e12c659b82740b67ce2f9a1,2026-09-12T16:13:15Z,2026-09-13T17:00:00Z,Houston Texans,Buffalo Bills,HOU,BUF,bovada,h2h,Buffalo Bills,-125.0,
7e09efed7e12c659b82740b67ce2f9a1,2026-09-12T16:13:15Z,2026-09-13T17:00:00Z,Houston Texans,Buffalo Bills,HOU,BUF,bovada,h2h,Houston Texans,105.0,
7e09efed7e12c659b82740b67ce2f9a1,2026-09-12T16:13:15Z,2026-09-13T17:00:00Z,Houston Texans,Buffalo Bills,HOU,BUF,bovada,spreads,Buffalo Bills,-110.0,-1.5
7e09efed7e12c659b82740b67ce2f9a1,2026-09-12T16:13:15Z,2026-09-13T17:00:00Z,Houston Texans,Buffalo Bills,HOU,BUF,bovada,spreads,Houston Texans,-110.0,1.5
7e09efed7e12c659b82740b67ce2f9a1,2026-09-12T16:13:15Z,2026-09-13T17:00:00Z,Houston Texans,Buffalo Bills,HOU,BUF,bovada,totals,Over,-110.0,44.5
7e09efed7e12c659b82740b67ce2f9a1,2026-09-12T16:13:15Z,2026-09-13T17:00:00Z,Houston Texans,Buffalo Bills,HOU,BUF,bovada,totals,Under,-110.0,44.5
7e09efed7e12c659b82740b67ce2f9a1,2026-09-12T16:13:15Z,2026-09-13T17:00:00Z,Houston Texans,Buffalo Bills,HOU,BUF,mybookieag,h2h,Buffalo Bills,-121.0,
7e09efed7e12c659b82740b67ce2f9a1,2026-09-12T16:13:15Z,2026-09-13T17:00:00Z,Houston Texans,Buffalo Bills,HOU,BUF,mybookieag,h2h,Houston Texans,-101.0,
7e09efed7e12c659b82740b67ce2f9a1,2026-09-12T16:13:15Z,2026-09-13T17:00:00Z,Houston Texans,Buffalo Bills,HOU,BUF,mybookieag,spreads,Buffalo Bills,-110.0,-1.0
7e09efed7e12c659b82740b67ce2f9a1,2026-09-12T16:13:15Z,2026-09-13T17:00:00Z,Houston Texans,Buffalo Bills,HOU,BUF,mybookieag,spreads,Houston Texans,-110.0,1.0
7e09efed7e12c659b82740b67ce2f9a1,2026-09-12T16:13:15Z,2026-09-13T17:00:00Z,Houston Texans,Buffalo Bills,HOU,BUF,mybookieag,totals,Over,-110.0,44.5
7e09efed7e12c659b82740b67ce2f9a1,2026-09-12T16:13:15Z,2026-09-13T17:00:00Z,Houston Texans,Buffalo Bills,HOU,BUF,mybookieag,totals,Under,-110.0,44.5
fc362aff0d889ec52d358307a70c32ed,2026-09-12T16:13:15Z,2026-09-13T17:00:00Z,Carolina Panthers,Chicago Bears,CAR,CHI,draftkings,h2h,Carolina Panthers,140.0,
fc362aff0d889ec52d358307a70c32ed,2026-09-12T16:13:15Z,2026-09-13T17:00:00Z,Carolina Panthers,Chicago Bears,CAR,CHI,draftkings,h2h,Chicago Bears,-166.0,
fc362aff0d889ec52d358307a70c32ed,2026-09-12T16:13:15Z,2026-09-13T17:00:00Z,Carolina Panthers,Chicago Bears,CAR,CHI,draftkings,spreads,Carolina Panthers,-102.0,3.0
fc362aff0d889ec52d358307a70c32ed,2026-09-12T16:13:15Z,2026-09-13T17:00:00Z,Carolina Panthers,Chicago Bears,CAR,CHI,draftkings,spreads,Chicago Bears,-118.0,-3.0
fc362aff0d889ec52d358307a70c32ed,2026-09-12T16:13:15Z,2026-09-13T17:00:00Z,Carolina Panthers,Chicago Bears,CAR,CHI,draftkings,totals,Over,-110.0,47.5
fc362aff0d889ec52d358307a70c32ed,2026-09-12T16:13:15Z,2026-09-13T17:00:00Z,Carolina Panthers,Chicago Bears,CAR,CHI,draftkings,totals,Under,-110.0,47.5
fc362aff0d889ec52d358307a70c32ed,2026-09-12T16:13:15Z,2026-09-13T17:00:00Z,Carolina Panthers,Chicago Bears,CAR,CHI,fanduel,h2h,Carolina Panthers,148.0,
fc362aff0d889ec52d358307a70c32ed,2026-09-12T16:13:15Z,2026-09-13T17:00:00Z,Carolina Panthers,Chicago Bears,CAR,CHI,fanduel,h2h,Chicago Bears,-176.0,
fc362aff0d889ec52d358307a70c32ed,2026-09-12T16:13:15Z,2026-09-13T17:00:00Z,Carolina Panthers,Chicago Bears,CAR,CHI,fanduel,spreads,Carolina Panthers,-105.0,3.0
fc362aff0d889ec52d358307a70c32ed,2026-09-12T16:13:15Z,2026-09-13T17:00:00Z,Carolina Panthers,Chicago Bears,CAR,CHI,fanduel,spreads,Chicago Bears,-115.0,-3.0
fc362aff0d889ec52d358307a70c32ed,2026-09-12T16:13:15Z,2026-09-13T17:00:00Z,Carolina Panthers,Chicago Bears,CAR,CHI,fanduel,totals,Over,-102.0,47.5
fc362aff0d889ec52d358307a70c32ed,2026-09-12T16:13:15Z,2026-09-13T17:00:00Z,Carolina Panthers,Chicago Bears,CAR,CHI,fanduel,totals,Under,-120.0,47.5
fc362aff0d889ec52d358307a70c32ed,2026-09-12T16:13:15Z,2026-09-13T17:00:00Z,Carolina Panthers,Chicago Bears,CAR,CHI,lowvig,h2h,Carolina Panthers,149.0,
fc362aff0d889ec52d358307a70c32ed,2026-09-12T16:13:15Z,2026-09-13T17:00:00Z,Carolina Panthers,Chicago Bears,CAR,CHI,lowvig,h2h,Chicago Bears,-170.0,
fc362aff0d889ec52d358307a70c32ed,2026-09-12T16:13:15Z,2026-09-13T17:00:00Z,Carolina Panthers,Chicago Bears,CAR,CHI,lowvig,spreads,Carolina Panthers,-105.0,3.0
fc362aff0d889ec52d358307a70c32ed,2026-09-12T16:13:15Z,2026-09-13T17:00:00Z,Carolina Panthers,Chicago Bears,CAR,CHI,lowvig,spreads,Chicago Bears,-105.0,-3.0
fc362aff0d889ec52d358307a70c32ed,2026-09-12T16:13:15Z,2026-09-13T17:00:00Z,Carolina Panthers,Chicago Bears,CAR,CHI,lowvig,totals,Over,-107.0,47.0
fc362aff0d889ec52d358307a70c32ed,2026-09-12T16:13:15Z,2026-09-13T17:00:00Z,Carolina Panthers,Chicago Bears,CAR,CHI,lowvig,totals,Under,-107.0,47.0
fc362aff0d889ec52d358307a70c32ed,2026-09-12T16:13:15Z,2026-09-13T17:00:00Z,Carolina Panthers,Chicago Bears,CAR,CHI,betus,h2h,Carolina Panthers,146.0,
fc362aff0d889ec52d358307a70c32ed,2026-09-12T16:13:15Z,2026-09-13T17:00:00Z,Carolina Panthers,Chicago Bears,CAR,CHI,betus,h2h,Chicago Bears,-170.0,
fc362aff0d889ec52d358307a70c32ed,2026-09-12T16:13:15Z,2026-09-13T17:00:00Z,Carolina Panthers,Chicago Bears,CAR,CHI,betus,spreads,Carolina Panthers,-105.0,3.0
fc362aff0d889ec52d358307a70c32ed,2026-09-12T16:13:15Z,2026-09-13T17:00:00Z,Carolina Panthers,Chicago Bears,CAR,CHI,betus,spreads,Chicago Bears,-115.0,-3.0
fc362aff0d889ec52d358307a70c32ed,2026-09-12T16:13:15Z,2026-09-13T17:00:00Z,Carolina Panthers,Chicago Bears,CAR,CHI,betus,totals,Over,-110.0,47.0
fc362aff0d889ec52d358307a70c32ed,2026-09-12T16:13:15Z,2026-09-13T17:00:00Z,Carolina Panthers,Chicago Bears,CAR,CHI,betus,totals,Under,-110.0,47.0
fc362aff0d889ec52d358307a70c32ed,2026-09-12T16:13:15Z,2026-09-13T17:00:00Z,Carolina Panthers,Chicago Bears,CAR,CHI,betonlineag,h2h,Carolina Panthers,149.0,
fc362aff0d889ec52d358307a70c32ed,2026-09-12T16:13:15Z,2026-09-13T17:00:00Z,Carolina Panthers,Chicago Bears,CAR,CHI,betonlineag,h2h,Chicago Bears,-170.0,
fc362aff0d889ec52d358307a70c32ed,2026-09-12T16:13:15Z,2026-09-13T17:00:00Z,Carolina Panthers,Chicago Bears,CAR,CHI,betonlineag,spreads,Carolina Panthers,-105.0,3.0
fc362aff0d889ec52d358307a70c32ed,2026-09-12T16:13:15Z,2026-09-13T17:00:00Z,Carolina Panthers,Chicago Bears,CAR,CHI,betonlineag,spreads,Chicago Bears,-115.0,-3.0
fc362aff0d889ec52d358307a70c32ed,2026-09-12T16:13:15Z,2026-09-13T17:00:00Z,Carolina Panthers,Chicago Bears,CAR,CHI,betonlineag,totals,Over,-110.0,47.0
fc362aff0d889ec52d358307a70c32ed,2026-09-12T16:13:15Z,2026-09-13T17:00:00Z,Carolina Panthers,Chicago Bears,CAR,CHI,betonlineag,totals,Under,-110.0,47.0
fc362aff0d889ec52d358307a70c32ed,2026-09-12T16:13:15Z,2026-09-13T17:00:00Z,Carolina Panthers,Chicago Bears,CAR,CHI,betrivers,h2h,Carolina Panthers,140.0,
fc362aff0d889ec52d358307a70c32ed,2026-09-12T16:13:15Z,2026-09-13T17:00:00Z,Carolina Panthers,Chicago Bears,CAR,CHI,betrivers,h2h,Chicago Bears,-175.0,
fc362aff0d889ec52d358307a70c32ed,2026-09-12T16:13:15Z,2026-09-13T17:00:00Z,Carolina Panthers,Chicago Bears,CAR,CHI,betrivers,spreads,Carolina Panthers,-107.0,3.0
fc362aff0d889ec52d358307a70c32ed,2026-09-12T16:13:15Z,2026-09-13T17:00:00Z,Carolina Panthers,Chicago Bears,CAR,CHI,betrivers,spreads,Chicago Bears,-114.0,-3.0
fc362aff0d889ec52d358307a70c32ed,2026-09-12T16:13:15Z,2026-09-13T17:00:00Z,Carolina Panthers,Chicago Bears,CAR,CHI,betrivers,totals,Over,-110.0,47.0
fc362aff0d889ec52d358307a70c32ed,2026-09-12T16:13:15Z,2026-09-13T17:00:00Z,Carolina Panthers,Chicago Bears,CAR,CHI,betrivers,totals,Under,-110.0,47.0
fc362aff0d889ec52d358307a70c32ed,2026-09-12T16:13:15Z,2026-09-13T17:00:00Z,Carolina Panthers,Chicago Bears,CAR,CHI,betmgm,h2h,Carolina Panthers,140.0,
fc362aff0d889ec52d358307a70c32ed,2026-09-12T16:13:15Z,2026-09-13T17:00:00Z,Carolina Panthers,Chicago Bears,CAR,CHI,betmgm,h2h,Chicago Bears,-165.0,
fc362aff0d889ec52d358307a70c32ed,2026-09-12T16:13:15Z,2026-09-13T17:00:00Z,Carolina Panthers,Chicago Bears,CAR,CHI,betmgm,spreads,Carolina Panthers,-102.0,3.0
fc362aff0d889ec52d358307a70c32ed,2026-09-12T16:13:15Z,2026-09-13T17:00:00Z,Carolina Panthers,Chicago Bears,CAR,CHI,betmgm,spreads,Chicago Bears,-118.0,-3.0
fc362aff0d889ec52d358307a70c32ed,2026-09-12T16:13:15Z,2026-09-13T17:00:00Z,Carolina Panthers,Chicago Bears,CAR,CHI,betmgm,totals,Over,-110.0,47.0
fc362aff0d889ec52d358307a70c32ed,2026-09-12T16:13:15Z,2026-09-13T17:00:00Z,Carolina Panthers,Chicago Bears,CAR,CHI,betmgm,totals,Under,-108.0,47.0
fc362aff0d889ec52d358307a70c32ed,2026-09-12T16:13:15Z,2026-09-13T17:00:00Z,Carolina Panthers,Chicago Bears,CAR,CHI,bovada,h2h,Carolina Panthers,145.0,
fc362aff0d889ec52d358307a70c32ed,2026-09-12T16:13:15Z,2026-09-13T17:00:00Z,Carolina Panthers,Chicago Bears,CAR,CHI,bovada,h2h,Chicago Bears,-170.0,
fc362aff0d889ec52d358307a70c32ed,2026-09-12T16:13:15Z,2026-09-13T17:00:00Z,Carolina Panthers,Chicago Bears,CAR,CHI,bovada,spreads,Carolina Panthers,-110.0,3.0
fc362aff0d889ec52d358307a70c32ed,2026-09-12T16:13:15Z,2026-09-13T17:00:00Z,Carolina Panthers,Chicago Bears,CAR,CHI,bovada,spreads,Chicago Bears,-110.0,-3.0
fc362aff0d889ec52d358307a70c32ed,2026-09-12T16:13:15Z,2026-09-13T17:00:00Z,Carolina Panthers,Chicago Bears,CAR,CHI,bovada,totals,Over,-110.0,47.0
fc362aff0d889ec52d358307a70c32ed,2026-09-12T16:13:15Z,2026-09-13T17:00:00Z,Carolina Panthers,Chicago Bears,CAR,CHI,bovada,totals,Under,-110.0,47.0
fc362aff0d889ec52d358307a70c32ed,2026-09-12T16:13:15Z,2026-09-13T17:00:00Z,Carolina Panthers,Chicago Bears,CAR,CHI,mybookieag,h2h,Carolina Panthers,141.0,
fc362aff0d889ec52d358307a70c32ed,2026-09-12T16:13:15Z,2026-09-13T17:00:00Z,Carolina Panthers,Chicago Bears,CAR,CHI,mybookieag,h2h,Chicago Bears,-174.0,
fc362aff0d889ec52d358307a70c32ed,2026-09-12T16:13:15Z,2026-09-13T17:00:00Z,Carolina Panthers,Chicago Bears,CAR,CHI,mybookieag,spreads,Carolina Panthers,-110.0,3.0
fc362aff0d889ec52d358307a70c32ed,2026-09-12T16:13:15Z,2026-09-13T17:00:00Z,Carolina Panthers,Chicago Bears,CAR,CHI,mybookieag,spreads,Chicago Bears,-110.0,-3.0
fc362aff0d889ec52d358307a70c32ed,2026-09-12T16:13:15Z,2026-09-13T17:00:00Z,Carolina Panthers,Chicago Bears,CAR,CHI,mybookieag,totals,Over,-110.0,47.0
fc362aff0d889ec52d358307a70c32ed,2026-09-12T16:13:15Z,2026-09-13T17:00:00Z,Carolina Panthers,Chicago Bears,CAR,CHI,mybookieag,totals,Under,-110.0,47.0
ed6d24ff979f9c71979fead577b0b3f7,2026-09-12T16:13:15Z,2026-09-13T17:00:00Z,Cincinnati Bengals,Tampa Bay Buccaneers,CIN,TB,draftkings,h2h,Cincinnati Bengals,-205.0,
ed6d24ff979f9c71979fead577b0b3f7,2026-09-12T16:13:15Z,2026-09-13T17:00:00Z,Cincinnati Bengals,Tampa Bay Buccaneers,CIN,TB,draftkings,h2h,Tampa Bay Buccaneers,170.0,
ed6d24ff979f9c71979fead577b0b3f7,2026-09-12T16:13:15Z,2026-09-13T17:00:00Z,Cincinnati Bengals,Tampa Bay Buccaneers,CIN,TB,draftkings,spreads,Cincinnati Bengals,-112.0,-3.5
ed6d24ff979f9c71979fead577b0b3f7,2026-09-12T16:13:15Z,2026-09-13T17:00:00Z,Cincinnati Bengals,Tampa Bay Buccaneers,CIN,TB,draftkings,spreads,Tampa Bay Buccaneers,-108.0,3.5
ed6d24ff979f9c71979fead577b0b3f7,2026-09-12T16:13:15Z,2026-09-13T17:00:00Z,Cincinnati Bengals,Tampa Bay Buccaneers,CIN,TB,draftkings,totals,Over,-108.0,50.5
ed6d24ff979f9c71979fead577b0b3f7,2026-09-12T16:13:15Z,2026-09-13T17:00:00Z,Cincinnati Bengals,Tampa Bay Buccaneers,CIN,TB,draftkings,totals,Under,-112.0,50.5
ed6d24ff979f9c71979fead577b0b3f7,2026-09-12T16:13:15Z,2026-09-13T17:00:00Z,Cincinnati Bengals,Tampa Bay Buccaneers,CIN,TB,fanduel,h2h,Cincinnati Bengals,-210.0,
ed6d24ff979f9c71979fead577b0b3f7,2026-09-12T16:13:15Z,2026-09-13T17:00:00Z,Cincinnati Bengals,Tampa Bay Buccaneers,CIN,TB,fanduel,h2h,Tampa Bay Buccaneers,176.0,
ed6d24ff979f9c71979fead577b0b3f7,2026-09-12T16:13:15Z,2026-09-13T17:00:00Z,Cincinnati Bengals,Tampa Bay Buccaneers,CIN,TB,fanduel,spreads,Cincinnati Bengals,-118.0,-3.5
ed6d24ff979f9c71979fead577b0b3f7,2026-09-12T16:13:15Z,2026-09-13T17:00:00Z,Cincinnati Bengals,Tampa Bay Buccaneers,CIN,TB,fanduel,spreads,Tampa Bay Buccaneers,-104.0,3.5
ed6d24ff979f9c71979fead577b0b3f7,2026-09-12T16:13:15Z,2026-09-13T17:00:00Z,Cincinnati Bengals,Tampa Bay Buccaneers,CIN,TB,fanduel,totals,Over,-112.0,50.5
ed6d24ff979f9c71979fead577b0b3f7,2026-09-12T16:13:15Z,2026-09-13T17:00:00Z,Cincinnati Bengals,Tampa Bay Buccaneers,CIN,TB,fanduel,totals,Under,-108.0,50.5
ed6d24ff979f9c71979fead577b0b3f7,2026-09-12T16:13:15Z,2026-09-13T17:00:00Z,Cincinnati Bengals,Tampa Bay Buccaneers,CIN,TB,lowvig,h2h,Cincinnati Bengals,-205.0,
ed6d24ff979f9c71979fead577b0b3f7,2026-09-12T16:13:15Z,2026-09-13T17:00:00Z,Cincinnati Bengals,Tampa Bay Buccaneers,CIN,TB,lowvig,h2h,Tampa Bay Buccaneers,177.0,
ed6d24ff979f9c71979fead577b0b3f7,2026-09-12T16:13:15Z,2026-09-13T17:00:00Z,Cincinnati Bengals,Tampa Bay Buccaneers,CIN,TB,lowvig,spreads,Cincinnati Bengals,-110.0,-3.5
ed6d24ff979f9c71979fead577b0b3f7,2026-09-12T16:13:15Z,2026-09-13T17:00:00Z,Cincinnati Bengals,Tampa Bay Buccaneers,CIN,TB,lowvig,spreads,Tampa Bay Buccaneers,100.0,3.5
ed6d24ff979f9c71979fead577b0b3f7,2026-09-12T16:13:15Z,2026-09-13T17:00:00Z,Cincinnati Bengals,Tampa Bay Buccaneers,CIN,TB,lowvig,totals,Over,-102.0,50.5
ed6d24ff979f9c71979fead577b0b3f7,2026-09-12T16:13:15Z,2026-09-13T17:00:00Z,Cincinnati Bengals,Tampa Bay Buccaneers,CIN,TB,lowvig,totals,Under,-113.0,50.5
ed6d24ff979f9c71979fead577b0b3f7,2026-09-12T16:13:15Z,2026-09-13T17:00:00Z,Cincinnati Bengals,Tampa Bay Buccaneers,CIN,TB,betus,h2h,Cincinnati Bengals,-205.0,
ed6d24ff979f9c71979fead577b0b3f7,2026-09-12T16:13:15Z,2026-09-13T17:00:00Z,Cincinnati Bengals,Tampa Bay Buccaneers,CIN,TB,betus,h2h,Tampa Bay Buccaneers,175.0,
ed6d24ff979f9c71979fead577b0b3f7,2026-09-12T16:13:15Z,2026-09-13T17:00:00Z,Cincinnati Bengals,Tampa Bay Buccaneers,CIN,TB,betus,spreads,Cincinnati Bengals,-115.0,-3.5
ed6d24ff979f9c71979fead577b0b3f7,2026-09-12T16:13:15Z,2026-09-13T17:00:00Z,Cincinnati Bengals,Tampa Bay Buccaneers,CIN,TB,betus,spreads,Tampa Bay Buccaneers,-105.0,3.5
ed6d24ff979f9c71979fead577b0b3f7,2026-09-12T16:13:15Z,2026-09-13T17:00:00Z,Cincinnati Bengals,Tampa Bay Buccaneers,CIN,TB,betus,totals,Over,-105.0,50.5
ed6d24ff979f9c71979fead577b0b3f7,2026-09-12T16:13:15Z,2026-09-13T17:00:00Z,Cincinnati Bengals,Tampa Bay Buccaneers,CIN,TB,betus,totals,Under,-115.0,50.5
ed6d24ff979f9c71979fead577b0b3f7,2026-09-12T16:13:15Z,2026-09-13T17:00:00Z,Cincinnati Bengals,Tampa Bay Buccaneers,CIN,TB,betonlineag,h2h,Cincinnati Bengals,-205.0,
ed6d24ff979f9c71979fead577b0b3f7,2026-09-12T16:13:15Z,2026-09-13T17:00:00Z,Cincinnati Bengals,Tampa Bay Buccaneers,CIN,TB,betonlineag,h2h,Tampa Bay Buccaneers,177.0,
ed6d24ff979f9c71979fead577b0b3f7,2026-09-12T16:13:15Z,2026-09-13T17:00:00Z,Cincinnati Bengals,Tampa Bay Buccaneers,CIN,TB,betonlineag,spreads,Cincinnati Bengals,-115.0,-3.5
ed6d24ff979f9c71979fead577b0b3f7,2026-09-12T16:13:15Z,2026-09-13T17:00:00Z,Cincinnati Bengals,Tampa Bay Buccaneers,CIN,TB,betonlineag,spreads,Tampa Bay Buccaneers,-105.0,3.5
ed6d24ff979f9c71979fead577b0b3f7,2026-09-12T16:13:15Z,2026-09-13T17:00:00Z,Cincinnati Bengals,Tampa Bay Buccaneers,CIN,TB,betonlineag,totals,Over,-105.0,50.5
ed6d24ff979f9c71979fead577b0b3f7,2026-09-12T16:13:15Z,2026-09-13T17:00:00Z,Cincinnati Bengals,Tampa Bay Buccaneers,CIN,TB,betonlineag,totals,Under,-115.0,50.5
ed6d24ff979f9c71979fead577b0b3f7,2026-09-12T16:13:15Z,2026-09-13T17:00:00Z,Cincinnati Bengals,Tampa Bay Buccaneers,CIN,TB,betrivers,h2h,Cincinnati Bengals,-210.0,
ed6d24ff979f9c71979fead577b0b3f7,2026-09-12T16:13:15Z,2026-09-13T17:00:00Z,Cincinnati Bengals,Tampa Bay Buccaneers,CIN,TB,betrivers,h2h,Tampa Bay Buccaneers,170.0,
ed6d24ff979f9c71979fead577b0b3f7,2026-09-12T16:13:15Z,2026-09-13T17:00:00Z,Cincinnati Bengals,Tampa Bay Buccaneers,CIN,TB,betrivers,spreads,Cincinnati Bengals,-108.0,-4.0
ed6d24ff979f9c71979fead577b0b3f7,2026-09-12T16:13:15Z,2026-09-13T17:00:00Z,Cincinnati Bengals,Tampa Bay Buccaneers,CIN,TB,betrivers,spreads,Tampa Bay Buccaneers,-113.0,4.0
ed6d24ff979f9c71979fead577b0b3f7,2026-09-12T16:13:15Z,2026-09-13T17:00:00Z,Cincinnati Bengals,Tampa Bay Buccaneers,CIN,TB,betrivers,totals,Over,-110.0,50.5
ed6d24ff979f9c71979fead577b0b3f7,2026-09-12T16:13:15Z,2026-09-13T17:00:00Z,Cincinnati Bengals,Tampa Bay Buccaneers,CIN,TB,betrivers,totals,Under,-110.0,50.5
ed6d24ff979f9c71979fead577b0b3f7,2026-09-12T16:13:15Z,2026-09-13T17:00:00Z,Cincinnati Bengals,Tampa Bay Buccaneers,CIN,TB,betmgm,h2h,Cincinnati Bengals,-210.0,
ed6d24ff979f9c71979fead577b0b3f7,2026-09-12T16:13:15Z,2026-09-13T17:00:00Z,Cincinnati Bengals,Tampa Bay Buccaneers,CIN,TB,betmgm,h2h,Tampa Bay Buccaneers,170.0,
ed6d24ff979f9c71979fead577b0b3f7,2026-09-12T16:13:15Z,2026-09-13T17:00:00Z,Cincinnati Bengals,Tampa Bay Buccaneers,CIN,TB,betmgm,spreads,Cincinnati Bengals,-110.0,-3.5
ed6d24ff979f9c71979fead577b0b3f7,2026-09-12T16:13:15Z,2026-09-13T17:00:00Z,Cincinnati Bengals,Tampa Bay Buccaneers,CIN,TB,betmgm,spreads,Tampa Bay Buccaneers,-108.0,3.5
ed6d24ff979f9c71979fead577b0b3f7,2026-09-12T16:13:15Z,2026-09-13T17:00:00Z,Cincinnati Bengals,Tampa Bay Buccaneers,CIN,TB,betmgm,totals,Over,-108.0,50.5
ed6d24ff979f9c71979fead577b0b3f7,2026-09-12T16:13:15Z,2026-09-13T17:00:00Z,Cincinnati Bengals,Tampa Bay Buccaneers,CIN,TB,betmgm,totals,Under,-110.0,50.5
ed6d24ff979f9c71979fead577b0b3f7,2026-09-12T16:13:15Z,2026-09-13T17:00:00Z,Cincinnati Bengals,Tampa Bay Buccaneers,CIN,TB,bovada,h2h,Cincinnati Bengals,-210.0,
ed6d24ff979f9c71979fead577b0b3f7,2026-09-12T16:13:15Z,2026-09-13T17:00:00Z,Cincinnati Bengals,Tampa Bay Buccaneers,CIN,TB,bovada,h2h,Tampa Bay Buccaneers,175.0,
ed6d24ff979f9c71979fead577b0b3f7,2026-09-12T16:13:15Z,2026-09-13T17:00:00Z,Cincinnati Bengals,Tampa Bay Buccaneers,CIN,TB,bovada,spreads,Cincinnati Bengals,-115.0,-3.5
ed6d24ff979f9c71979fead577b0b3f7,2026-09-12T16:13:15Z,2026-09-13T17:00:00Z,Cincinnati Bengals,Tampa Bay Buccaneers,CIN,TB,bovada,spreads,Tampa Bay Buccaneers,-105.0,3.5
ed6d24ff979f9c71979fead577b0b3f7,2026-09-12T16:13:15Z,2026-09-13T17:00:00Z,Cincinnati Bengals,Tampa Bay Buccaneers,CIN,TB,bovada,totals,Over,-115.0,50.0
ed6d24ff979f9c71979fead577b0b3f7,2026-09-12T16:13:15Z,2026-09-13T17:00:00Z,Cincinnati Bengals,Tampa Bay Buccaneers,CIN,TB,bovada,totals,Under,-105.0,50.0
ed6d24ff979f9c71979fead577b0b3f7,2026-09-12T16:13:15Z,2026-09-13T17:00:00Z,Cincinnati Bengals,Tampa Bay Buccaneers,CIN,TB,mybookieag,h2h,Cincinnati Bengals,-210.0,
ed6d24ff979f9c71979fead577b0b3f7,2026-09-12T16:13:15Z,2026-09-13T17:00:00Z,Cincinnati Bengals,Tampa Bay Buccaneers,CIN,TB,mybookieag,h2h,Tampa Bay Buccaneers,168.0,
ed6d24ff979f9c71979fead577b0b3f7,2026-09-12T16:13:15Z,2026-09-13T17:00:00Z,Cincinnati Bengals,Tampa Bay Buccaneers,CIN,TB,mybookieag,spreads,Cincinnati Bengals,-110.0,-4.0
ed6d24ff979f9c71979fead577b0b3f7,2026-09-12T16:13:15Z,2026-09-13T17:00:00Z,Cincinnati Bengals,Tampa Bay Buccaneers,CIN,TB,mybookieag,spreads,Tampa Bay Buccaneers,-110.0,4.0
ed6d24ff979f9c71979fead577b0b3f7,2026-09-12T16:13:15Z,2026-09-13T17:00:00Z,Cincinnati Bengals,Tampa Bay Buccaneers,CIN,TB,mybookieag,totals,Over,-110.0,50.5
ed6d24ff979f9c71979fead577b0b3f7,2026-09-12T16:13:15Z,2026-09-13T17:00:00Z,Cincinnati Bengals,Tampa Bay Buccaneers,CIN,TB,mybookieag,totals,Under,-110.0,50.5
e55c6fe19fce094ce214c8b0e5b504e9,2026-09-12T16:13:15Z,2026-09-13T17:00:00Z,Jacksonville Jaguars,Cleveland Browns,JAX,CLE,draftkings,h2h,Cleveland Browns,350.0,
e55c6fe19fce094ce214c8b0e5b504e9,2026-09-12T16:13:15Z,2026-09-13T17:00:00Z,Jacksonville Jaguars,Cleveland Browns,JAX,CLE,draftkings,h2h,Jacksonville Jaguars,-455.0,
e55c6fe19fce094ce214c8b0e5b504e9,2026-09-12T16:13:15Z,2026-09-13T17:00:00Z,Jacksonville Jaguars,Cleveland Browns,JAX,CLE,draftkings,spreads,Cleveland Browns,-108.0,8.5
e55c6fe19fce094ce214c8b0e5b504e9,2026-09-12T16:13:15Z,2026-09-13T17:00:00Z,Jacksonville Jaguars,Cleveland Browns,JAX,CLE,draftkings,spreads,Jacksonville Jaguars,-112.0,-8.5
e55c6fe19fce094ce214c8b0e5b504e9,2026-09-12T16:13:15Z,2026-09-13T17:00:00Z,Jacksonville Jaguars,Cleveland Browns,JAX,CLE,draftkings,totals,Over,-118.0,39.5
e55c6fe19fce094ce214c8b0e5b504e9,2026-09-12T16:13:15Z,2026-09-13T17:00:00Z,Jacksonville Jaguars,Cleveland Browns,JAX,CLE,draftkings,totals,Under,-102.0,39.5
e55c6fe19fce094ce214c8b0e5b504e9,2026-09-12T16:13:15Z,2026-09-13T17:00:00Z,Jacksonville Jaguars,Cleveland Browns,JAX,CLE,fanduel,h2h,Cleveland Browns,360.0,
e55c6fe19fce094ce214c8b0e5b504e9,2026-09-12T16:13:15Z,2026-09-13T17:00:00Z,Jacksonville Jaguars,Cleveland Browns,JAX,CLE,fanduel,h2h,Jacksonville Jaguars,-460.0,
e55c6fe19fce094ce214c8b0e5b504e9,2026-09-12T16:13:15Z,2026-09-13T17:00:00Z,Jacksonville Jaguars,Cleveland Browns,JAX,CLE,fanduel,spreads,Cleveland Browns,-108.0,8.5
e55c6fe19fce094ce214c8b0e5b504e9,2026-09-12T16:13:15Z,2026-09-13T17:00:00Z,Jacksonville Jaguars,Cleveland Browns,JAX,CLE,fanduel,spreads,Jacksonville Jaguars,-112.0,-8.5
e55c6fe19fce094ce214c8b0e5b504e9,2026-09-12T16:13:15Z,2026-09-13T17:00:00Z,Jacksonville Jaguars,Cleveland Browns,JAX,CLE,fanduel,totals,Over,-102.0,40.5
e55c6fe19fce094ce214c8b0e5b504e9,2026-09-12T16:13:15Z,2026-09-13T17:00:00Z,Jacksonville Jaguars,Cleveland Browns,JAX,CLE,fanduel,totals,Under,-120.0,40.5
e55c6fe19fce094ce214c8b0e5b504e9,2026-09-12T16:13:15Z,2026-09-13T17:00:00Z,Jacksonville Jaguars,Cleveland Browns,JAX,CLE,betus,h2h,Cleveland Browns,320.0,
e55c6fe19fce094ce214c8b0e5b504e9,2026-09-12T16:13:15Z,2026-09-13T17:00:00Z,Jacksonville Jaguars,Cleveland Browns,JAX,CLE,betus,h2h,Jacksonville Jaguars,-400.0,
e55c6fe19fce094ce214c8b0e5b504e9,2026-09-12T16:13:15Z,2026-09-13T17:00:00Z,Jacksonville Jaguars,Cleveland Browns,JAX,CLE,betus,spreads,Cleveland Browns,-115.0,9.5
e55c6fe19fce094ce214c8b0e5b504e9,2026-09-12T16:13:15Z,2026-09-13T17:00:00Z,Jacksonville Jaguars,Cleveland Browns,JAX,CLE,betus,spreads,Jacksonville Jaguars,-105.0,-9.5
e55c6fe19fce094ce214c8b0e5b504e9,2026-09-12T16:13:15Z,2026-09-13T17:00:00Z,Jacksonville Jaguars,Cleveland Browns,JAX,CLE,betus,totals,Over,-110.0,40.0
e55c6fe19fce094ce214c8b0e5b504e9,2026-09-12T16:13:15Z,2026-09-13T17:00:00Z,Jacksonville Jaguars,Cleveland Browns,JAX,CLE,betus,totals,Under,-110.0,40.0
e55c6fe19fce094ce214c8b0e5b504e9,2026-09-12T16:13:15Z,2026-09-13T17:00:00Z,Jacksonville Jaguars,Cleveland Browns,JAX,CLE,betrivers,h2h,Cleveland Browns,320.0,
e55c6fe19fce094ce214c8b0e5b504e9,2026-09-12T16:13:15Z,2026-09-13T17:00:00Z,Jacksonville Jaguars,Cleveland Browns,JAX,CLE,betrivers,h2h,Jacksonville Jaguars,-420.0,
e55c6fe19fce094ce214c8b0e5b504e9,2026-09-12T16:13:15Z,2026-09-13T17:00:00Z,Jacksonville Jaguars,Cleveland Browns,JAX,CLE,betrivers,spreads,Cleveland Browns,-112.0,8.5
e55c6fe19fce094ce214c8b0e5b504e9,2026-09-12T16:13:15Z,2026-09-13T17:00:00Z,Jacksonville Jaguars,Cleveland Browns,JAX,CLE,betrivers,spreads,Jacksonville Jaguars,-109.0,-8.5
e55c6fe19fce094ce214c8b0e5b504e9,2026-09-12T16:13:15Z,2026-09-13T17:00:00Z,Jacksonville Jaguars,Cleveland Browns,JAX,CLE,betrivers,totals,Over,-106.0,40.5
e55c6fe19fce094ce214c8b0e5b504e9,2026-09-12T16:13:15Z,2026-09-13T17:00:00Z,Jacksonville Jaguars,Cleveland Browns,JAX,CLE,betrivers,totals,Under,-115.0,40.5
e55c6fe19fce094ce214c8b0e5b504e9,2026-09-12T16:13:15Z,2026-09-13T17:00:00Z,Jacksonville Jaguars,Cleveland Browns,JAX,CLE,betonlineag,h2h,Cleveland Browns,316.0,
e55c6fe19fce094ce214c8b0e5b504e9,2026-09-12T16:13:15Z,2026-09-13T17:00:00Z,Jacksonville Jaguars,Cleveland Browns,JAX,CLE,betonlineag,h2h,Jacksonville Jaguars,-400.0,
e55c6fe19fce094ce214c8b0e5b504e9,2026-09-12T16:13:15Z,2026-09-13T17:00:00Z,Jacksonville Jaguars,Cleveland Browns,JAX,CLE,betonlineag,spreads,Cleveland Browns,-116.0,9.5
e55c6fe19fce094ce214c8b0e5b504e9,2026-09-12T16:13:15Z,2026-09-13T17:00:00Z,Jacksonville Jaguars,Cleveland Browns,JAX,CLE,betonlineag,spreads,Jacksonville Jaguars,-104.0,-9.5
e55c6fe19fce094ce214c8b0e5b504e9,2026-09-12T16:13:15Z,2026-09-13T17:00:00Z,Jacksonville Jaguars,Cleveland Browns,JAX,CLE,betonlineag,totals,Over,-112.0,40.0
e55c6fe19fce094ce214c8b0e5b504e9,2026-09-12T16:13:15Z,2026-09-13T17:00:00Z,Jacksonville Jaguars,Cleveland Browns,JAX,CLE,betonlineag,totals,Under,-108.0,40.0
e55c6fe19fce094ce214c8b0e5b504e9,2026-09-12T16:13:15Z,2026-09-13T17:00:00Z,Jacksonville Jaguars,Cleveland Browns,JAX,CLE,lowvig,h2h,Cleveland Browns,316.0,
e55c6fe19fce094ce214c8b0e5b504e9,2026-09-12T16:13:15Z,2026-09-13T17:00:00Z,Jacksonville Jaguars,Cleveland Browns,JAX,CLE,lowvig,h2h,Jacksonville Jaguars,-400.0,
e55c6fe19fce094ce214c8b0e5b504e9,2026-09-12T16:13:15Z,2026-09-13T17:00:00Z,Jacksonville Jaguars,Cleveland Browns,JAX,CLE,lowvig,spreads,Cleveland Browns,-112.0,9.5
e55c6fe19fce094ce214c8b0e5b504e9,2026-09-12T16:13:15Z,2026-09-13T17:00:00Z,Jacksonville Jaguars,Cleveland Browns,JAX,CLE,lowvig,spreads,Jacksonville Jaguars,101.0,-9.5
e55c6fe19fce094ce214c8b0e5b504e9,2026-09-12T16:13:15Z,2026-09-13T17:00:00Z,Jacksonville Jaguars,Cleveland Browns,JAX,CLE,lowvig,totals,Over,-109.0,40.0
e55c6fe19fce094ce214c8b0e5b504e9,2026-09-12T16:13:15Z,2026-09-13T17:00:00Z,Jacksonville Jaguars,Cleveland Browns,JAX,CLE,lowvig,totals,Under,-105.0,40.0
e55c6fe19fce094ce214c8b0e5b504e9,2026-09-12T16:13:15Z,2026-09-13T17:00:00Z,Jacksonville Jaguars,Cleveland Browns,JAX,CLE,betmgm,h2h,Cleveland Browns,333.0,
e55c6fe19fce094ce214c8b0e5b504e9,2026-09-12T16:13:15Z,2026-09-13T17:00:00Z,Jacksonville Jaguars,Cleveland Browns,JAX,CLE,betmgm,h2h,Jacksonville Jaguars,-450.0,
e55c6fe19fce094ce214c8b0e5b504e9,2026-09-12T16:13:15Z,2026-09-13T17:00:00Z,Jacksonville Jaguars,Cleveland Browns,JAX,CLE,betmgm,spreads,Cleveland Browns,-108.0,9.0
e55c6fe19fce094ce214c8b0e5b504e9,2026-09-12T16:13:15Z,2026-09-13T17:00:00Z,Jacksonville Jaguars,Cleveland Browns,JAX,CLE,betmgm,spreads,Jacksonville Jaguars,-110.0,-9.0
e55c6fe19fce094ce214c8b0e5b504e9,2026-09-12T16:13:15Z,2026-09-13T17:00:00Z,Jacksonville Jaguars,Cleveland Browns,JAX,CLE,betmgm,totals,Over,-110.0,40.0
e55c6fe19fce094ce214c8b0e5b504e9,2026-09-12T16:13:15Z,2026-09-13T17:00:00Z,Jacksonville Jaguars,Cleveland Browns,JAX,CLE,betmgm,totals,Under,-108.0,40.0
e55c6fe19fce094ce214c8b0e5b504e9,2026-09-12T16:13:15Z,2026-09-13T17:00:00Z,Jacksonville Jaguars,Cleveland Browns,JAX,CLE,bovada,h2h,Cleveland Browns,315.0,
e55c6fe19fce094ce214c8b0e5b504e9,2026-09-12T16:13:15Z,2026-09-13T17:00:00Z,Jacksonville Jaguars,Cleveland Browns,JAX,CLE,bovada,h2h,Jacksonville Jaguars,-420.0,
e55c6fe19fce094ce214c8b0e5b504e9,2026-09-12T16:13:15Z,2026-09-13T17:00:00Z,Jacksonville Jaguars,Cleveland Browns,JAX,CLE,bovada,spreads,Cleveland Browns,-110.0,9.0
e55c6fe19fce094ce214c8b0e5b504e9,2026-09-12T16:13:15Z,2026-09-13T17:00:00Z,Jacksonville Jaguars,Cleveland Browns,JAX,CLE,bovada,spreads,Jacksonville Jaguars,-110.0,-9.0
e55c6fe19fce094ce214c8b0e5b504e9,2026-09-12T16:13:15Z,2026-09-13T17:00:00Z,Jacksonville Jaguars,Cleveland Browns,JAX,CLE,bovada,totals,Over,-110.0,40.0
e55c6fe19fce094ce214c8b0e5b504e9,2026-09-12T16:13:15Z,2026-09-13T17:00:00Z,Jacksonville Jaguars,Cleveland Browns,JAX,CLE,bovada,totals,Under,-110.0,40.0
e55c6fe19fce094ce214c8b0e5b504e9,2026-09-12T16:13:15Z,2026-09-13T17:00:00Z,Jacksonville Jaguars,Cleveland Browns,JAX,CLE,mybookieag,h2h,Cleveland Browns,350.0,
e55c6fe19fce094ce214c8b0e5b504e9,2026-09-12T16:13:15Z,2026-09-13T17:00:00Z,Jacksonville Jaguars,Cleveland Browns,JAX,CLE,mybookieag,h2h,Jacksonville Jaguars,-481.0,
e55c6fe19fce094ce214c8b0e5b504e9,2026-09-12T16:13:15Z,2026-09-13T17:00:00Z,Jacksonville Jaguars,Cleveland Browns,JAX,CLE,mybookieag,spreads,Cleveland Browns,-110.0,9.0
e55c6fe19fce094ce214c8b0e5b504e9,2026-09-12T16:13:15Z,2026-09-13T17:00:00Z,Jacksonville Jaguars,Cleveland Browns,JAX,CLE,mybookieag,spreads,Jacksonville Jaguars,-110.0,-9.0
e55c6fe19fce094ce214c8b0e5b504e9,2026-09-12T16:13:15Z,2026-09-13T17:00:00Z,Jacksonville Jaguars,Cleveland Browns,JAX,CLE,mybookieag,totals,Over,-110.0,40.0
e55c6fe19fce094ce214c8b0e5b504e9,2026-09-12T16:13:15Z,2026-09-13T17:00:00Z,Jacksonville Jaguars,Cleveland Browns,JAX,CLE,mybookieag,totals,Under,-110.0,40.0
c1d3fcec25aaeb06ebd2244d33d338e0,2026-09-12T16:13:15Z,2026-09-13T17:00:00Z,Detroit Lions,New Orleans Saints,DET,NO,draftkings,h2h,Detroit Lions,-340.0,
c1d3fcec25aaeb06ebd2244d33d338e0,2026-09-12T16:13:15Z,2026-09-13T17:00:00Z,Detroit Lions,New Orleans Saints,DET,NO,draftkings,h2h,New Orleans Saints,270.0,
c1d3fcec25aaeb06ebd2244d33d338e0,2026-09-12T16:13:15Z,2026-09-13T17:00:00Z,Detroit Lions,New Orleans Saints,DET,NO,draftkings,spreads,Detroit Lions,-110.0,-7.0
c1d3fcec25aaeb06ebd2244d33d338e0,2026-09-12T16:13:15Z,2026-09-13T17:00:00Z,Detroit Lions,New Orleans Saints,DET,NO,draftkings,spreads,New Orleans Saints,-110.0,7.0
c1d3fcec25aaeb06ebd2244d33d338e0,2026-09-12T16:13:15Z,2026-09-13T17:00:00Z,Detroit Lions,New Orleans Saints,DET,NO,draftkings,totals,Over,-112.0,49.5
c1d3fcec25aaeb06ebd2244d33d338e0,2026-09-12T16:13:15Z,2026-09-13T17:00:00Z,Detroit Lions,New Orleans Saints,DET,NO,draftkings,totals,Under,-108.0,49.5
c1d3fcec25aaeb06ebd2244d33d338e0,2026-09-12T16:13:15Z,2026-09-13T17:00:00Z,Detroit Lions,New Orleans Saints,DET,NO,fanduel,h2h,Detroit Lions,-335.0,
c1d3fcec25aaeb06ebd2244d33d338e0,2026-09-12T16:13:15Z,2026-09-13T17:00:00Z,Detroit Lions,New Orleans Saints,DET,NO,fanduel,h2h,New Orleans Saints,270.0,
c1d3fcec25aaeb06ebd2244d33d338e0,2026-09-12T16:13:15Z,2026-09-13T17:00:00Z,Detroit Lions,New Orleans Saints,DET,NO,fanduel,spreads,Detroit Lions,-122.0,-6.5
c1d3fcec25aaeb06ebd2244d33d338e0,2026-09-12T16:13:15Z,2026-09-13T17:00:00Z,Detroit Lions,New Orleans Saints,DET,NO,fanduel,spreads,New Orleans Saints,100.0,6.5
c1d3fcec25aaeb06ebd2244d33d338e0,2026-09-12T16:13:15Z,2026-09-13T17:00:00Z,Detroit Lions,New Orleans Saints,DET,NO,fanduel,totals,Over,-115.0,49.5
c1d3fcec25aaeb06ebd2244d33d338e0,2026-09-12T16:13:15Z,2026-09-13T17:00:00Z,Detroit Lions,New Orleans Saints,DET,NO,fanduel,totals,Under,-105.0,49.5
c1d3fcec25aaeb06ebd2244d33d338e0,2026-09-12T16:13:15Z,2026-09-13T17:00:00Z,Detroit Lions,New Orleans Saints,DET,NO,lowvig,h2h,Detroit Lions,-310.0,
c1d3fcec25aaeb06ebd2244d33d338e0,2026-09-12T16:13:15Z,2026-09-13T17:00:00Z,Detroit Lions,New Orleans Saints,DET,NO,lowvig,h2h,New Orleans Saints,252.0,
c1d3fcec25aaeb06ebd2244d33d338e0,2026-09-12T16:13:15Z,2026-09-13T17:00:00Z,Detroit Lions,New Orleans Saints,DET,NO,lowvig,spreads,Detroit Lions,-103.0,-7.0
c1d3fcec25aaeb06ebd2244d33d338e0,2026-09-12T16:13:15Z,2026-09-13T17:00:00Z,Detroit Lions,New Orleans Saints,DET,NO,lowvig,spreads,New Orleans Saints,-107.0,7.0
c1d3fcec25aaeb06ebd2244d33d338e0,2026-09-12T16:13:15Z,2026-09-13T17:00:00Z,Detroit Lions,New Orleans Saints,DET,NO,lowvig,totals,Over,-107.0,50.0
c1d3fcec25aaeb06ebd2244d33d338e0,2026-09-12T16:13:15Z,2026-09-13T17:00:00Z,Detroit Lions,New Orleans Saints,DET,NO,lowvig,totals,Under,-107.0,50.0
c1d3fcec25aaeb06ebd2244d33d338e0,2026-09-12T16:13:15Z,2026-09-13T17:00:00Z,Detroit Lions,New Orleans Saints,DET,NO,betonlineag,h2h,Detroit Lions,-310.0,
c1d3fcec25aaeb06ebd2244d33d338e0,2026-09-12T16:13:15Z,2026-09-13T17:00:00Z,Detroit Lions,New Orleans Saints,DET,NO,betonlineag,h2h,New Orleans Saints,252.0,
c1d3fcec25aaeb06ebd2244d33d338e0,2026-09-12T16:13:15Z,2026-09-13T17:00:00Z,Detroit Lions,New Orleans Saints,DET,NO,betonlineag,spreads,Detroit Lions,-108.0,-7.0
c1d3fcec25aaeb06ebd2244d33d338e0,2026-09-12T16:13:15Z,2026-09-13T17:00:00Z,Detroit Lions,New Orleans Saints,DET,NO,betonlineag,spreads,New Orleans Saints,-112.0,7.0
c1d3fcec25aaeb06ebd2244d33d338e0,2026-09-12T16:13:15Z,2026-09-13T17:00:00Z,Detroit Lions,New Orleans Saints,DET,NO,betonlineag,totals,Over,-110.0,50.0
c1d3fcec25aaeb06ebd2244d33d338e0,2026-09-12T16:13:15Z,2026-09-13T17:00:00Z,Detroit Lions,New Orleans Saints,DET,NO,betonlineag,totals,Under,-110.0,50.0
c1d3fcec25aaeb06ebd2244d33d338e0,2026-09-12T16:13:15Z,2026-09-13T17:00:00Z,Detroit Lions,New Orleans Saints,DET,NO,betus,h2h,Detroit Lions,-310.0,
c1d3fcec25aaeb06ebd2244d33d338e0,2026-09-12T16:13:15Z,2026-09-13T17:00:00Z,Detroit Lions,New Orleans Saints,DET,NO,betus,h2h,New Orleans Saints,255.0,
c1d3fcec25aaeb06ebd2244d33d338e0,2026-09-12T16:13:15Z,2026-09-13T17:00:00Z,Detroit Lions,New Orleans Saints,DET,NO,betus,spreads,Detroit Lions,-110.0,-7.0
c1d3fcec25aaeb06ebd2244d33d338e0,2026-09-12T16:13:15Z,2026-09-13T17:00:00Z,Detroit Lions,New Orleans Saints,DET,NO,betus,spreads,New Orleans Saints,-110.0,7.0
c1d3fcec25aaeb06ebd2244d33d338e0,2026-09-12T16:13:15Z,2026-09-13T17:00:00Z,Detroit Lions,New Orleans Saints,DET,NO,betus,totals,Over,-110.0,50.0
c1d3fcec25aaeb06ebd2244d33d338e0,2026-09-12T16:13:15Z,2026-09-13T17:00:00Z,Detroit Lions,New Orleans Saints,DET,NO,betus,totals,Under,-110.0,50.0
c1d3fcec25aaeb06ebd2244d33d338e0,2026-09-12T16:13:15Z,2026-09-13T17:00:00Z,Detroit Lions,New Orleans Saints,DET,NO,betrivers,h2h,Detroit Lions,-345.0,
c1d3fcec25aaeb06ebd2244d33d338e0,2026-09-12T16:13:15Z,2026-09-13T17:00:00Z,Detroit Lions,New Orleans Saints,DET,NO,betrivers,h2h,New Orleans Saints,265.0,
c1d3fcec25aaeb06ebd2244d33d338e0,2026-09-12T16:13:15Z,2026-09-13T17:00:00Z,Detroit Lions,New Orleans Saints,DET,NO,betrivers,spreads,Detroit Lions,-110.0,-7.0
c1d3fcec25aaeb06ebd2244d33d338e0,2026-09-12T16:13:15Z,2026-09-13T17:00:00Z,Detroit Lions,New Orleans Saints,DET,NO,betrivers,spreads,New Orleans Saints,-110.0,7.0
c1d3fcec25aaeb06ebd2244d33d338e0,2026-09-12T16:13:15Z,2026-09-13T17:00:00Z,Detroit Lions,New Orleans Saints,DET,NO,betrivers,totals,Over,-113.0,49.5
c1d3fcec25aaeb06ebd2244d33d338e0,2026-09-12T16:13:15Z,2026-09-13T17:00:00Z,Detroit Lions,New Orleans Saints,DET,NO,betrivers,totals,Under,-108.0,49.5
c1d3fcec25aaeb06ebd2244d33d338e0,2026-09-12T16:13:15Z,2026-09-13T17:00:00Z,Detroit Lions,New Orleans Saints,DET,NO,betmgm,h2h,Detroit Lions,-325.0,
c1d3fcec25aaeb06ebd2244d33d338e0,2026-09-12T16:13:15Z,2026-09-13T17:00:00Z,Detroit Lions,New Orleans Saints,DET,NO,betmgm,h2h,New Orleans Saints,260.0,
c1d3fcec25aaeb06ebd2244d33d338e0,2026-09-12T16:13:15Z,2026-09-13T17:00:00Z,Detroit Lions,New Orleans Saints,DET,NO,betmgm,spreads,Detroit Lions,-110.0,-7.0
c1d3fcec25aaeb06ebd2244d33d338e0,2026-09-12T16:13:15Z,2026-09-13T17:00:00Z,Detroit Lions,New Orleans Saints,DET,NO,betmgm,spreads,New Orleans Saints,-108.0,7.0
c1d3fcec25aaeb06ebd2244d33d338e0,2026-09-12T16:13:15Z,2026-09-13T17:00:00Z,Detroit Lions,New Orleans Saints,DET,NO,betmgm,totals,Over,-118.0,49.5
c1d3fcec25aaeb06ebd2244d33d338e0,2026-09-12T16:13:15Z,2026-09-13T17:00:00Z,Detroit Lions,New Orleans Saints,DET,NO,betmgm,totals,Under,-110.0,49.5
c1d3fcec25aaeb06ebd2244d33d338e0,2026-09-12T16:13:15Z,2026-09-13T17:00:00Z,Detroit Lions,New Orleans Saints,DET,NO,bovada,h2h,Detroit Lions,-330.0,
c1d3fcec25aaeb06ebd2244d33d338e0,2026-09-12T16:13:15Z,2026-09-13T17:00:00Z,Detroit Lions,New Orleans Saints,DET,NO,bovada,h2h,New Orleans Saints,265.0,
c1d3fcec25aaeb06ebd2244d33d338e0,2026-09-12T16:13:15Z,2026-09-13T17:00:00Z,Detroit Lions,New Orleans Saints,DET,NO,bovada,spreads,Detroit Lions,-110.0,-7.0
c1d3fcec25aaeb06ebd2244d33d338e0,2026-09-12T16:13:15Z,2026-09-13T17:00:00Z,Detroit Lions,New Orleans Saints,DET,NO,bovada,spreads,New Orleans Saints,-110.0,7.0
c1d3fcec25aaeb06ebd2244d33d338e0,2026-09-12T16:13:15Z,2026-09-13T17:00:00Z,Detroit Lions,New Orleans Saints,DET,NO,bovada,totals,Over,-105.0,50.0
c1d3fcec25aaeb06ebd2244d33d338e0,2026-09-12T16:13:15Z,2026-09-13T17:00:00Z,Detroit Lions,New Orleans Saints,DET,NO,bovada,totals,Under,-115.0,50.0
c1d3fcec25aaeb06ebd2244d33d338e0,2026-09-12T16:13:15Z,2026-09-13T17:00:00Z,Detroit Lions,New Orleans Saints,DET,NO,mybookieag,h2h,Detroit Lions,-330.0,
c1d3fcec25aaeb06ebd2244d33d338e0,2026-09-12T16:13:15Z,2026-09-13T17:00:00Z,Detroit Lions,New Orleans Saints,DET,NO,mybookieag,h2h,New Orleans Saints,255.0,
c1d3fcec25aaeb06ebd2244d33d338e0,2026-09-12T16:13:15Z,2026-09-13T17:00:00Z,Detroit Lions,New Orleans Saints,DET,NO,mybookieag,spreads,Detroit Lions,-110.0,-7.0
c1d3fcec25aaeb06ebd2244d33d338e0,2026-09-12T16:13:15Z,2026-09-13T17:00:00Z,Detroit Lions,New Orleans Saints,DET,NO,mybookieag,spreads,New Orleans Saints,-110.0,7.0
c1d3fcec25aaeb06ebd2244d33d338e0,2026-09-12T16:13:15Z,2026-09-13T17:00:00Z,Detroit Lions,New Orleans Saints,DET,NO,mybookieag,totals,Over,-110.0,50.0
c1d3fcec25aaeb06ebd2244d33d338e0,2026-09-12T16:13:15Z,2026-09-13T17:00:00Z,Detroit Lions,New Orleans Saints,DET,NO,mybookieag,totals,Under,-110.0,50.0
7dddb296a42e7a41a774b24bd1709ce1,2026-09-12T16:13:15Z,2026-09-13T17:00:00Z,Tennessee Titans,New York Jets,TEN,NYJ,draftkings,h2h,New York Jets,102.0,
7dddb296a42e7a41a774b24bd1709ce1,2026-09-12T16:13:15Z,2026-09-13T17:00:00Z,Tennessee Titans,New York Jets,TEN,NYJ,draftkings,h2h,Tennessee Titans,-122.0,
7dddb296a42e7a41a774b24bd1709ce1,2026-09-12T16:13:15Z,2026-09-13T17:00:00Z,Tennessee Titans,New York Jets,TEN,NYJ,draftkings,spreads,New York Jets,-110.0,1.5
7dddb296a42e7a41a774b24bd1709ce1,2026-09-12T16:13:15Z,2026-09-13T17:00:00Z,Tennessee Titans,New York Jets,TEN,NYJ,draftkings,spreads,Tennessee Titans,-110.0,-1.5
7dddb296a42e7a41a774b24bd1709ce1,2026-09-12T16:13:15Z,2026-09-13T17:00:00Z,Tennessee Titans,New York Jets,TEN,NYJ,draftkings,totals,Over,-112.0,38.5
7dddb296a42e7a41a774b24bd1709ce1,2026-09-12T16:13:15Z,2026-09-13T17:00:00Z,Tennessee Titans,New York Jets,TEN,NYJ,draftkings,totals,Under,-108.0,38.5
7dddb296a42e7a41a774b24bd1709ce1,2026-09-12T16:13:15Z,2026-09-13T17:00:00Z,Tennessee Titans,New York Jets,TEN,NYJ,fanduel,h2h,New York Jets,100.0,
7dddb296a42e7a41a774b24bd1709ce1,2026-09-12T16:13:15Z,2026-09-13T17:00:00Z,Tennessee Titans,New York Jets,TEN,NYJ,fanduel,h2h,Tennessee Titans,-118.0,
7dddb296a42e7a41a774b24bd1709ce1,2026-09-12T16:13:15Z,2026-09-13T17:00:00Z,Tennessee Titans,New York Jets,TEN,NYJ,fanduel,spreads,New York Jets,-112.0,1.5
7dddb296a42e7a41a774b24bd1709ce1,2026-09-12T16:13:15Z,2026-09-13T17:00:00Z,Tennessee Titans,New York Jets,TEN,NYJ,fanduel,spreads,Tennessee Titans,-108.0,-1.5
7dddb296a42e7a41a774b24bd1709ce1,2026-09-12T16:13:15Z,2026-09-13T17:00:00Z,Tennessee Titans,New York Jets,TEN,NYJ,fanduel,totals,Over,-110.0,38.5
7dddb296a42e7a41a774b24bd1709ce1,2026-09-12T16:13:15Z,2026-09-13T17:00:00Z,Tennessee Titans,New York Jets,TEN,NYJ,fanduel,totals,Under,-110.0,38.5
7dddb296a42e7a41a774b24bd1709ce1,2026-09-12T16:13:15Z,2026-09-13T17:00:00Z,Tennessee Titans,New York Jets,TEN,NYJ,lowvig,spreads,New York Jets,101.0,0.0
7dddb296a42e7a41a774b24bd1709ce1,2026-09-12T16:13:15Z,2026-09-13T17:00:00Z,Tennessee Titans,New York Jets,TEN,NYJ,lowvig,spreads,Tennessee Titans,-112.0,0.0
7dddb296a42e7a41a774b24bd1709ce1,2026-09-12T16:13:15Z,2026-09-13T17:00:00Z,Tennessee Titans,New York Jets,TEN,NYJ,lowvig,totals,Over,-107.0,38.5
7dddb296a42e7a41a774b24bd1709ce1,2026-09-12T16:13:15Z,2026-09-13T17:00:00Z,Tennessee Titans,New York Jets,TEN,NYJ,lowvig,totals,Under,-107.0,38.5
7dddb296a42e7a41a774b24bd1709ce1,2026-09-12T16:13:15Z,2026-09-13T17:00:00Z,Tennessee Titans,New York Jets,TEN,NYJ,betus,spreads,New York Jets,100.0,0.0
7dddb296a42e7a41a774b24bd1709ce1,2026-09-12T16:13:15Z,2026-09-13T17:00:00Z,Tennessee Titans,New York Jets,TEN,NYJ,betus,spreads,Tennessee Titans,-120.0,0.0
7dddb296a42e7a41a774b24bd1709ce1,2026-09-12T16:13:15Z,2026-09-13T17:00:00Z,Tennessee Titans,New York Jets,TEN,NYJ,betus,totals,Over,-110.0,38.5
7dddb296a42e7a41a774b24bd1709ce1,2026-09-12T16:13:15Z,2026-09-13T17:00:00Z,Tennessee Titans,New York Jets,TEN,NYJ,betus,totals,Under,-110.0,38.5
7dddb296a42e7a41a774b24bd1709ce1,2026-09-12T16:13:15Z,2026-09-13T17:00:00Z,Tennessee Titans,New York Jets,TEN,NYJ,betonlineag,spreads,New York Jets,-104.0,0.0
7dddb296a42e7a41a774b24bd1709ce1,2026-09-12T16:13:15Z,2026-09-13T17:00:00Z,Tennessee Titans,New York Jets,TEN,NYJ,betonlineag,spreads,Tennessee Titans,-116.0,0.0
7dddb296a42e7a41a774b24bd1709ce1,2026-09-12T16:13:15Z,2026-09-13T17:00:00Z,Tennessee Titans,New York Jets,TEN,NYJ,betonlineag,totals,Over,-110.0,38.5
7dddb296a42e7a41a774b24bd1709ce1,2026-09-12T16:13:15Z,2026-09-13T17:00:00Z,Tennessee Titans,New York Jets,TEN,NYJ,betonlineag,totals,Under,-110.0,38.5
7dddb296a42e7a41a774b24bd1709ce1,2026-09-12T16:13:15Z,2026-09-13T17:00:00Z,Tennessee Titans,New York Jets,TEN,NYJ,betrivers,h2h,New York Jets,104.0,
7dddb296a42e7a41a774b24bd1709ce1,2026-09-12T16:13:15Z,2026-09-13T17:00:00Z,Tennessee Titans,New York Jets,TEN,NYJ,betrivers,h2h,Tennessee Titans,-125.0,
7dddb296a42e7a41a774b24bd1709ce1,2026-09-12T16:13:15Z,2026-09-13T17:00:00Z,Tennessee Titans,New York Jets,TEN,NYJ,betrivers,spreads,New York Jets,-110.0,1.5
7dddb296a42e7a41a774b24bd1709ce1,2026-09-12T16:13:15Z,2026-09-13T17:00:00Z,Tennessee Titans,New York Jets,TEN,NYJ,betrivers,spreads,Tennessee Titans,-110.0,-1.5
7dddb296a42e7a41a774b24bd1709ce1,2026-09-12T16:13:15Z,2026-09-13T17:00:00Z,Tennessee Titans,New York Jets,TEN,NYJ,betrivers,totals,Over,-110.0,38.5
7dddb296a42e7a41a774b24bd1709ce1,2026-09-12T16:13:15Z,2026-09-13T17:00:00Z,Tennessee Titans,New York Jets,TEN,NYJ,betrivers,totals,Under,-110.0,38.5
7dddb296a42e7a41a774b24bd1709ce1,2026-09-12T16:13:15Z,2026-09-13T17:00:00Z,Tennessee Titans,New York Jets,TEN,NYJ,betmgm,h2h,New York Jets,100.0,
7dddb296a42e7a41a774b24bd1709ce1,2026-09-12T16:13:15Z,2026-09-13T17:00:00Z,Tennessee Titans,New York Jets,TEN,NYJ,betmgm,h2h,Tennessee Titans,-120.0,
7dddb296a42e7a41a774b24bd1709ce1,2026-09-12T16:13:15Z,2026-09-13T17:00:00Z,Tennessee Titans,New York Jets,TEN,NYJ,betmgm,spreads,New York Jets,-110.0,1.5
7dddb296a42e7a41a774b24bd1709ce1,2026-09-12T16:13:15Z,2026-09-13T17:00:00Z,Tennessee Titans,New York Jets,TEN,NYJ,betmgm,spreads,Tennessee Titans,-108.0,-1.5
7dddb296a42e7a41a774b24bd1709ce1,2026-09-12T16:13:15Z,2026-09-13T17:00:00Z,Tennessee Titans,New York Jets,TEN,NYJ,betmgm,totals,Over,-110.0,38.5
7dddb296a42e7a41a774b24bd1709ce1,2026-09-12T16:13:15Z,2026-09-13T17:00:00Z,Tennessee Titans,New York Jets,TEN,NYJ,betmgm,totals,Under,-108.0,38.5
7dddb296a42e7a41a774b24bd1709ce1,2026-09-12T16:13:15Z,2026-09-13T17:00:00Z,Tennessee Titans,New York Jets,TEN,NYJ,bovada,h2h,New York Jets,-105.0,
7dddb296a42e7a41a774b24bd1709ce1,2026-09-12T16:13:15Z,2026-09-13T17:00:00Z,Tennessee Titans,New York Jets,TEN,NYJ,bovada,h2h,Tennessee Titans,-115.0,
7dddb296a42e7a41a774b24bd1709ce1,2026-09-12T16:13:15Z,2026-09-13T17:00:00Z,Tennessee Titans,New York Jets,TEN,NYJ,bovada,spreads,New York Jets,-110.0,1.0
7dddb296a42e7a41a774b24bd1709ce1,2026-09-12T16:13:15Z,2026-09-13T17:00:00Z,Tennessee Titans,New York Jets,TEN,NYJ,bovada,spreads,Tennessee Titans,-110.0,-1.0
7dddb296a42e7a41a774b24bd1709ce1,2026-09-12T16:13:15Z,2026-09-13T17:00:00Z,Tennessee Titans,New York Jets,TEN,NYJ,bovada,totals,Over,-110.0,39.0
7dddb296a42e7a41a774b24bd1709ce1,2026-09-12T16:13:15Z,2026-09-13T17:00:00Z,Tennessee Titans,New York Jets,TEN,NYJ,bovada,totals,Under,-110.0,39.0
7dddb296a42e7a41a774b24bd1709ce1,2026-09-12T16:13:15Z,2026-09-13T17:00:00Z,Tennessee Titans,New York Jets,TEN,NYJ,mybookieag,h2h,New York Jets,101.0,
7dddb296a42e7a41a774b24bd1709ce1,2026-09-12T16:13:15Z,2026-09-13T17:00:00Z,Tennessee Titans,New York Jets,TEN,NYJ,mybookieag,h2h,Tennessee Titans,-123.0,
7dddb296a42e7a41a774b24bd1709ce1,2026-09-12T16:13:15Z,2026-09-13T17:00:00Z,Tennessee Titans,New York Jets,TEN,NYJ,mybookieag,spreads,New York Jets,-110.0,1.0
7dddb296a42e7a41a774b24bd1709ce1,2026-09-12T16:13:15Z,2026-09-13T17:00:00Z,Tennessee Titans,New York Jets,TEN,NYJ,mybookieag,spreads,Tennessee Titans,-110.0,-1.0
7dddb296a42e7a41a774b24bd1709ce1,2026-09-12T16:13:15Z,2026-09-13T17:00:00Z,Tennessee Titans,New York Jets,TEN,NYJ,mybookieag,totals,Over,-110.0,38.5
7dddb296a42e7a41a774b24bd1709ce1,2026-09-12T16:13:15Z,2026-09-13T17:00:00Z,Tennessee Titans,New York Jets,TEN,NYJ,mybookieag,totals,Under,-110.0,38.5
95c01d1bb797d6df14824b106c5a9130,2026-09-13T16:57:27Z,2026-09-13T17:00:00Z,Pittsburgh Steelers,Atlanta Falcons,PIT,ATL,draftkings,h2h,Atlanta Falcons,240.0,
95c01d1bb797d6df14824b106c5a9130,2026-09-13T16:57:27Z,2026-09-13T17:00:00Z,Pittsburgh Steelers,Atlanta Falcons,PIT,ATL,draftkings,h2h,Pittsburgh Steelers,-298.0,
95c01d1bb797d6df14824b106c5a9130,2026-09-13T16:57:27Z,2026-09-13T17:00:00Z,Pittsburgh Steelers,Atlanta Falcons,PIT,ATL,draftkings,spreads,Atlanta Falcons,-108.0,6.5
95c01d1bb797d6df14824b106c5a9130,2026-09-13T16:57:27Z,2026-09-13T17:00:00Z,Pittsburgh Steelers,Atlanta Falcons,PIT,ATL,draftkings,spreads,Pittsburgh Steelers,-112.0,-6.5
95c01d1bb797d6df14824b106c5a9130,2026-09-13T16:57:27Z,2026-09-13T17:00:00Z,Pittsburgh Steelers,Atlanta Falcons,PIT,ATL,draftkings,totals,Over,-112.0,40.5
95c01d1bb797d6df14824b106c5a9130,2026-09-13T16:57:27Z,2026-09-13T17:00:00Z,Pittsburgh Steelers,Atlanta Falcons,PIT,ATL,draftkings,totals,Under,-108.0,40.5
95c01d1bb797d6df14824b106c5a9130,2026-09-13T16:57:27Z,2026-09-13T17:00:00Z,Pittsburgh Steelers,Atlanta Falcons,PIT,ATL,betrivers,h2h,Atlanta Falcons,235.0,
95c01d1bb797d6df14824b106c5a9130,2026-09-13T16:57:27Z,2026-09-13T17:00:00Z,Pittsburgh Steelers,Atlanta Falcons,PIT,ATL,betrivers,h2h,Pittsburgh Steelers,-295.0,
95c01d1bb797d6df14824b106c5a9130,2026-09-13T16:57:27Z,2026-09-13T17:00:00Z,Pittsburgh Steelers,Atlanta Falcons,PIT,ATL,betrivers,spreads,Atlanta Falcons,-110.0,6.5
95c01d1bb797d6df14824b106c5a9130,2026-09-13T16:57:27Z,2026-09-13T17:00:00Z,Pittsburgh Steelers,Atlanta Falcons,PIT,ATL,betrivers,spreads,Pittsburgh Steelers,-110.0,-6.5
95c01d1bb797d6df14824b106c5a9130,2026-09-13T16:57:27Z,2026-09-13T17:00:00Z,Pittsburgh Steelers,Atlanta Falcons,PIT,ATL,betrivers,totals,Over,-107.0,41.0
95c01d1bb797d6df14824b106c5a9130,2026-09-13T16:57:27Z,2026-09-13T17:00:00Z,Pittsburgh Steelers,Atlanta Falcons,PIT,ATL,betrivers,totals,Under,-114.0,41.0
95c01d1bb797d6df14824b106c5a9130,2026-09-13T16:57:27Z,2026-09-13T17:00:00Z,Pittsburgh Steelers,Atlanta Falcons,PIT,ATL,betonlineag,h2h,Atlanta Falcons,260.0,
95c01d1bb797d6df14824b106c5a9130,2026-09-13T16:57:27Z,2026-09-13T17:00:00Z,Pittsburgh Steelers,Atlanta Falcons,PIT,ATL,betonlineag,h2h,Pittsburgh Steelers,-320.0,
95c01d1bb797d6df14824b106c5a9130,2026-09-13T16:57:27Z,2026-09-13T17:00:00Z,Pittsburgh Steelers,Atlanta Falcons,PIT,ATL,betonlineag,spreads,Atlanta Falcons,-110.0,6.5
95c01d1bb797d6df14824b106c5a9130,2026-09-13T16:57:27Z,2026-09-13T17:00:00Z,Pittsburgh Steelers,Atlanta Falcons,PIT,ATL,betonlineag,spreads,Pittsburgh Steelers,-110.0,-6.5
95c01d1bb797d6df14824b106c5a9130,2026-09-13T16:57:27Z,2026-09-13T17:00:00Z,Pittsburgh Steelers,Atlanta Falcons,PIT,ATL,betonlineag,totals,Over,-105.0,41.0
95c01d1bb797d6df14824b106c5a9130,2026-09-13T16:57:27Z,2026-09-13T17:00:00Z,Pittsburgh Steelers,Atlanta Falcons,PIT,ATL,betonlineag,totals,Under,-115.0,41.0
95c01d1bb797d6df14824b106c5a9130,2026-09-13T16:57:27Z,2026-09-13T17:00:00Z,Pittsburgh Steelers,Atlanta Falcons,PIT,ATL,fanduel,h2h,Atlanta Falcons,245.0,
95c01d1bb797d6df14824b106c5a9130,2026-09-13T16:57:27Z,2026-09-13T17:00:00Z,Pittsburgh Steelers,Atlanta Falcons,PIT,ATL,fanduel,h2h,Pittsburgh Steelers,-300.0,
95c01d1bb797d6df14824b106c5a9130,2026-09-13T16:57:27Z,2026-09-13T17:00:00Z,Pittsburgh Steelers,Atlanta Falcons,PIT,ATL,fanduel,spreads,Atlanta Falcons,-110.0,6.5
95c01d1bb797d6df14824b106c5a9130,2026-09-13T16:57:27Z,2026-09-13T17:00:00Z,Pittsburgh Steelers,Atlanta Falcons,PIT,ATL,fanduel,spreads,Pittsburgh Steelers,-110.0,-6.5
95c01d1bb797d6df14824b106c5a9130,2026-09-13T16:57:27Z,2026-09-13T17:00:00Z,Pittsburgh Steelers,Atlanta Falcons,PIT,ATL,fanduel,totals,Over,-112.0,40.5
95c01d1bb797d6df14824b106c5a9130,2026-09-13T16:57:27Z,2026-09-13T17:00:00Z,Pittsburgh Steelers,Atlanta Falcons,PIT,ATL,fanduel,totals,Under,-108.0,40.5
95c01d1bb797d6df14824b106c5a9130,2026-09-13T16:57:27Z,2026-09-13T17:00:00Z,Pittsburgh Steelers,Atlanta Falcons,PIT,ATL,lowvig,h2h,Atlanta Falcons,260.0,
95c01d1bb797d6df14824b106c5a9130,2026-09-13T16:57:27Z,2026-09-13T17:00:00Z,Pittsburgh Steelers,Atlanta Falcons,PIT,ATL,lowvig,h2h,Pittsburgh Steelers,-320.0,
95c01d1bb797d6df14824b106c5a9130,2026-09-13T16:57:27Z,2026-09-13T17:00:00Z,Pittsburgh Steelers,Atlanta Falcons,PIT,ATL,lowvig,spreads,Atlanta Falcons,-107.0,6.5
95c01d1bb797d6df14824b106c5a9130,2026-09-13T16:57:27Z,2026-09-13T17:00:00Z,Pittsburgh Steelers,Atlanta Falcons,PIT,ATL,lowvig,spreads,Pittsburgh Steelers,-103.0,-6.5
95c01d1bb797d6df14824b106c5a9130,2026-09-13T16:57:27Z,2026-09-13T17:00:00Z,Pittsburgh Steelers,Atlanta Falcons,PIT,ATL,lowvig,totals,Over,-102.0,41.0
95c01d1bb797d6df14824b106c5a9130,2026-09-13T16:57:27Z,2026-09-13T17:00:00Z,Pittsburgh Steelers,Atlanta Falcons,PIT,ATL,lowvig,totals,Under,-113.0,41.0
95c01d1bb797d6df14824b106c5a9130,2026-09-13T16:57:27Z,2026-09-13T17:00:00Z,Pittsburgh Steelers,Atlanta Falcons,PIT,ATL,betus,h2h,Atlanta Falcons,240.0,
95c01d1bb797d6df14824b106c5a9130,2026-09-13T16:57:27Z,2026-09-13T17:00:00Z,Pittsburgh Steelers,Atlanta Falcons,PIT,ATL,betus,h2h,Pittsburgh Steelers,-290.0,
95c01d1bb797d6df14824b106c5a9130,2026-09-13T16:57:27Z,2026-09-13T17:00:00Z,Pittsburgh Steelers,Atlanta Falcons,PIT,ATL,betus,spreads,Atlanta Falcons,-110.0,6.5
95c01d1bb797d6df14824b106c5a9130,2026-09-13T16:57:27Z,2026-09-13T17:00:00Z,Pittsburgh Steelers,Atlanta Falcons,PIT,ATL,betus,spreads,Pittsburgh Steelers,-110.0,-6.5
95c01d1bb797d6df14824b106c5a9130,2026-09-13T16:57:27Z,2026-09-13T17:00:00Z,Pittsburgh Steelers,Atlanta Falcons,PIT,ATL,betus,totals,Over,-110.0,40.5
95c01d1bb797d6df14824b106c5a9130,2026-09-13T16:57:27Z,2026-09-13T17:00:00Z,Pittsburgh Steelers,Atlanta Falcons,PIT,ATL,betus,totals,Under,-110.0,40.5
95c01d1bb797d6df14824b106c5a9130,2026-09-13T16:57:27Z,2026-09-13T17:00:00Z,Pittsburgh Steelers,Atlanta Falcons,PIT,ATL,betmgm,h2h,Atlanta Falcons,250.0,
95c01d1bb797d6df14824b106c5a9130,2026-09-13T16:57:27Z,2026-09-13T17:00:00Z,Pittsburgh Steelers,Atlanta Falcons,PIT,ATL,betmgm,h2h,Pittsburgh Steelers,-300.0,
95c01d1bb797d6df14824b106c5a9130,2026-09-13T16:57:27Z,2026-09-13T17:00:00Z,Pittsburgh Steelers,Atlanta Falcons,PIT,ATL,betmgm,spreads,Atlanta Falcons,-108.0,6.5
95c01d1bb797d6df14824b106c5a9130,2026-09-13T16:57:27Z,2026-09-13T17:00:00Z,Pittsburgh Steelers,Atlanta Falcons,PIT,ATL,betmgm,spreads,Pittsburgh Steelers,-110.0,-6.5
95c01d1bb797d6df14824b106c5a9130,2026-09-13T16:57:27Z,2026-09-13T17:00:00Z,Pittsburgh Steelers,Atlanta Falcons,PIT,ATL,betmgm,totals,Over,-110.0,40.5
95c01d1bb797d6df14824b106c5a9130,2026-09-13T16:57:27Z,2026-09-13T17:00:00Z,Pittsburgh Steelers,Atlanta Falcons,PIT,ATL,betmgm,totals,Under,-108.0,40.5
95c01d1bb797d6df14824b106c5a9130,2026-09-13T16:57:27Z,2026-09-13T17:00:00Z,Pittsburgh Steelers,Atlanta Falcons,PIT,ATL,bovada,h2h,Atlanta Falcons,240.0,
95c01d1bb797d6df14824b106c5a9130,2026-09-13T16:57:27Z,2026-09-13T17:00:00Z,Pittsburgh Steelers,Atlanta Falcons,PIT,ATL,bovada,h2h,Pittsburgh Steelers,-290.0,
95c01d1bb797d6df14824b106c5a9130,2026-09-13T16:57:27Z,2026-09-13T17:00:00Z,Pittsburgh Steelers,Atlanta Falcons,PIT,ATL,bovada,spreads,Atlanta Falcons,-105.0,6.0
95c01d1bb797d6df14824b106c5a9130,2026-09-13T16:57:27Z,2026-09-13T17:00:00Z,Pittsburgh Steelers,Atlanta Falcons,PIT,ATL,bovada,spreads,Pittsburgh Steelers,-115.0,-6.0
95c01d1bb797d6df14824b106c5a9130,2026-09-13T16:57:27Z,2026-09-13T17:00:00Z,Pittsburgh Steelers,Atlanta Falcons,PIT,ATL,bovada,totals,Over,-115.0,40.5
95c01d1bb797d6df14824b106c5a9130,2026-09-13T16:57:27Z,2026-09-13T17:00:00Z,Pittsburgh Steelers,Atlanta Falcons,PIT,ATL,bovada,totals,Under,-105.0,40.5
95c01d1bb797d6df14824b106c5a9130,2026-09-13T16:57:27Z,2026-09-13T17:00:00Z,Pittsburgh Steelers,Atlanta Falcons,PIT,ATL,mybookieag,h2h,Atlanta Falcons,230.0,
95c01d1bb797d6df14824b106c5a9130,2026-09-13T16:57:27Z,2026-09-13T17:00:00Z,Pittsburgh Steelers,Atlanta Falcons,PIT,ATL,mybookieag,h2h,Pittsburgh Steelers,-295.0,
95c01d1bb797d6df14824b106c5a9130,2026-09-13T16:57:27Z,2026-09-13T17:00:00Z,Pittsburgh Steelers,Atlanta Falcons,PIT,ATL,mybookieag,spreads,Atlanta Falcons,-110.0,6.5
95c01d1bb797d6df14824b106c5a9130,2026-09-13T16:57:27Z,2026-09-13T17:00:00Z,Pittsburgh Steelers,Atlanta Falcons,PIT,ATL,mybookieag,spreads,Pittsburgh Steelers,-110.0,-6.5
95c01d1bb797d6df14824b106c5a9130,2026-09-13T16:57:27Z,2026-09-13T17:00:00Z,Pittsburgh Steelers,Atlanta Falcons,PIT,ATL,mybookieag,totals,Over,-110.0,41.0
95c01d1bb797d6df14824b106c5a9130,2026-09-13T16:57:27Z,2026-09-13T17:00:00Z,Pittsburgh Steelers,Atlanta Falcons,PIT,ATL,mybookieag,totals,Under,-110.0,41.0
e55c6fe19fce094ce214c8b0e5b504e9,2026-09-13T16:57:27Z,2026-09-13T17:00:00Z,Jacksonville Jaguars,Cleveland Browns,JAX,CLE,draftkings,h2h,Cleveland Browns,360.0,
e55c6fe19fce094ce214c8b0e5b504e9,2026-09-13T16:57:27Z,2026-09-13T17:00:00Z,Jacksonville Jaguars,Cleveland Browns,JAX,CLE,draftkings,h2h,Jacksonville Jaguars,-470.0,
e55c6fe19fce094ce214c8b0e5b504e9,2026-09-13T16:57:27Z,2026-09-13T17:00:00Z,Jacksonville Jaguars,Cleveland Browns,JAX,CLE,draftkings,spreads,Cleveland Browns,-105.0,8.5
e55c6fe19fce094ce214c8b0e5b504e9,2026-09-13T16:57:27Z,2026-09-13T17:00:00Z,Jacksonville Jaguars,Cleveland Browns,JAX,CLE,draftkings,spreads,Jacksonville Jaguars,-115.0,-8.5
e55c6fe19fce094ce214c8b0e5b504e9,2026-09-13T16:57:27Z,2026-09-13T17:00:00Z,Jacksonville Jaguars,Cleveland Browns,JAX,CLE,draftkings,totals,Over,-102.0,40.5
e55c6fe19fce094ce214c8b0e5b504e9,2026-09-13T16:57:27Z,2026-09-13T17:00:00Z,Jacksonville Jaguars,Cleveland Browns,JAX,CLE,draftkings,totals,Under,-118.0,40.5
e55c6fe19fce094ce214c8b0e5b504e9,2026-09-13T16:57:27Z,2026-09-13T17:00:00Z,Jacksonville Jaguars,Cleveland Browns,JAX,CLE,fanduel,h2h,Cleveland Browns,350.0,
e55c6fe19fce094ce214c8b0e5b504e9,2026-09-13T16:57:27Z,2026-09-13T17:00:00Z,Jacksonville Jaguars,Cleveland Browns,JAX,CLE,fanduel,h2h,Jacksonville Jaguars,-450.0,
e55c6fe19fce094ce214c8b0e5b504e9,2026-09-13T16:57:27Z,2026-09-13T17:00:00Z,Jacksonville Jaguars,Cleveland Browns,JAX,CLE,fanduel,spreads,Cleveland Browns,-112.0,8.5
e55c6fe19fce094ce214c8b0e5b504e9,2026-09-13T16:57:27Z,2026-09-13T17:00:00Z,Jacksonville Jaguars,Cleveland Browns,JAX,CLE,fanduel,spreads,Jacksonville Jaguars,-108.0,-8.5
e55c6fe19fce094ce214c8b0e5b504e9,2026-09-13T16:57:27Z,2026-09-13T17:00:00Z,Jacksonville Jaguars,Cleveland Browns,JAX,CLE,fanduel,totals,Over,-112.0,40.5
e55c6fe19fce094ce214c8b0e5b504e9,2026-09-13T16:57:27Z,2026-09-13T17:00:00Z,Jacksonville Jaguars,Cleveland Browns,JAX,CLE,fanduel,totals,Under,-108.0,40.5
e55c6fe19fce094ce214c8b0e5b504e9,2026-09-13T16:57:27Z,2026-09-13T17:00:00Z,Jacksonville Jaguars,Cleveland Browns,JAX,CLE,betus,h2h,Cleveland Browns,350.0,
e55c6fe19fce094ce214c8b0e5b504e9,2026-09-13T16:57:27Z,2026-09-13T17:00:00Z,Jacksonville Jaguars,Cleveland Browns,JAX,CLE,betus,h2h,Jacksonville Jaguars,-445.0,
e55c6fe19fce094ce214c8b0e5b504e9,2026-09-13T16:57:27Z,2026-09-13T17:00:00Z,Jacksonville Jaguars,Cleveland Browns,JAX,CLE,betus,spreads,Cleveland Browns,-110.0,9.0
e55c6fe19fce094ce214c8b0e5b504e9,2026-09-13T16:57:27Z,2026-09-13T17:00:00Z,Jacksonville Jaguars,Cleveland Browns,JAX,CLE,betus,spreads,Jacksonville Jaguars,-110.0,-9.0
e55c6fe19fce094ce214c8b0e5b504e9,2026-09-13T16:57:27Z,2026-09-13T17:00:00Z,Jacksonville Jaguars,Cleveland Browns,JAX,CLE,betus,totals,Over,-110.0,40.0
e55c6fe19fce094ce214c8b0e5b504e9,2026-09-13T16:57:27Z,2026-09-13T17:00:00Z,Jacksonville Jaguars,Cleveland Browns,JAX,CLE,betus,totals,Under,-110.0,40.0
e55c6fe19fce094ce214c8b0e5b504e9,2026-09-13T16:57:27Z,2026-09-13T17:00:00Z,Jacksonville Jaguars,Cleveland Browns,JAX,CLE,betrivers,h2h,Cleveland Browns,325.0,
e55c6fe19fce094ce214c8b0e5b504e9,2026-09-13T16:57:27Z,2026-09-13T17:00:00Z,Jacksonville Jaguars,Cleveland Browns,JAX,CLE,betrivers,h2h,Jacksonville Jaguars,-435.0,
e55c6fe19fce094ce214c8b0e5b504e9,2026-09-13T16:57:27Z,2026-09-13T17:00:00Z,Jacksonville Jaguars,Cleveland Browns,JAX,CLE,betrivers,spreads,Cleveland Browns,-112.0,9.0
e55c6fe19fce094ce214c8b0e5b504e9,2026-09-13T16:57:27Z,2026-09-13T17:00:00Z,Jacksonville Jaguars,Cleveland Browns,JAX,CLE,betrivers,spreads,Jacksonville Jaguars,-109.0,-9.0
e55c6fe19fce094ce214c8b0e5b504e9,2026-09-13T16:57:27Z,2026-09-13T17:00:00Z,Jacksonville Jaguars,Cleveland Browns,JAX,CLE,betrivers,totals,Over,-114.0,40.0
e55c6fe19fce094ce214c8b0e5b504e9,2026-09-13T16:57:27Z,2026-09-13T17:00:00Z,Jacksonville Jaguars,Cleveland Browns,JAX,CLE,betrivers,totals,Under,-107.0,40.0
e55c6fe19fce094ce214c8b0e5b504e9,2026-09-13T16:57:27Z,2026-09-13T17:00:00Z,Jacksonville Jaguars,Cleveland Browns,JAX,CLE,betonlineag,h2h,Cleveland Browns,347.0,
e55c6fe19fce094ce214c8b0e5b504e9,2026-09-13T16:57:27Z,2026-09-13T17:00:00Z,Jacksonville Jaguars,Cleveland Browns,JAX,CLE,betonlineag,h2h,Jacksonville Jaguars,-445.0,
e55c6fe19fce094ce214c8b0e5b504e9,2026-09-13T16:57:27Z,2026-09-13T17:00:00Z,Jacksonville Jaguars,Cleveland Browns,JAX,CLE,betonlineag,spreads,Cleveland Browns,-110.0,8.5
e55c6fe19fce094ce214c8b0e5b504e9,2026-09-13T16:57:27Z,2026-09-13T17:00:00Z,Jacksonville Jaguars,Cleveland Browns,JAX,CLE,betonlineag,spreads,Jacksonville Jaguars,-110.0,-8.5
e55c6fe19fce094ce214c8b0e5b504e9,2026-09-13T16:57:27Z,2026-09-13T17:00:00Z,Jacksonville Jaguars,Cleveland Browns,JAX,CLE,betonlineag,totals,Over,-112.0,40.0
e55c6fe19fce094ce214c8b0e5b504e9,2026-09-13T16:57:27Z,2026-09-13T17:00:00Z,Jacksonville Jaguars,Cleveland Browns,JAX,CLE,betonlineag,totals,Under,-108.0,40.0
e55c6fe19fce094ce214c8b0e5b504e9,2026-09-13T16:57:27Z,2026-09-13T17:00:00Z,Jacksonville Jaguars,Cleveland Browns,JAX,CLE,lowvig,h2h,Cleveland Browns,347.0,
e55c6fe19fce094ce214c8b0e5b504e9,2026-09-13T16:57:27Z,2026-09-13T17:00:00Z,Jacksonville Jaguars,Cleveland Browns,JAX,CLE,lowvig,h2h,Jacksonville Jaguars,-445.0,
e55c6fe19fce094ce214c8b0e5b504e9,2026-09-13T16:57:27Z,2026-09-13T17:00:00Z,Jacksonville Jaguars,Cleveland Browns,JAX,CLE,lowvig,spreads,Cleveland Browns,-115.0,9.0
e55c6fe19fce094ce214c8b0e5b504e9,2026-09-13T16:57:27Z,2026-09-13T17:00:00Z,Jacksonville Jaguars,Cleveland Browns,JAX,CLE,lowvig,spreads,Jacksonville Jaguars,104.0,-9.0
e55c6fe19fce094ce214c8b0e5b504e9,2026-09-13T16:57:27Z,2026-09-13T17:00:00Z,Jacksonville Jaguars,Cleveland Browns,JAX,CLE,lowvig,totals,Over,-114.0,40.0
e55c6fe19fce094ce214c8b0e5b504e9,2026-09-13T16:57:27Z,2026-09-13T17:00:00Z,Jacksonville Jaguars,Cleveland Browns,JAX,CLE,lowvig,totals,Under,-101.0,40.0
e55c6fe19fce094ce214c8b0e5b504e9,2026-09-13T16:57:27Z,2026-09-13T17:00:00Z,Jacksonville Jaguars,Cleveland Browns,JAX,CLE,betmgm,h2h,Cleveland Browns,350.0,
e55c6fe19fce094ce214c8b0e5b504e9,2026-09-13T16:57:27Z,2026-09-13T17:00:00Z,Jacksonville Jaguars,Cleveland Browns,JAX,CLE,betmgm,h2h,Jacksonville Jaguars,-450.0,
e55c6fe19fce094ce214c8b0e5b504e9,2026-09-13T16:57:27Z,2026-09-13T17:00:00Z,Jacksonville Jaguars,Cleveland Browns,JAX,CLE,betmgm,spreads,Cleveland Browns,-105.0,9.0
e55c6fe19fce094ce214c8b0e5b504e9,2026-09-13T16:57:27Z,2026-09-13T17:00:00Z,Jacksonville Jaguars,Cleveland Browns,JAX,CLE,betmgm,spreads,Jacksonville Jaguars,-105.0,-9.0
e55c6fe19fce094ce214c8b0e5b504e9,2026-09-13T16:57:27Z,2026-09-13T17:00:00Z,Jacksonville Jaguars,Cleveland Browns,JAX,CLE,betmgm,totals,Over,-110.0,40.0
e55c6fe19fce094ce214c8b0e5b504e9,2026-09-13T16:57:27Z,2026-09-13T17:00:00Z,Jacksonville Jaguars,Cleveland Browns,JAX,CLE,betmgm,totals,Under,-108.0,40.0
e55c6fe19fce094ce214c8b0e5b504e9,2026-09-13T16:57:27Z,2026-09-13T17:00:00Z,Jacksonville Jaguars,Cleveland Browns,JAX,CLE,bovada,h2h,Cleveland Browns,315.0,
e55c6fe19fce094ce214c8b0e5b504e9,2026-09-13T16:57:27Z,2026-09-13T17:00:00Z,Jacksonville Jaguars,Cleveland Browns,JAX,CLE,bovada,h2h,Jacksonville Jaguars,-420.0,
e55c6fe19fce094ce214c8b0e5b504e9,2026-09-13T16:57:27Z,2026-09-13T17:00:00Z,Jacksonville Jaguars,Cleveland Browns,JAX,CLE,bovada,spreads,Cleveland Browns,-115.0,8.5
e55c6fe19fce094ce214c8b0e5b504e9,2026-09-13T16:57:27Z,2026-09-13T17:00:00Z,Jacksonville Jaguars,Cleveland Browns,JAX,CLE,bovada,spreads,Jacksonville Jaguars,-105.0,-8.5
e55c6fe19fce094ce214c8b0e5b504e9,2026-09-13T16:57:27Z,2026-09-13T17:00:00Z,Jacksonville Jaguars,Cleveland Browns,JAX,CLE,bovada,totals,Over,-105.0,40.5
e55c6fe19fce094ce214c8b0e5b504e9,2026-09-13T16:57:27Z,2026-09-13T17:00:00Z,Jacksonville Jaguars,Cleveland Browns,JAX,CLE,bovada,totals,Under,-115.0,40.5
e55c6fe19fce094ce214c8b0e5b504e9,2026-09-13T16:57:27Z,2026-09-13T17:00:00Z,Jacksonville Jaguars,Cleveland Browns,JAX,CLE,mybookieag,h2h,Cleveland Browns,350.0,
e55c6fe19fce094ce214c8b0e5b504e9,2026-09-13T16:57:27Z,2026-09-13T17:00:00Z,Jacksonville Jaguars,Cleveland Browns,JAX,CLE,mybookieag,h2h,Jacksonville Jaguars,-481.0,
e55c6fe19fce094ce214c8b0e5b504e9,2026-09-13T16:57:27Z,2026-09-13T17:00:00Z,Jacksonville Jaguars,Cleveland Browns,JAX,CLE,mybookieag,spreads,Cleveland Browns,-110.0,8.5
e55c6fe19fce094ce214c8b0e5b504e9,2026-09-13T16:57:27Z,2026-09-13T17:00:00Z,Jacksonville Jaguars,Cleveland Browns,JAX,CLE,mybookieag,spreads,Jacksonville Jaguars,-110.0,-8.5
e55c6fe19fce094ce214c8b0e5b504e9,2026-09-13T16:57:27Z,2026-09-13T17:00:00Z,Jacksonville Jaguars,Cleveland Browns,JAX,CLE,mybookieag,totals,Over,-110.0,40.5
e55c6fe19fce094ce214c8b0e5b504e9,2026-09-13T16:57:27Z,2026-09-13T17:00:00Z,Jacksonville Jaguars,Cleveland Browns,JAX,CLE,mybookieag,totals,Under,-110.0,40.5
b6cfdcbafa61ce220ba87dc2d9b80c77,2026-09-13T16:57:27Z,2026-09-13T17:05:00Z,Indianapolis Colts,Baltimore Ravens,IND,BAL,draftkings,h2h,Baltimore Ravens,-162.0,
b6cfdcbafa61ce220ba87dc2d9b80c77,2026-09-13T16:57:27Z,2026-09-13T17:05:00Z,Indianapolis Colts,Baltimore Ravens,IND,BAL,draftkings,h2h,Indianapolis Colts,136.0,
b6cfdcbafa61ce220ba87dc2d9b80c77,2026-09-13T16:57:27Z,2026-09-13T17:05:00Z,Indianapolis Colts,Baltimore Ravens,IND,BAL,draftkings,spreads,Baltimore Ravens,-110.0,-3.0
b6cfdcbafa61ce220ba87dc2d9b80c77,2026-09-13T16:57:27Z,2026-09-13T17:05:00Z,Indianapolis Colts,Baltimore Ravens,IND,BAL,draftkings,spreads,Indianapolis Colts,-110.0,3.0
b6cfdcbafa61ce220ba87dc2d9b80c77,2026-09-13T16:57:27Z,2026-09-13T17:05:00Z,Indianapolis Colts,Baltimore Ravens,IND,BAL,draftkings,totals,Over,-102.0,48.5
b6cfdcbafa61ce220ba87dc2d9b80c77,2026-09-13T16:57:27Z,2026-09-13T17:05:00Z,Indianapolis Colts,Baltimore Ravens,IND,BAL,draftkings,totals,Under,-118.0,48.5
b6cfdcbafa61ce220ba87dc2d9b80c77,2026-09-13T16:57:27Z,2026-09-13T17:05:00Z,Indianapolis Colts,Baltimore Ravens,IND,BAL,betus,h2h,Baltimore Ravens,-155.0,
b6cfdcbafa61ce220ba87dc2d9b80c77,2026-09-13T16:57:27Z,2026-09-13T17:05:00Z,Indianapolis Colts,Baltimore Ravens,IND,BAL,betus,h2h,Indianapolis Colts,134.0,
b6cfdcbafa61ce220ba87dc2d9b80c77,2026-09-13T16:57:27Z,2026-09-13T17:05:00Z,Indianapolis Colts,Baltimore Ravens,IND,BAL,betus,spreads,Baltimore Ravens,-110.0,-3.0
b6cfdcbafa61ce220ba87dc2d9b80c77,2026-09-13T16:57:27Z,2026-09-13T17:05:00Z,Indianapolis Colts,Baltimore Ravens,IND,BAL,betus,spreads,Indianapolis Colts,-110.0,3.0
b6cfdcbafa61ce220ba87dc2d9b80c77,2026-09-13T16:57:27Z,2026-09-13T17:05:00Z,Indianapolis Colts,Baltimore Ravens,IND,BAL,betus,totals,Over,-110.0,48.5
b6cfdcbafa61ce220ba87dc2d9b80c77,2026-09-13T16:57:27Z,2026-09-13T17:05:00Z,Indianapolis Colts,Baltimore Ravens,IND,BAL,betus,totals,Under,-110.0,48.5
b6cfdcbafa61ce220ba87dc2d9b80c77,2026-09-13T16:57:27Z,2026-09-13T17:05:00Z,Indianapolis Colts,Baltimore Ravens,IND,BAL,lowvig,h2h,Baltimore Ravens,-158.0,
b6cfdcbafa61ce220ba87dc2d9b80c77,2026-09-13T16:57:27Z,2026-09-13T17:05:00Z,Indianapolis Colts,Baltimore Ravens,IND,BAL,lowvig,h2h,Indianapolis Colts,138.0,
b6cfdcbafa61ce220ba87dc2d9b80c77,2026-09-13T16:57:27Z,2026-09-13T17:05:00Z,Indianapolis Colts,Baltimore Ravens,IND,BAL,lowvig,spreads,Baltimore Ravens,104.0,-3.0
b6cfdcbafa61ce220ba87dc2d9b80c77,2026-09-13T16:57:27Z,2026-09-13T17:05:00Z,Indianapolis Colts,Baltimore Ravens,IND,BAL,lowvig,spreads,Indianapolis Colts,-115.0,3.0
b6cfdcbafa61ce220ba87dc2d9b80c77,2026-09-13T16:57:27Z,2026-09-13T17:05:00Z,Indianapolis Colts,Baltimore Ravens,IND,BAL,lowvig,totals,Over,-104.0,48.5
b6cfdcbafa61ce220ba87dc2d9b80c77,2026-09-13T16:57:27Z,2026-09-13T17:05:00Z,Indianapolis Colts,Baltimore Ravens,IND,BAL,lowvig,totals,Under,-110.0,48.5
b6cfdcbafa61ce220ba87dc2d9b80c77,2026-09-13T16:57:27Z,2026-09-13T17:05:00Z,Indianapolis Colts,Baltimore Ravens,IND,BAL,betrivers,h2h,Baltimore Ravens,-162.0,
b6cfdcbafa61ce220ba87dc2d9b80c77,2026-09-13T16:57:27Z,2026-09-13T17:05:00Z,Indianapolis Colts,Baltimore Ravens,IND,BAL,betrivers,h2h,Indianapolis Colts,133.0,
b6cfdcbafa61ce220ba87dc2d9b80c77,2026-09-13T16:57:27Z,2026-09-13T17:05:00Z,Indianapolis Colts,Baltimore Ravens,IND,BAL,betrivers,spreads,Baltimore Ravens,-108.0,-3.0
b6cfdcbafa61ce220ba87dc2d9b80c77,2026-09-13T16:57:27Z,2026-09-13T17:05:00Z,Indianapolis Colts,Baltimore Ravens,IND,BAL,betrivers,spreads,Indianapolis Colts,-113.0,3.0
b6cfdcbafa61ce220ba87dc2d9b80c77,2026-09-13T16:57:27Z,2026-09-13T17:05:00Z,Indianapolis Colts,Baltimore Ravens,IND,BAL,betrivers,totals,Over,-109.0,48.0
b6cfdcbafa61ce220ba87dc2d9b80c77,2026-09-13T16:57:27Z,2026-09-13T17:05:00Z,Indianapolis Colts,Baltimore Ravens,IND,BAL,betrivers,totals,Under,-112.0,48.0
b6cfdcbafa61ce220ba87dc2d9b80c77,2026-09-13T16:57:27Z,2026-09-13T17:05:00Z,Indianapolis Colts,Baltimore Ravens,IND,BAL,betonlineag,h2h,Baltimore Ravens,-158.0,
b6cfdcbafa61ce220ba87dc2d9b80c77,2026-09-13T16:57:27Z,2026-09-13T17:05:00Z,Indianapolis Colts,Baltimore Ravens,IND,BAL,betonlineag,h2h,Indianapolis Colts,138.0,
b6cfdcbafa61ce220ba87dc2d9b80c77,2026-09-13T16:57:27Z,2026-09-13T17:05:00Z,Indianapolis Colts,Baltimore Ravens,IND,BAL,betonlineag,spreads,Baltimore Ravens,-105.0,-3.0
b6cfdcbafa61ce220ba87dc2d9b80c77,2026-09-13T16:57:27Z,2026-09-13T17:05:00Z,Indianapolis Colts,Baltimore Ravens,IND,BAL,betonlineag,spreads,Indianapolis Colts,-115.0,3.0
b6cfdcbafa61ce220ba87dc2d9b80c77,2026-09-13T16:57:27Z,2026-09-13T17:05:00Z,Indianapolis Colts,Baltimore Ravens,IND,BAL,betonlineag,totals,Over,-110.0,48.5
b6cfdcbafa61ce220ba87dc2d9b80c77,2026-09-13T16:57:27Z,2026-09-13T17:05:00Z,Indianapolis Colts,Baltimore Ravens,IND,BAL,betonlineag,totals,Under,-110.0,48.5
b6cfdcbafa61ce220ba87dc2d9b80c77,2026-09-13T16:57:27Z,2026-09-13T17:05:00Z,Indianapolis Colts,Baltimore Ravens,IND,BAL,fanduel,h2h,Baltimore Ravens,-162.0,
b6cfdcbafa61ce220ba87dc2d9b80c77,2026-09-13T16:57:27Z,2026-09-13T17:05:00Z,Indianapolis Colts,Baltimore Ravens,IND,BAL,fanduel,h2h,Indianapolis Colts,136.0,
b6cfdcbafa61ce220ba87dc2d9b80c77,2026-09-13T16:57:27Z,2026-09-13T17:05:00Z,Indianapolis Colts,Baltimore Ravens,IND,BAL,fanduel,spreads,Baltimore Ravens,-110.0,-3.0
b6cfdcbafa61ce220ba87dc2d9b80c77,2026-09-13T16:57:27Z,2026-09-13T17:05:00Z,Indianapolis Colts,Baltimore Ravens,IND,BAL,fanduel,spreads,Indianapolis Colts,-110.0,3.0
b6cfdcbafa61ce220ba87dc2d9b80c77,2026-09-13T16:57:27Z,2026-09-13T17:05:00Z,Indianapolis Colts,Baltimore Ravens,IND,BAL,fanduel,totals,Over,-102.0,48.5
b6cfdcbafa61ce220ba87dc2d9b80c77,2026-09-13T16:57:27Z,2026-09-13T17:05:00Z,Indianapolis Colts,Baltimore Ravens,IND,BAL,fanduel,totals,Under,-120.0,48.5
b6cfdcbafa61ce220ba87dc2d9b80c77,2026-09-13T16:57:27Z,2026-09-13T17:05:00Z,Indianapolis Colts,Baltimore Ravens,IND,BAL,betmgm,h2h,Baltimore Ravens,-160.0,
b6cfdcbafa61ce220ba87dc2d9b80c77,2026-09-13T16:57:27Z,2026-09-13T17:05:00Z,Indianapolis Colts,Baltimore Ravens,IND,BAL,betmgm,h2h,Indianapolis Colts,135.0,
b6cfdcbafa61ce220ba87dc2d9b80c77,2026-09-13T16:57:27Z,2026-09-13T17:05:00Z,Indianapolis Colts,Baltimore Ravens,IND,BAL,betmgm,spreads,Baltimore Ravens,-108.0,-3.0
b6cfdcbafa61ce220ba87dc2d9b80c77,2026-09-13T16:57:27Z,2026-09-13T17:05:00Z,Indianapolis Colts,Baltimore Ravens,IND,BAL,betmgm,spreads,Indianapolis Colts,-110.0,3.0
b6cfdcbafa61ce220ba87dc2d9b80c77,2026-09-13T16:57:27Z,2026-09-13T17:05:00Z,Indianapolis Colts,Baltimore Ravens,IND,BAL,betmgm,totals,Over,-110.0,48.0
b6cfdcbafa61ce220ba87dc2d9b80c77,2026-09-13T16:57:27Z,2026-09-13T17:05:00Z,Indianapolis Colts,Baltimore Ravens,IND,BAL,betmgm,totals,Under,-108.0,48.0
b6cfdcbafa61ce220ba87dc2d9b80c77,2026-09-13T16:57:27Z,2026-09-13T17:05:00Z,Indianapolis Colts,Baltimore Ravens,IND,BAL,bovada,h2h,Baltimore Ravens,-150.0,
b6cfdcbafa61ce220ba87dc2d9b80c77,2026-09-13T16:57:27Z,2026-09-13T17:05:00Z,Indianapolis Colts,Baltimore Ravens,IND,BAL,bovada,h2h,Indianapolis Colts,130.0,
b6cfdcbafa61ce220ba87dc2d9b80c77,2026-09-13T16:57:27Z,2026-09-13T17:05:00Z,Indianapolis Colts,Baltimore Ravens,IND,BAL,bovada,spreads,Baltimore Ravens,-120.0,-2.5
b6cfdcbafa61ce220ba87dc2d9b80c77,2026-09-13T16:57:27Z,2026-09-13T17:05:00Z,Indianapolis Colts,Baltimore Ravens,IND,BAL,bovada,spreads,Indianapolis Colts,100.0,2.5
b6cfdcbafa61ce220ba87dc2d9b80c77,2026-09-13T16:57:27Z,2026-09-13T17:05:00Z,Indianapolis Colts,Baltimore Ravens,IND,BAL,bovada,totals,Over,-105.0,48.0
b6cfdcbafa61ce220ba87dc2d9b80c77,2026-09-13T16:57:27Z,2026-09-13T17:05:00Z,Indianapolis Colts,Baltimore Ravens,IND,BAL,bovada,totals,Under,-115.0,48.0
b6cfdcbafa61ce220ba87dc2d9b80c77,2026-09-13T16:57:27Z,2026-09-13T17:05:00Z,Indianapolis Colts,Baltimore Ravens,IND,BAL,mybookieag,h2h,Baltimore Ravens,-162.0,
b6cfdcbafa61ce220ba87dc2d9b80c77,2026-09-13T16:57:27Z,2026-09-13T17:05:00Z,Indianapolis Colts,Baltimore Ravens,IND,BAL,mybookieag,h2h,Indianapolis Colts,132.0,
b6cfdcbafa61ce220ba87dc2d9b80c77,2026-09-13T16:57:27Z,2026-09-13T17:05:00Z,Indianapolis Colts,Baltimore Ravens,IND,BAL,mybookieag,spreads,Baltimore Ravens,100.0,-3.0
b6cfdcbafa61ce220ba87dc2d9b80c77,2026-09-13T16:57:27Z,2026-09-13T17:05:00Z,Indianapolis Colts,Baltimore Ravens,IND,BAL,mybookieag,spreads,Indianapolis Colts,-120.0,3.0
b6cfdcbafa61ce220ba87dc2d9b80c77,2026-09-13T16:57:27Z,2026-09-13T17:05:00Z,Indianapolis Colts,Baltimore Ravens,IND,BAL,mybookieag,totals,Over,-110.0,48.0
b6cfdcbafa61ce220ba87dc2d9b80c77,2026-09-13T16:57:27Z,2026-09-13T17:05:00Z,Indianapolis Colts,Baltimore Ravens,IND,BAL,mybookieag,totals,Under,-110.0,48.0
7e09efed7e12c659b82740b67ce2f9a1,2026-09-13T16:57:27Z,2026-09-13T17:05:00Z,Houston Texans,Buffalo Bills,HOU,BUF,draftkings,h2h,Buffalo Bills,-112.0,
7e09efed7e12c659b82740b67ce2f9a1,2026-09-13T16:57:27Z,2026-09-13T17:05:00Z,Houston Texans,Buffalo Bills,HOU,BUF,draftkings,h2h,Houston Texans,-108.0,
7e09efed7e12c659b82740b67ce2f9a1,2026-09-13T16:57:27Z,2026-09-13T17:05:00Z,Houston Texans,Buffalo Bills,HOU,BUF,draftkings,spreads,Buffalo Bills,-105.0,-1.5
7e09efed7e12c659b82740b67ce2f9a1,2026-09-13T16:57:27Z,2026-09-13T17:05:00Z,Houston Texans,Buffalo Bills,HOU,BUF,draftkings,spreads,Houston Texans,-115.0,1.5
7e09efed7e12c659b82740b67ce2f9a1,2026-09-13T16:57:27Z,2026-09-13T17:05:00Z,Houston Texans,Buffalo Bills,HOU,BUF,draftkings,totals,Over,-110.0,44.5
7e09efed7e12c659b82740b67ce2f9a1,2026-09-13T16:57:27Z,2026-09-13T17:05:00Z,Houston Texans,Buffalo Bills,HOU,BUF,draftkings,totals,Under,-110.0,44.5
7e09efed7e12c659b82740b67ce2f9a1,2026-09-13T16:57:27Z,2026-09-13T17:05:00Z,Houston Texans,Buffalo Bills,HOU,BUF,betus,spreads,Buffalo Bills,-120.0,0.0
7e09efed7e12c659b82740b67ce2f9a1,2026-09-13T16:57:27Z,2026-09-13T17:05:00Z,Houston Texans,Buffalo Bills,HOU,BUF,betus,spreads,Houston Texans,100.0,0.0
7e09efed7e12c659b82740b67ce2f9a1,2026-09-13T16:57:27Z,2026-09-13T17:05:00Z,Houston Texans,Buffalo Bills,HOU,BUF,betus,totals,Over,-105.0,44.5
7e09efed7e12c659b82740b67ce2f9a1,2026-09-13T16:57:27Z,2026-09-13T17:05:00Z,Houston Texans,Buffalo Bills,HOU,BUF,betus,totals,Under,-115.0,44.5
7e09efed7e12c659b82740b67ce2f9a1,2026-09-13T16:57:27Z,2026-09-13T17:05:00Z,Houston Texans,Buffalo Bills,HOU,BUF,lowvig,h2h,Buffalo Bills,-115.0,
7e09efed7e12c659b82740b67ce2f9a1,2026-09-13T16:57:27Z,2026-09-13T17:05:00Z,Houston Texans,Buffalo Bills,HOU,BUF,lowvig,h2h,Houston Texans,-105.0,
7e09efed7e12c659b82740b67ce2f9a1,2026-09-13T16:57:27Z,2026-09-13T17:05:00Z,Houston Texans,Buffalo Bills,HOU,BUF,lowvig,spreads,Buffalo Bills,-101.0,-1.0
7e09efed7e12c659b82740b67ce2f9a1,2026-09-13T16:57:27Z,2026-09-13T17:05:00Z,Houston Texans,Buffalo Bills,HOU,BUF,lowvig,spreads,Houston Texans,-109.0,1.0
7e09efed7e12c659b82740b67ce2f9a1,2026-09-13T16:57:27Z,2026-09-13T17:05:00Z,Houston Texans,Buffalo Bills,HOU,BUF,lowvig,totals,Over,-107.0,44.5
7e09efed7e12c659b82740b67ce2f9a1,2026-09-13T16:57:27Z,2026-09-13T17:05:00Z,Houston Texans,Buffalo Bills,HOU,BUF,lowvig,totals,Under,-107.0,44.5
7e09efed7e12c659b82740b67ce2f9a1,2026-09-13T16:57:27Z,2026-09-13T17:05:00Z,Houston Texans,Buffalo Bills,HOU,BUF,betrivers,h2h,Buffalo Bills,-121.0,
7e09efed7e12c659b82740b67ce2f9a1,2026-09-13T16:57:27Z,2026-09-13T17:05:00Z,Houston Texans,Buffalo Bills,HOU,BUF,betrivers,h2h,Houston Texans,100.0,
7e09efed7e12c659b82740b67ce2f9a1,2026-09-13T16:57:27Z,2026-09-13T17:05:00Z,Houston Texans,Buffalo Bills,HOU,BUF,betrivers,spreads,Buffalo Bills,-108.0,-1.5
7e09efed7e12c659b82740b67ce2f9a1,2026-09-13T16:57:27Z,2026-09-13T17:05:00Z,Houston Texans,Buffalo Bills,HOU,BUF,betrivers,spreads,Houston Texans,-113.0,1.5
7e09efed7e12c659b82740b67ce2f9a1,2026-09-13T16:57:27Z,2026-09-13T17:05:00Z,Houston Texans,Buffalo Bills,HOU,BUF,betrivers,totals,Over,-113.0,44.5
7e09efed7e12c659b82740b67ce2f9a1,2026-09-13T16:57:27Z,2026-09-13T17:05:00Z,Houston Texans,Buffalo Bills,HOU,BUF,betrivers,totals,Under,-108.0,44.5
7e09efed7e12c659b82740b67ce2f9a1,2026-09-13T16:57:27Z,2026-09-13T17:05:00Z,Houston Texans,Buffalo Bills,HOU,BUF,betonlineag,h2h,Buffalo Bills,-115.0,
7e09efed7e12c659b82740b67ce2f9a1,2026-09-13T16:57:27Z,2026-09-13T17:05:00Z,Houston Texans,Buffalo Bills,HOU,BUF,betonlineag,h2h,Houston Texans,-105.0,
7e09efed7e12c659b82740b67ce2f9a1,2026-09-13T16:57:27Z,2026-09-13T17:05:00Z,Houston Texans,Buffalo Bills,HOU,BUF,betonlineag,spreads,Buffalo Bills,-105.0,-1.0
7e09efed7e12c659b82740b67ce2f9a1,2026-09-13T16:57:27Z,2026-09-13T17:05:00Z,Houston Texans,Buffalo Bills,HOU,BUF,betonlineag,spreads,Houston Texans,-115.0,1.0
7e09efed7e12c659b82740b67ce2f9a1,2026-09-13T16:57:27Z,2026-09-13T17:05:00Z,Houston Texans,Buffalo Bills,HOU,BUF,betonlineag,totals,Over,-110.0,44.5
7e09efed7e12c659b82740b67ce2f9a1,2026-09-13T16:57:27Z,2026-09-13T17:05:00Z,Houston Texans,Buffalo Bills,HOU,BUF,betonlineag,totals,Under,-110.0,44.5
7e09efed7e12c659b82740b67ce2f9a1,2026-09-13T16:57:27Z,2026-09-13T17:05:00Z,Houston Texans,Buffalo Bills,HOU,BUF,fanduel,h2h,Buffalo Bills,-116.0,
7e09efed7e12c659b82740b67ce2f9a1,2026-09-13T16:57:27Z,2026-09-13T17:05:00Z,Houston Texans,Buffalo Bills,HOU,BUF,fanduel,h2h,Houston Texans,-102.0,
7e09efed7e12c659b82740b67ce2f9a1,2026-09-13T16:57:27Z,2026-09-13T17:05:00Z,Houston Texans,Buffalo Bills,HOU,BUF,fanduel,spreads,Buffalo Bills,-104.0,-1.5
7e09efed7e12c659b82740b67ce2f9a1,2026-09-13T16:57:27Z,2026-09-13T17:05:00Z,Houston Texans,Buffalo Bills,HOU,BUF,fanduel,spreads,Houston Texans,-118.0,1.5
7e09efed7e12c659b82740b67ce2f9a1,2026-09-13T16:57:27Z,2026-09-13T17:05:00Z,Houston Texans,Buffalo Bills,HOU,BUF,fanduel,totals,Over,-110.0,44.5
7e09efed7e12c659b82740b67ce2f9a1,2026-09-13T16:57:27Z,2026-09-13T17:05:00Z,Houston Texans,Buffalo Bills,HOU,BUF,fanduel,totals,Under,-110.0,44.5
7e09efed7e12c659b82740b67ce2f9a1,2026-09-13T16:57:27Z,2026-09-13T17:05:00Z,Houston Texans,Buffalo Bills,HOU,BUF,betmgm,h2h,Buffalo Bills,-118.0,
7e09efed7e12c659b82740b67ce2f9a1,2026-09-13T16:57:27Z,2026-09-13T17:05:00Z,Houston Texans,Buffalo Bills,HOU,BUF,betmgm,h2h,Houston Texans,-102.0,
7e09efed7e12c659b82740b67ce2f9a1,2026-09-13T16:57:27Z,2026-09-13T17:05:00Z,Houston Texans,Buffalo Bills,HOU,BUF,betmgm,spreads,Buffalo Bills,-108.0,-1.0
7e09efed7e12c659b82740b67ce2f9a1,2026-09-13T16:57:27Z,2026-09-13T17:05:00Z,Houston Texans,Buffalo Bills,HOU,BUF,betmgm,spreads,Houston Texans,-110.0,1.0
7e09efed7e12c659b82740b67ce2f9a1,2026-09-13T16:57:27Z,2026-09-13T17:05:00Z,Houston Texans,Buffalo Bills,HOU,BUF,betmgm,totals,Over,-110.0,44.5
7e09efed7e12c659b82740b67ce2f9a1,2026-09-13T16:57:27Z,2026-09-13T17:05:00Z,Houston Texans,Buffalo Bills,HOU,BUF,betmgm,totals,Under,-108.0,44.5
7e09efed7e12c659b82740b67ce2f9a1,2026-09-13T16:57:27Z,2026-09-13T17:05:00Z,Houston Texans,Buffalo Bills,HOU,BUF,bovada,h2h,Buffalo Bills,-115.0,
7e09efed7e12c659b82740b67ce2f9a1,2026-09-13T16:57:27Z,2026-09-13T17:05:00Z,Houston Texans,Buffalo Bills,HOU,BUF,bovada,h2h,Houston Texans,-105.0,
7e09efed7e12c659b82740b67ce2f9a1,2026-09-13T16:57:27Z,2026-09-13T17:05:00Z,Houston Texans,Buffalo Bills,HOU,BUF,bovada,spreads,Buffalo Bills,-105.0,-1.0
7e09efed7e12c659b82740b67ce2f9a1,2026-09-13T16:57:27Z,2026-09-13T17:05:00Z,Houston Texans,Buffalo Bills,HOU,BUF,bovada,spreads,Houston Texans,-115.0,1.0
7e09efed7e12c659b82740b67ce2f9a1,2026-09-13T16:57:27Z,2026-09-13T17:05:00Z,Houston Texans,Buffalo Bills,HOU,BUF,bovada,totals,Over,-110.0,44.5
7e09efed7e12c659b82740b67ce2f9a1,2026-09-13T16:57:27Z,2026-09-13T17:05:00Z,Houston Texans,Buffalo Bills,HOU,BUF,bovada,totals,Under,-110.0,44.5
7e09efed7e12c659b82740b67ce2f9a1,2026-09-13T16:57:27Z,2026-09-13T17:05:00Z,Houston Texans,Buffalo Bills,HOU,BUF,mybookieag,h2h,Buffalo Bills,-117.0,
7e09efed7e12c659b82740b67ce2f9a1,2026-09-13T16:57:27Z,2026-09-13T17:05:00Z,Houston Texans,Buffalo Bills,HOU,BUF,mybookieag,h2h,Houston Texans,-104.0,
7e09efed7e12c659b82740b67ce2f9a1,2026-09-13T16:57:27Z,2026-09-13T17:05:00Z,Houston Texans,Buffalo Bills,HOU,BUF,mybookieag,spreads,Buffalo Bills,100.0,-1.5
7e09efed7e12c659b82740b67ce2f9a1,2026-09-13T16:57:27Z,2026-09-13T17:05:00Z,Houston Texans,Buffalo Bills,HOU,BUF,mybookieag,spreads,Houston Texans,-120.0,1.5
7e09efed7e12c659b82740b67ce2f9a1,2026-09-13T16:57:27Z,2026-09-13T17:05:00Z,Houston Texans,Buffalo Bills,HOU,BUF,mybookieag,totals,Over,-110.0,44.5
7e09efed7e12c659b82740b67ce2f9a1,2026-09-13T16:57:27Z,2026-09-13T17:05:00Z,Houston Texans,Buffalo Bills,HOU,BUF,mybookieag,totals,Under,-110.0,44.5
fc362aff0d889ec52d358307a70c32ed,2026-09-13T16:57:27Z,2026-09-13T17:05:00Z,Carolina Panthers,Chicago Bears,CAR,CHI,draftkings,h2h,Carolina Panthers,140.0,
fc362aff0d889ec52d358307a70c32ed,2026-09-13T16:57:27Z,2026-09-13T17:05:00Z,Carolina Panthers,Chicago Bears,CAR,CHI,draftkings,h2h,Chicago Bears,-166.0,
fc362aff0d889ec52d358307a70c32ed,2026-09-13T16:57:27Z,2026-09-13T17:05:00Z,Carolina Panthers,Chicago Bears,CAR,CHI,draftkings,spreads,Carolina Panthers,-108.0,3.0
fc362aff0d889ec52d358307a70c32ed,2026-09-13T16:57:27Z,2026-09-13T17:05:00Z,Carolina Panthers,Chicago Bears,CAR,CHI,draftkings,spreads,Chicago Bears,-112.0,-3.0
fc362aff0d889ec52d358307a70c32ed,2026-09-13T16:57:27Z,2026-09-13T17:05:00Z,Carolina Panthers,Chicago Bears,CAR,CHI,draftkings,totals,Over,-105.0,47.5
fc362aff0d889ec52d358307a70c32ed,2026-09-13T16:57:27Z,2026-09-13T17:05:00Z,Carolina Panthers,Chicago Bears,CAR,CHI,draftkings,totals,Under,-115.0,47.5
fc362aff0d889ec52d358307a70c32ed,2026-09-13T16:57:27Z,2026-09-13T17:05:00Z,Carolina Panthers,Chicago Bears,CAR,CHI,fanduel,h2h,Carolina Panthers,136.0,
fc362aff0d889ec52d358307a70c32ed,2026-09-13T16:57:27Z,2026-09-13T17:05:00Z,Carolina Panthers,Chicago Bears,CAR,CHI,fanduel,h2h,Chicago Bears,-162.0,
fc362aff0d889ec52d358307a70c32ed,2026-09-13T16:57:27Z,2026-09-13T17:05:00Z,Carolina Panthers,Chicago Bears,CAR,CHI,fanduel,spreads,Carolina Panthers,-115.0,3.0
fc362aff0d889ec52d358307a70c32ed,2026-09-13T16:57:27Z,2026-09-13T17:05:00Z,Carolina Panthers,Chicago Bears,CAR,CHI,fanduel,spreads,Chicago Bears,-105.0,-3.0
fc362aff0d889ec52d358307a70c32ed,2026-09-13T16:57:27Z,2026-09-13T17:05:00Z,Carolina Panthers,Chicago Bears,CAR,CHI,fanduel,totals,Over,-114.0,46.5
fc362aff0d889ec52d358307a70c32ed,2026-09-13T16:57:27Z,2026-09-13T17:05:00Z,Carolina Panthers,Chicago Bears,CAR,CHI,fanduel,totals,Under,-106.0,46.5
fc362aff0d889ec52d358307a70c32ed,2026-09-13T16:57:27Z,2026-09-13T17:05:00Z,Carolina Panthers,Chicago Bears,CAR,CHI,lowvig,h2h,Carolina Panthers,135.0,
fc362aff0d889ec52d358307a70c32ed,2026-09-13T16:57:27Z,2026-09-13T17:05:00Z,Carolina Panthers,Chicago Bears,CAR,CHI,lowvig,h2h,Chicago Bears,-155.0,
fc362aff0d889ec52d358307a70c32ed,2026-09-13T16:57:27Z,2026-09-13T17:05:00Z,Carolina Panthers,Chicago Bears,CAR,CHI,lowvig,spreads,Carolina Panthers,-110.0,3.0
fc362aff0d889ec52d358307a70c32ed,2026-09-13T16:57:27Z,2026-09-13T17:05:00Z,Carolina Panthers,Chicago Bears,CAR,CHI,lowvig,spreads,Chicago Bears,100.0,-3.0
fc362aff0d889ec52d358307a70c32ed,2026-09-13T16:57:27Z,2026-09-13T17:05:00Z,Carolina Panthers,Chicago Bears,CAR,CHI,lowvig,totals,Over,-107.0,46.5
fc362aff0d889ec52d358307a70c32ed,2026-09-13T16:57:27Z,2026-09-13T17:05:00Z,Carolina Panthers,Chicago Bears,CAR,CHI,lowvig,totals,Under,-107.0,46.5
fc362aff0d889ec52d358307a70c32ed,2026-09-13T16:57:27Z,2026-09-13T17:05:00Z,Carolina Panthers,Chicago Bears,CAR,CHI,betus,h2h,Carolina Panthers,138.0,
fc362aff0d889ec52d358307a70c32ed,2026-09-13T16:57:27Z,2026-09-13T17:05:00Z,Carolina Panthers,Chicago Bears,CAR,CHI,betus,h2h,Chicago Bears,-160.0,
fc362aff0d889ec52d358307a70c32ed,2026-09-13T16:57:27Z,2026-09-13T17:05:00Z,Carolina Panthers,Chicago Bears,CAR,CHI,betus,spreads,Carolina Panthers,-110.0,3.0
fc362aff0d889ec52d358307a70c32ed,2026-09-13T16:57:27Z,2026-09-13T17:05:00Z,Carolina Panthers,Chicago Bears,CAR,CHI,betus,spreads,Chicago Bears,-110.0,-3.0
fc362aff0d889ec52d358307a70c32ed,2026-09-13T16:57:27Z,2026-09-13T17:05:00Z,Carolina Panthers,Chicago Bears,CAR,CHI,betus,totals,Over,-110.0,47.0
fc362aff0d889ec52d358307a70c32ed,2026-09-13T16:57:27Z,2026-09-13T17:05:00Z,Carolina Panthers,Chicago Bears,CAR,CHI,betus,totals,Under,-110.0,47.0
fc362aff0d889ec52d358307a70c32ed,2026-09-13T16:57:27Z,2026-09-13T17:05:00Z,Carolina Panthers,Chicago Bears,CAR,CHI,betonlineag,h2h,Carolina Panthers,135.0,
fc362aff0d889ec52d358307a70c32ed,2026-09-13T16:57:27Z,2026-09-13T17:05:00Z,Carolina Panthers,Chicago Bears,CAR,CHI,betonlineag,h2h,Chicago Bears,-155.0,
fc362aff0d889ec52d358307a70c32ed,2026-09-13T16:57:27Z,2026-09-13T17:05:00Z,Carolina Panthers,Chicago Bears,CAR,CHI,betonlineag,spreads,Carolina Panthers,-115.0,3.0
fc362aff0d889ec52d358307a70c32ed,2026-09-13T16:57:27Z,2026-09-13T17:05:00Z,Carolina Panthers,Chicago Bears,CAR,CHI,betonlineag,spreads,Chicago Bears,-105.0,-3.0
fc362aff0d889ec52d358307a70c32ed,2026-09-13T16:57:27Z,2026-09-13T17:05:00Z,Carolina Panthers,Chicago Bears,CAR,CHI,betonlineag,totals,Over,-115.0,46.5
fc362aff0d889ec52d358307a70c32ed,2026-09-13T16:57:27Z,2026-09-13T17:05:00Z,Carolina Panthers,Chicago Bears,CAR,CHI,betonlineag,totals,Under,-105.0,46.5
fc362aff0d889ec52d358307a70c32ed,2026-09-13T16:57:27Z,2026-09-13T17:05:00Z,Carolina Panthers,Chicago Bears,CAR,CHI,betrivers,h2h,Carolina Panthers,138.0,
fc362aff0d889ec52d358307a70c32ed,2026-09-13T16:57:27Z,2026-09-13T17:05:00Z,Carolina Panthers,Chicago Bears,CAR,CHI,betrivers,h2h,Chicago Bears,-167.0,
fc362aff0d889ec52d358307a70c32ed,2026-09-13T16:57:27Z,2026-09-13T17:05:00Z,Carolina Panthers,Chicago Bears,CAR,CHI,betrivers,spreads,Carolina Panthers,-110.0,3.0
fc362aff0d889ec52d358307a70c32ed,2026-09-13T16:57:27Z,2026-09-13T17:05:00Z,Carolina Panthers,Chicago Bears,CAR,CHI,betrivers,spreads,Chicago Bears,-110.0,-3.0
fc362aff0d889ec52d358307a70c32ed,2026-09-13T16:57:27Z,2026-09-13T17:05:00Z,Carolina Panthers,Chicago Bears,CAR,CHI,betrivers,totals,Over,-108.0,47.0
fc362aff0d889ec52d358307a70c32ed,2026-09-13T16:57:27Z,2026-09-13T17:05:00Z,Carolina Panthers,Chicago Bears,CAR,CHI,betrivers,totals,Under,-113.0,47.0
fc362aff0d889ec52d358307a70c32ed,2026-09-13T16:57:27Z,2026-09-13T17:05:00Z,Carolina Panthers,Chicago Bears,CAR,CHI,betmgm,h2h,Carolina Panthers,135.0,
fc362aff0d889ec52d358307a70c32ed,2026-09-13T16:57:27Z,2026-09-13T17:05:00Z,Carolina Panthers,Chicago Bears,CAR,CHI,betmgm,h2h,Chicago Bears,-160.0,
fc362aff0d889ec52d358307a70c32ed,2026-09-13T16:57:27Z,2026-09-13T17:05:00Z,Carolina Panthers,Chicago Bears,CAR,CHI,betmgm,spreads,Carolina Panthers,-105.0,3.0
fc362aff0d889ec52d358307a70c32ed,2026-09-13T16:57:27Z,2026-09-13T17:05:00Z,Carolina Panthers,Chicago Bears,CAR,CHI,betmgm,spreads,Chicago Bears,-105.0,-3.0
fc362aff0d889ec52d358307a70c32ed,2026-09-13T16:57:27Z,2026-09-13T17:05:00Z,Carolina Panthers,Chicago Bears,CAR,CHI,betmgm,totals,Over,-110.0,47.0
fc362aff0d889ec52d358307a70c32ed,2026-09-13T16:57:27Z,2026-09-13T17:05:00Z,Carolina Panthers,Chicago Bears,CAR,CHI,betmgm,totals,Under,-108.0,47.0
fc362aff0d889ec52d358307a70c32ed,2026-09-13T16:57:27Z,2026-09-13T17:05:00Z,Carolina Panthers,Chicago Bears,CAR,CHI,bovada,h2h,Carolina Panthers,135.0,
fc362aff0d889ec52d358307a70c32ed,2026-09-13T16:57:27Z,2026-09-13T17:05:00Z,Carolina Panthers,Chicago Bears,CAR,CHI,bovada,h2h,Chicago Bears,-160.0,
fc362aff0d889ec52d358307a70c32ed,2026-09-13T16:57:27Z,2026-09-13T17:05:00Z,Carolina Panthers,Chicago Bears,CAR,CHI,bovada,spreads,Carolina Panthers,-120.0,3.0
fc362aff0d889ec52d358307a70c32ed,2026-09-13T16:57:27Z,2026-09-13T17:05:00Z,Carolina Panthers,Chicago Bears,CAR,CHI,bovada,spreads,Chicago Bears,100.0,-3.0
fc362aff0d889ec52d358307a70c32ed,2026-09-13T16:57:27Z,2026-09-13T17:05:00Z,Carolina Panthers,Chicago Bears,CAR,CHI,bovada,totals,Over,-115.0,46.5
fc362aff0d889ec52d358307a70c32ed,2026-09-13T16:57:27Z,2026-09-13T17:05:00Z,Carolina Panthers,Chicago Bears,CAR,CHI,bovada,totals,Under,-105.0,46.5
fc362aff0d889ec52d358307a70c32ed,2026-09-13T16:57:27Z,2026-09-13T17:05:00Z,Carolina Panthers,Chicago Bears,CAR,CHI,mybookieag,h2h,Carolina Panthers,133.0,
fc362aff0d889ec52d358307a70c32ed,2026-09-13T16:57:27Z,2026-09-13T17:05:00Z,Carolina Panthers,Chicago Bears,CAR,CHI,mybookieag,h2h,Chicago Bears,-163.0,
fc362aff0d889ec52d358307a70c32ed,2026-09-13T16:57:27Z,2026-09-13T17:05:00Z,Carolina Panthers,Chicago Bears,CAR,CHI,mybookieag,spreads,Carolina Panthers,105.0,2.5
fc362aff0d889ec52d358307a70c32ed,2026-09-13T16:57:27Z,2026-09-13T17:05:00Z,Carolina Panthers,Chicago Bears,CAR,CHI,mybookieag,spreads,Chicago Bears,-125.0,-2.5
fc362aff0d889ec52d358307a70c32ed,2026-09-13T16:57:27Z,2026-09-13T17:05:00Z,Carolina Panthers,Chicago Bears,CAR,CHI,mybookieag,totals,Over,-110.0,46.5
fc362aff0d889ec52d358307a70c32ed,2026-09-13T16:57:27Z,2026-09-13T17:05:00Z,Carolina Panthers,Chicago Bears,CAR,CHI,mybookieag,totals,Under,-110.0,46.5
ed6d24ff979f9c71979fead577b0b3f7,2026-09-13T16:57:27Z,2026-09-13T17:05:00Z,Cincinnati Bengals,Tampa Bay Buccaneers,CIN,TB,draftkings,h2h,Cincinnati Bengals,-205.0,
ed6d24ff979f9c71979fead577b0b3f7,2026-09-13T16:57:27Z,2026-09-13T17:05:00Z,Cincinnati Bengals,Tampa Bay Buccaneers,CIN,TB,draftkings,h2h,Tampa Bay Buccaneers,170.0,
ed6d24ff979f9c71979fead577b0b3f7,2026-09-13T16:57:27Z,2026-09-13T17:05:00Z,Cincinnati Bengals,Tampa Bay Buccaneers,CIN,TB,draftkings,spreads,Cincinnati Bengals,-118.0,-3.5
ed6d24ff979f9c71979fead577b0b3f7,2026-09-13T16:57:27Z,2026-09-13T17:05:00Z,Cincinnati Bengals,Tampa Bay Buccaneers,CIN,TB,draftkings,spreads,Tampa Bay Buccaneers,-102.0,3.5
ed6d24ff979f9c71979fead577b0b3f7,2026-09-13T16:57:27Z,2026-09-13T17:05:00Z,Cincinnati Bengals,Tampa Bay Buccaneers,CIN,TB,draftkings,totals,Over,-108.0,50.5
ed6d24ff979f9c71979fead577b0b3f7,2026-09-13T16:57:27Z,2026-09-13T17:05:00Z,Cincinnati Bengals,Tampa Bay Buccaneers,CIN,TB,draftkings,totals,Under,-112.0,50.5
ed6d24ff979f9c71979fead577b0b3f7,2026-09-13T16:57:27Z,2026-09-13T17:05:00Z,Cincinnati Bengals,Tampa Bay Buccaneers,CIN,TB,fanduel,h2h,Cincinnati Bengals,-190.0,
ed6d24ff979f9c71979fead577b0b3f7,2026-09-13T16:57:27Z,2026-09-13T17:05:00Z,Cincinnati Bengals,Tampa Bay Buccaneers,CIN,TB,fanduel,h2h,Tampa Bay Buccaneers,160.0,
ed6d24ff979f9c71979fead577b0b3f7,2026-09-13T16:57:27Z,2026-09-13T17:05:00Z,Cincinnati Bengals,Tampa Bay Buccaneers,CIN,TB,fanduel,spreads,Cincinnati Bengals,-112.0,-3.5
ed6d24ff979f9c71979fead577b0b3f7,2026-09-13T16:57:27Z,2026-09-13T17:05:00Z,Cincinnati Bengals,Tampa Bay Buccaneers,CIN,TB,fanduel,spreads,Tampa Bay Buccaneers,-108.0,3.5
ed6d24ff979f9c71979fead577b0b3f7,2026-09-13T16:57:27Z,2026-09-13T17:05:00Z,Cincinnati Bengals,Tampa Bay Buccaneers,CIN,TB,fanduel,totals,Over,-110.0,50.5
ed6d24ff979f9c71979fead577b0b3f7,2026-09-13T16:57:27Z,2026-09-13T17:05:00Z,Cincinnati Bengals,Tampa Bay Buccaneers,CIN,TB,fanduel,totals,Under,-110.0,50.5
ed6d24ff979f9c71979fead577b0b3f7,2026-09-13T16:57:27Z,2026-09-13T17:05:00Z,Cincinnati Bengals,Tampa Bay Buccaneers,CIN,TB,lowvig,h2h,Cincinnati Bengals,-192.0,
ed6d24ff979f9c71979fead577b0b3f7,2026-09-13T16:57:27Z,2026-09-13T17:05:00Z,Cincinnati Bengals,Tampa Bay Buccaneers,CIN,TB,lowvig,h2h,Tampa Bay Buccaneers,167.0,
ed6d24ff979f9c71979fead577b0b3f7,2026-09-13T16:57:27Z,2026-09-13T17:05:00Z,Cincinnati Bengals,Tampa Bay Buccaneers,CIN,TB,lowvig,spreads,Cincinnati Bengals,105.0,-4.0
ed6d24ff979f9c71979fead577b0b3f7,2026-09-13T16:57:27Z,2026-09-13T17:05:00Z,Cincinnati Bengals,Tampa Bay Buccaneers,CIN,TB,lowvig,spreads,Tampa Bay Buccaneers,-116.0,4.0
ed6d24ff979f9c71979fead577b0b3f7,2026-09-13T16:57:27Z,2026-09-13T17:05:00Z,Cincinnati Bengals,Tampa Bay Buccaneers,CIN,TB,lowvig,totals,Over,-107.0,50.5
ed6d24ff979f9c71979fead577b0b3f7,2026-09-13T16:57:27Z,2026-09-13T17:05:00Z,Cincinnati Bengals,Tampa Bay Buccaneers,CIN,TB,lowvig,totals,Under,-107.0,50.5
ed6d24ff979f9c71979fead577b0b3f7,2026-09-13T16:57:27Z,2026-09-13T17:05:00Z,Cincinnati Bengals,Tampa Bay Buccaneers,CIN,TB,betus,h2h,Cincinnati Bengals,-190.0,
ed6d24ff979f9c71979fead577b0b3f7,2026-09-13T16:57:27Z,2026-09-13T17:05:00Z,Cincinnati Bengals,Tampa Bay Buccaneers,CIN,TB,betus,h2h,Tampa Bay Buccaneers,163.0,
ed6d24ff979f9c71979fead577b0b3f7,2026-09-13T16:57:27Z,2026-09-13T17:05:00Z,Cincinnati Bengals,Tampa Bay Buccaneers,CIN,TB,betus,spreads,Cincinnati Bengals,-110.0,-3.5
ed6d24ff979f9c71979fead577b0b3f7,2026-09-13T16:57:27Z,2026-09-13T17:05:00Z,Cincinnati Bengals,Tampa Bay Buccaneers,CIN,TB,betus,spreads,Tampa Bay Buccaneers,-110.0,3.5
ed6d24ff979f9c71979fead577b0b3f7,2026-09-13T16:57:27Z,2026-09-13T17:05:00Z,Cincinnati Bengals,Tampa Bay Buccaneers,CIN,TB,betus,totals,Over,-110.0,50.5
ed6d24ff979f9c71979fead577b0b3f7,2026-09-13T16:57:27Z,2026-09-13T17:05:00Z,Cincinnati Bengals,Tampa Bay Buccaneers,CIN,TB,betus,totals,Under,-110.0,50.5
ed6d24ff979f9c71979fead577b0b3f7,2026-09-13T16:57:27Z,2026-09-13T17:05:00Z,Cincinnati Bengals,Tampa Bay Buccaneers,CIN,TB,betonlineag,h2h,Cincinnati Bengals,-192.0,
ed6d24ff979f9c71979fead577b0b3f7,2026-09-13T16:57:27Z,2026-09-13T17:05:00Z,Cincinnati Bengals,Tampa Bay Buccaneers,CIN,TB,betonlineag,h2h,Tampa Bay Buccaneers,167.0,
ed6d24ff979f9c71979fead577b0b3f7,2026-09-13T16:57:27Z,2026-09-13T17:05:00Z,Cincinnati Bengals,Tampa Bay Buccaneers,CIN,TB,betonlineag,spreads,Cincinnati Bengals,-104.0,-3.5
ed6d24ff979f9c71979fead577b0b3f7,2026-09-13T16:57:27Z,2026-09-13T17:05:00Z,Cincinnati Bengals,Tampa Bay Buccaneers,CIN,TB,betonlineag,spreads,Tampa Bay Buccaneers,-116.0,3.5
ed6d24ff979f9c71979fead577b0b3f7,2026-09-13T16:57:27Z,2026-09-13T17:05:00Z,Cincinnati Bengals,Tampa Bay Buccaneers,CIN,TB,betonlineag,totals,Over,-110.0,50.5
ed6d24ff979f9c71979fead577b0b3f7,2026-09-13T16:57:27Z,2026-09-13T17:05:00Z,Cincinnati Bengals,Tampa Bay Buccaneers,CIN,TB,betonlineag,totals,Under,-110.0,50.5
ed6d24ff979f9c71979fead577b0b3f7,2026-09-13T16:57:27Z,2026-09-13T17:05:00Z,Cincinnati Bengals,Tampa Bay Buccaneers,CIN,TB,betrivers,h2h,Cincinnati Bengals,-210.0,
ed6d24ff979f9c71979fead577b0b3f7,2026-09-13T16:57:27Z,2026-09-13T17:05:00Z,Cincinnati Bengals,Tampa Bay Buccaneers,CIN,TB,betrivers,h2h,Tampa Bay Buccaneers,170.0,
ed6d24ff979f9c71979fead577b0b3f7,2026-09-13T16:57:27Z,2026-09-13T17:05:00Z,Cincinnati Bengals,Tampa Bay Buccaneers,CIN,TB,betrivers,spreads,Cincinnati Bengals,-109.0,-4.0
ed6d24ff979f9c71979fead577b0b3f7,2026-09-13T16:57:27Z,2026-09-13T17:05:00Z,Cincinnati Bengals,Tampa Bay Buccaneers,CIN,TB,betrivers,spreads,Tampa Bay Buccaneers,-112.0,4.0
ed6d24ff979f9c71979fead577b0b3f7,2026-09-13T16:57:27Z,2026-09-13T17:05:00Z,Cincinnati Bengals,Tampa Bay Buccaneers,CIN,TB,betrivers,totals,Over,-108.0,50.5
ed6d24ff979f9c71979fead577b0b3f7,2026-09-13T16:57:27Z,2026-09-13T17:05:00Z,Cincinnati Bengals,Tampa Bay Buccaneers,CIN,TB,betrivers,totals,Under,-113.0,50.5
ed6d24ff979f9c71979fead577b0b3f7,2026-09-13T16:57:27Z,2026-09-13T17:05:00Z,Cincinnati Bengals,Tampa Bay Buccaneers,CIN,TB,betmgm,h2h,Cincinnati Bengals,-190.0,
ed6d24ff979f9c71979fead577b0b3f7,2026-09-13T16:57:27Z,2026-09-13T17:05:00Z,Cincinnati Bengals,Tampa Bay Buccaneers,CIN,TB,betmgm,h2h,Tampa Bay Buccaneers,160.0,
ed6d24ff979f9c71979fead577b0b3f7,2026-09-13T16:57:27Z,2026-09-13T17:05:00Z,Cincinnati Bengals,Tampa Bay Buccaneers,CIN,TB,betmgm,spreads,Cincinnati Bengals,-105.0,-3.5
ed6d24ff979f9c71979fead577b0b3f7,2026-09-13T16:57:27Z,2026-09-13T17:05:00Z,Cincinnati Bengals,Tampa Bay Buccaneers,CIN,TB,betmgm,spreads,Tampa Bay Buccaneers,-105.0,3.5
ed6d24ff979f9c71979fead577b0b3f7,2026-09-13T16:57:27Z,2026-09-13T17:05:00Z,Cincinnati Bengals,Tampa Bay Buccaneers,CIN,TB,betmgm,totals,Over,-108.0,50.5
ed6d24ff979f9c71979fead577b0b3f7,2026-09-13T16:57:27Z,2026-09-13T17:05:00Z,Cincinnati Bengals,Tampa Bay Buccaneers,CIN,TB,betmgm,totals,Under,-110.0,50.5
ed6d24ff979f9c71979fead577b0b3f7,2026-09-13T16:57:27Z,2026-09-13T17:05:00Z,Cincinnati Bengals,Tampa Bay Buccaneers,CIN,TB,bovada,h2h,Cincinnati Bengals,-210.0,
ed6d24ff979f9c71979fead577b0b3f7,2026-09-13T16:57:27Z,2026-09-13T17:05:00Z,Cincinnati Bengals,Tampa Bay Buccaneers,CIN,TB,bovada,h2h,Tampa Bay Buccaneers,175.0,
ed6d24ff979f9c71979fead577b0b3f7,2026-09-13T16:57:27Z,2026-09-13T17:05:00Z,Cincinnati Bengals,Tampa Bay Buccaneers,CIN,TB,bovada,spreads,Cincinnati Bengals,-115.0,-3.5
ed6d24ff979f9c71979fead577b0b3f7,2026-09-13T16:57:27Z,2026-09-13T17:05:00Z,Cincinnati Bengals,Tampa Bay Buccaneers,CIN,TB,bovada,spreads,Tampa Bay Buccaneers,-105.0,3.5
ed6d24ff979f9c71979fead577b0b3f7,2026-09-13T16:57:27Z,2026-09-13T17:05:00Z,Cincinnati Bengals,Tampa Bay Buccaneers,CIN,TB,bovada,totals,Over,-110.0,50.0
ed6d24ff979f9c71979fead577b0b3f7,2026-09-13T16:57:27Z,2026-09-13T17:05:00Z,Cincinnati Bengals,Tampa Bay Buccaneers,CIN,TB,bovada,totals,Under,-110.0,50.0
ed6d24ff979f9c71979fead577b0b3f7,2026-09-13T16:57:27Z,2026-09-13T17:05:00Z,Cincinnati Bengals,Tampa Bay Buccaneers,CIN,TB,mybookieag,h2h,Cincinnati Bengals,-214.0,
ed6d24ff979f9c71979fead577b0b3f7,2026-09-13T16:57:27Z,2026-09-13T17:05:00Z,Cincinnati Bengals,Tampa Bay Buccaneers,CIN,TB,mybookieag,h2h,Tampa Bay Buccaneers,171.0,
ed6d24ff979f9c71979fead577b0b3f7,2026-09-13T16:57:27Z,2026-09-13T17:05:00Z,Cincinnati Bengals,Tampa Bay Buccaneers,CIN,TB,mybookieag,spreads,Cincinnati Bengals,-110.0,-3.5
ed6d24ff979f9c71979fead577b0b3f7,2026-09-13T16:57:27Z,2026-09-13T17:05:00Z,Cincinnati Bengals,Tampa Bay Buccaneers,CIN,TB,mybookieag,spreads,Tampa Bay Buccaneers,-110.0,3.5
ed6d24ff979f9c71979fead577b0b3f7,2026-09-13T16:57:27Z,2026-09-13T17:05:00Z,Cincinnati Bengals,Tampa Bay Buccaneers,CIN,TB,mybookieag,totals,Over,-110.0,50.5
ed6d24ff979f9c71979fead577b0b3f7,2026-09-13T16:57:27Z,2026-09-13T17:05:00Z,Cincinnati Bengals,Tampa Bay Buccaneers,CIN,TB,mybookieag,totals,Under,-110.0,50.5
c1d3fcec25aaeb06ebd2244d33d338e0,2026-09-13T16:57:27Z,2026-09-13T17:05:00Z,Detroit Lions,New Orleans Saints,DET,NO,draftkings,h2h,Detroit Lions,-325.0,
c1d3fcec25aaeb06ebd2244d33d338e0,2026-09-13T16:57:27Z,2026-09-13T17:05:00Z,Detroit Lions,New Orleans Saints,DET,NO,draftkings,h2h,New Orleans Saints,260.0,
c1d3fcec25aaeb06ebd2244d33d338e0,2026-09-13T16:57:27Z,2026-09-13T17:05:00Z,Detroit Lions,New Orleans Saints,DET,NO,draftkings,spreads,Detroit Lions,-110.0,-7.0
c1d3fcec25aaeb06ebd2244d33d338e0,2026-09-13T16:57:27Z,2026-09-13T17:05:00Z,Detroit Lions,New Orleans Saints,DET,NO,draftkings,spreads,New Orleans Saints,-110.0,7.0
c1d3fcec25aaeb06ebd2244d33d338e0,2026-09-13T16:57:27Z,2026-09-13T17:05:00Z,Detroit Lions,New Orleans Saints,DET,NO,draftkings,totals,Over,-115.0,49.5
c1d3fcec25aaeb06ebd2244d33d338e0,2026-09-13T16:57:27Z,2026-09-13T17:05:00Z,Detroit Lions,New Orleans Saints,DET,NO,draftkings,totals,Under,-105.0,49.5
c1d3fcec25aaeb06ebd2244d33d338e0,2026-09-13T16:57:27Z,2026-09-13T17:05:00Z,Detroit Lions,New Orleans Saints,DET,NO,fanduel,h2h,Detroit Lions,-340.0,
c1d3fcec25aaeb06ebd2244d33d338e0,2026-09-13T16:57:27Z,2026-09-13T17:05:00Z,Detroit Lions,New Orleans Saints,DET,NO,fanduel,h2h,New Orleans Saints,275.0,
c1d3fcec25aaeb06ebd2244d33d338e0,2026-09-13T16:57:27Z,2026-09-13T17:05:00Z,Detroit Lions,New Orleans Saints,DET,NO,fanduel,spreads,Detroit Lions,-122.0,-6.5
c1d3fcec25aaeb06ebd2244d33d338e0,2026-09-13T16:57:27Z,2026-09-13T17:05:00Z,Detroit Lions,New Orleans Saints,DET,NO,fanduel,spreads,New Orleans Saints,100.0,6.5
c1d3fcec25aaeb06ebd2244d33d338e0,2026-09-13T16:57:27Z,2026-09-13T17:05:00Z,Detroit Lions,New Orleans Saints,DET,NO,fanduel,totals,Over,-115.0,49.5
c1d3fcec25aaeb06ebd2244d33d338e0,2026-09-13T16:57:27Z,2026-09-13T17:05:00Z,Detroit Lions,New Orleans Saints,DET,NO,fanduel,totals,Under,-105.0,49.5
c1d3fcec25aaeb06ebd2244d33d338e0,2026-09-13T16:57:27Z,2026-09-13T17:05:00Z,Detroit Lions,New Orleans Saints,DET,NO,lowvig,h2h,Detroit Lions,-340.0,
c1d3fcec25aaeb06ebd2244d33d338e0,2026-09-13T16:57:27Z,2026-09-13T17:05:00Z,Detroit Lions,New Orleans Saints,DET,NO,lowvig,h2h,New Orleans Saints,274.0,
c1d3fcec25aaeb06ebd2244d33d338e0,2026-09-13T16:57:27Z,2026-09-13T17:05:00Z,Detroit Lions,New Orleans Saints,DET,NO,lowvig,spreads,Detroit Lions,105.0,-7.0
c1d3fcec25aaeb06ebd2244d33d338e0,2026-09-13T16:57:27Z,2026-09-13T17:05:00Z,Detroit Lions,New Orleans Saints,DET,NO,lowvig,spreads,New Orleans Saints,-116.0,7.0
c1d3fcec25aaeb06ebd2244d33d338e0,2026-09-13T16:57:27Z,2026-09-13T17:05:00Z,Detroit Lions,New Orleans Saints,DET,NO,lowvig,totals,Over,-113.0,50.0
c1d3fcec25aaeb06ebd2244d33d338e0,2026-09-13T16:57:27Z,2026-09-13T17:05:00Z,Detroit Lions,New Orleans Saints,DET,NO,lowvig,totals,Under,-102.0,50.0
c1d3fcec25aaeb06ebd2244d33d338e0,2026-09-13T16:57:27Z,2026-09-13T17:05:00Z,Detroit Lions,New Orleans Saints,DET,NO,betonlineag,h2h,Detroit Lions,-340.0,
c1d3fcec25aaeb06ebd2244d33d338e0,2026-09-13T16:57:27Z,2026-09-13T17:05:00Z,Detroit Lions,New Orleans Saints,DET,NO,betonlineag,h2h,New Orleans Saints,274.0,
c1d3fcec25aaeb06ebd2244d33d338e0,2026-09-13T16:57:27Z,2026-09-13T17:05:00Z,Detroit Lions,New Orleans Saints,DET,NO,betonlineag,spreads,Detroit Lions,-104.0,-7.0
c1d3fcec25aaeb06ebd2244d33d338e0,2026-09-13T16:57:27Z,2026-09-13T17:05:00Z,Detroit Lions,New Orleans Saints,DET,NO,betonlineag,spreads,New Orleans Saints,-116.0,7.0
c1d3fcec25aaeb06ebd2244d33d338e0,2026-09-13T16:57:27Z,2026-09-13T17:05:00Z,Detroit Lions,New Orleans Saints,DET,NO,betonlineag,totals,Over,-115.0,50.0
c1d3fcec25aaeb06ebd2244d33d338e0,2026-09-13T16:57:27Z,2026-09-13T17:05:00Z,Detroit Lions,New Orleans Saints,DET,NO,betonlineag,totals,Under,-105.0,50.0
c1d3fcec25aaeb06ebd2244d33d338e0,2026-09-13T16:57:27Z,2026-09-13T17:05:00Z,Detroit Lions,New Orleans Saints,DET,NO,betus,h2h,Detroit Lions,-340.0,
c1d3fcec25aaeb06ebd2244d33d338e0,2026-09-13T16:57:27Z,2026-09-13T17:05:00Z,Detroit Lions,New Orleans Saints,DET,NO,betus,h2h,New Orleans Saints,275.0,
c1d3fcec25aaeb06ebd2244d33d338e0,2026-09-13T16:57:27Z,2026-09-13T17:05:00Z,Detroit Lions,New Orleans Saints,DET,NO,betus,spreads,Detroit Lions,-110.0,-7.0
c1d3fcec25aaeb06ebd2244d33d338e0,2026-09-13T16:57:27Z,2026-09-13T17:05:00Z,Detroit Lions,New Orleans Saints,DET,NO,betus,spreads,New Orleans Saints,-110.0,7.0
c1d3fcec25aaeb06ebd2244d33d338e0,2026-09-13T16:57:27Z,2026-09-13T17:05:00Z,Detroit Lions,New Orleans Saints,DET,NO,betus,totals,Over,-115.0,50.0
c1d3fcec25aaeb06ebd2244d33d338e0,2026-09-13T16:57:27Z,2026-09-13T17:05:00Z,Detroit Lions,New Orleans Saints,DET,NO,betus,totals,Under,-105.0,50.0
c1d3fcec25aaeb06ebd2244d33d338e0,2026-09-13T16:57:27Z,2026-09-13T17:05:00Z,Detroit Lions,New Orleans Saints,DET,NO,betrivers,h2h,Detroit Lions,-345.0,
c1d3fcec25aaeb06ebd2244d33d338e0,2026-09-13T16:57:27Z,2026-09-13T17:05:00Z,Detroit Lions,New Orleans Saints,DET,NO,betrivers,h2h,New Orleans Saints,265.0,
c1d3fcec25aaeb06ebd2244d33d338e0,2026-09-13T16:57:27Z,2026-09-13T17:05:00Z,Detroit Lions,New Orleans Saints,DET,NO,betrivers,spreads,Detroit Lions,-110.0,-7.0
c1d3fcec25aaeb06ebd2244d33d338e0,2026-09-13T16:57:27Z,2026-09-13T17:05:00Z,Detroit Lions,New Orleans Saints,DET,NO,betrivers,spreads,New Orleans Saints,-110.0,7.0
c1d3fcec25aaeb06ebd2244d33d338e0,2026-09-13T16:57:27Z,2026-09-13T17:05:00Z,Detroit Lions,New Orleans Saints,DET,NO,betrivers,totals,Over,-112.0,49.5
c1d3fcec25aaeb06ebd2244d33d338e0,2026-09-13T16:57:27Z,2026-09-13T17:05:00Z,Detroit Lions,New Orleans Saints,DET,NO,betrivers,totals,Under,-109.0,49.5
c1d3fcec25aaeb06ebd2244d33d338e0,2026-09-13T16:57:27Z,2026-09-13T17:05:00Z,Detroit Lions,New Orleans Saints,DET,NO,betmgm,h2h,Detroit Lions,-325.0,
c1d3fcec25aaeb06ebd2244d33d338e0,2026-09-13T16:57:27Z,2026-09-13T17:05:00Z,Detroit Lions,New Orleans Saints,DET,NO,betmgm,h2h,New Orleans Saints,270.0,
c1d3fcec25aaeb06ebd2244d33d338e0,2026-09-13T16:57:27Z,2026-09-13T17:05:00Z,Detroit Lions,New Orleans Saints,DET,NO,betmgm,spreads,Detroit Lions,-105.0,-7.0
c1d3fcec25aaeb06ebd2244d33d338e0,2026-09-13T16:57:27Z,2026-09-13T17:05:00Z,Detroit Lions,New Orleans Saints,DET,NO,betmgm,spreads,New Orleans Saints,-112.0,7.0
c1d3fcec25aaeb06ebd2244d33d338e0,2026-09-13T16:57:27Z,2026-09-13T17:05:00Z,Detroit Lions,New Orleans Saints,DET,NO,betmgm,totals,Over,-108.0,50.0
c1d3fcec25aaeb06ebd2244d33d338e0,2026-09-13T16:57:27Z,2026-09-13T17:05:00Z,Detroit Lions,New Orleans Saints,DET,NO,betmgm,totals,Under,-110.0,50.0
c1d3fcec25aaeb06ebd2244d33d338e0,2026-09-13T16:57:27Z,2026-09-13T17:05:00Z,Detroit Lions,New Orleans Saints,DET,NO,bovada,h2h,Detroit Lions,-310.0,
c1d3fcec25aaeb06ebd2244d33d338e0,2026-09-13T16:57:27Z,2026-09-13T17:05:00Z,Detroit Lions,New Orleans Saints,DET,NO,bovada,h2h,New Orleans Saints,255.0,
c1d3fcec25aaeb06ebd2244d33d338e0,2026-09-13T16:57:27Z,2026-09-13T17:05:00Z,Detroit Lions,New Orleans Saints,DET,NO,bovada,spreads,Detroit Lions,-115.0,-6.5
c1d3fcec25aaeb06ebd2244d33d338e0,2026-09-13T16:57:27Z,2026-09-13T17:05:00Z,Detroit Lions,New Orleans Saints,DET,NO,bovada,spreads,New Orleans Saints,-105.0,6.5
c1d3fcec25aaeb06ebd2244d33d338e0,2026-09-13T16:57:27Z,2026-09-13T17:05:00Z,Detroit Lions,New Orleans Saints,DET,NO,bovada,totals,Over,-105.0,50.0
c1d3fcec25aaeb06ebd2244d33d338e0,2026-09-13T16:57:27Z,2026-09-13T17:05:00Z,Detroit Lions,New Orleans Saints,DET,NO,bovada,totals,Under,-115.0,50.0
c1d3fcec25aaeb06ebd2244d33d338e0,2026-09-13T16:57:27Z,2026-09-13T17:05:00Z,Detroit Lions,New Orleans Saints,DET,NO,mybookieag,h2h,Detroit Lions,-300.0,
c1d3fcec25aaeb06ebd2244d33d338e0,2026-09-13T16:57:27Z,2026-09-13T17:05:00Z,Detroit Lions,New Orleans Saints,DET,NO,mybookieag,h2h,New Orleans Saints,234.0,
c1d3fcec25aaeb06ebd2244d33d338e0,2026-09-13T16:57:27Z,2026-09-13T17:05:00Z,Detroit Lions,New Orleans Saints,DET,NO,mybookieag,spreads,Detroit Lions,-110.0,-6.5
c1d3fcec25aaeb06ebd2244d33d338e0,2026-09-13T16:57:27Z,2026-09-13T17:05:00Z,Detroit Lions,New Orleans Saints,DET,NO,mybookieag,spreads,New Orleans Saints,-110.0,6.5
c1d3fcec25aaeb06ebd2244d33d338e0,2026-09-13T16:57:27Z,2026-09-13T17:05:00Z,Detroit Lions,New Orleans Saints,DET,NO,mybookieag,totals,Over,-110.0,50.0
c1d3fcec25aaeb06ebd2244d33d338e0,2026-09-13T16:57:27Z,2026-09-13T17:05:00Z,Detroit Lions,New Orleans Saints,DET,NO,mybookieag,totals,Under,-110.0,50.0
7dddb296a42e7a41a774b24bd1709ce1,2026-09-13T16:57:27Z,2026-09-13T17:05:00Z,Tennessee Titans,New York Jets,TEN,NYJ,draftkings,h2h,New York Jets,-102.0,
7dddb296a42e7a41a774b24bd1709ce1,2026-09-13T16:57:27Z,2026-09-13T17:05:00Z,Tennessee Titans,New York Jets,TEN,NYJ,draftkings,h2h,Tennessee Titans,-118.0,
7dddb296a42e7a41a774b24bd1709ce1,2026-09-13T16:57:27Z,2026-09-13T17:05:00Z,Tennessee Titans,New York Jets,TEN,NYJ,draftkings,spreads,New York Jets,-115.0,1.5
7dddb296a42e7a41a774b24bd1709ce1,2026-09-13T16:57:27Z,2026-09-13T17:05:00Z,Tennessee Titans,New York Jets,TEN,NYJ,draftkings,spreads,Tennessee Titans,-105.0,-1.5
7dddb296a42e7a41a774b24bd1709ce1,2026-09-13T16:57:27Z,2026-09-13T17:05:00Z,Tennessee Titans,New York Jets,TEN,NYJ,draftkings,totals,Over,-110.0,39.5
7dddb296a42e7a41a774b24bd1709ce1,2026-09-13T16:57:27Z,2026-09-13T17:05:00Z,Tennessee Titans,New York Jets,TEN,NYJ,draftkings,totals,Under,-110.0,39.5
7dddb296a42e7a41a774b24bd1709ce1,2026-09-13T16:57:27Z,2026-09-13T17:05:00Z,Tennessee Titans,New York Jets,TEN,NYJ,fanduel,h2h,New York Jets,100.0,
7dddb296a42e7a41a774b24bd1709ce1,2026-09-13T16:57:27Z,2026-09-13T17:05:00Z,Tennessee Titans,New York Jets,TEN,NYJ,fanduel,h2h,Tennessee Titans,-118.0,
7dddb296a42e7a41a774b24bd1709ce1,2026-09-13T16:57:27Z,2026-09-13T17:05:00Z,Tennessee Titans,New York Jets,TEN,NYJ,fanduel,spreads,New York Jets,-115.0,1.5
7dddb296a42e7a41a774b24bd1709ce1,2026-09-13T16:57:27Z,2026-09-13T17:05:00Z,Tennessee Titans,New York Jets,TEN,NYJ,fanduel,spreads,Tennessee Titans,-105.0,-1.5
7dddb296a42e7a41a774b24bd1709ce1,2026-09-13T16:57:27Z,2026-09-13T17:05:00Z,Tennessee Titans,New York Jets,TEN,NYJ,fanduel,totals,Over,-110.0,39.5
7dddb296a42e7a41a774b24bd1709ce1,2026-09-13T16:57:27Z,2026-09-13T17:05:00Z,Tennessee Titans,New York Jets,TEN,NYJ,fanduel,totals,Under,-110.0,39.5
7dddb296a42e7a41a774b24bd1709ce1,2026-09-13T16:57:27Z,2026-09-13T17:05:00Z,Tennessee Titans,New York Jets,TEN,NYJ,lowvig,spreads,New York Jets,100.0,0.0
7dddb296a42e7a41a774b24bd1709ce1,2026-09-13T16:57:27Z,2026-09-13T17:05:00Z,Tennessee Titans,New York Jets,TEN,NYJ,lowvig,spreads,Tennessee Titans,-110.0,0.0
7dddb296a42e7a41a774b24bd1709ce1,2026-09-13T16:57:27Z,2026-09-13T17:05:00Z,Tennessee Titans,New York Jets,TEN,NYJ,lowvig,totals,Over,-113.0,39.0
7dddb296a42e7a41a774b24bd1709ce1,2026-09-13T16:57:27Z,2026-09-13T17:05:00Z,Tennessee Titans,New York Jets,TEN,NYJ,lowvig,totals,Under,-102.0,39.0
7dddb296a42e7a41a774b24bd1709ce1,2026-09-13T16:57:27Z,2026-09-13T17:05:00Z,Tennessee Titans,New York Jets,TEN,NYJ,betus,spreads,New York Jets,-105.0,0.0
7dddb296a42e7a41a774b24bd1709ce1,2026-09-13T16:57:27Z,2026-09-13T17:05:00Z,Tennessee Titans,New York Jets,TEN,NYJ,betus,spreads,Tennessee Titans,-115.0,0.0
7dddb296a42e7a41a774b24bd1709ce1,2026-09-13T16:57:27Z,2026-09-13T17:05:00Z,Tennessee Titans,New York Jets,TEN,NYJ,betus,totals,Over,-115.0,39.0
7dddb296a42e7a41a774b24bd1709ce1,2026-09-13T16:57:27Z,2026-09-13T17:05:00Z,Tennessee Titans,New York Jets,TEN,NYJ,betus,totals,Under,-105.0,39.0
7dddb296a42e7a41a774b24bd1709ce1,2026-09-13T16:57:27Z,2026-09-13T17:05:00Z,Tennessee Titans,New York Jets,TEN,NYJ,betonlineag,spreads,New York Jets,-105.0,0.0
7dddb296a42e7a41a774b24bd1709ce1,2026-09-13T16:57:27Z,2026-09-13T17:05:00Z,Tennessee Titans,New York Jets,TEN,NYJ,betonlineag,spreads,Tennessee Titans,-115.0,0.0
7dddb296a42e7a41a774b24bd1709ce1,2026-09-13T16:57:27Z,2026-09-13T17:05:00Z,Tennessee Titans,New York Jets,TEN,NYJ,betonlineag,totals,Over,-115.0,39.0
7dddb296a42e7a41a774b24bd1709ce1,2026-09-13T16:57:27Z,2026-09-13T17:05:00Z,Tennessee Titans,New York Jets,TEN,NYJ,betonlineag,totals,Under,-105.0,39.0
7dddb296a42e7a41a774b24bd1709ce1,2026-09-13T16:57:27Z,2026-09-13T17:05:00Z,Tennessee Titans,New York Jets,TEN,NYJ,betrivers,h2h,New York Jets,-103.0,
7dddb296a42e7a41a774b24bd1709ce1,2026-09-13T16:57:27Z,2026-09-13T17:05:00Z,Tennessee Titans,New York Jets,TEN,NYJ,betrivers,h2h,Tennessee Titans,-120.0,
7dddb296a42e7a41a774b24bd1709ce1,2026-09-13T16:57:27Z,2026-09-13T17:05:00Z,Tennessee Titans,New York Jets,TEN,NYJ,betrivers,spreads,New York Jets,-113.0,1.5
7dddb296a42e7a41a774b24bd1709ce1,2026-09-13T16:57:27Z,2026-09-13T17:05:00Z,Tennessee Titans,New York Jets,TEN,NYJ,betrivers,spreads,Tennessee Titans,-108.0,-1.5
7dddb296a42e7a41a774b24bd1709ce1,2026-09-13T16:57:27Z,2026-09-13T17:05:00Z,Tennessee Titans,New York Jets,TEN,NYJ,betrivers,totals,Over,-113.0,39.0
7dddb296a42e7a41a774b24bd1709ce1,2026-09-13T16:57:27Z,2026-09-13T17:05:00Z,Tennessee Titans,New York Jets,TEN,NYJ,betrivers,totals,Under,-108.0,39.0
7dddb296a42e7a41a774b24bd1709ce1,2026-09-13T16:57:27Z,2026-09-13T17:05:00Z,Tennessee Titans,New York Jets,TEN,NYJ,betmgm,h2h,New York Jets,100.0,
7dddb296a42e7a41a774b24bd1709ce1,2026-09-13T16:57:27Z,2026-09-13T17:05:00Z,Tennessee Titans,New York Jets,TEN,NYJ,betmgm,h2h,Tennessee Titans,-120.0,
7dddb296a42e7a41a774b24bd1709ce1,2026-09-13T16:57:27Z,2026-09-13T17:05:00Z,Tennessee Titans,New York Jets,TEN,NYJ,betmgm,spreads,New York Jets,-108.0,1.0
7dddb296a42e7a41a774b24bd1709ce1,2026-09-13T16:57:27Z,2026-09-13T17:05:00Z,Tennessee Titans,New York Jets,TEN,NYJ,betmgm,spreads,Tennessee Titans,-110.0,-1.0
7dddb296a42e7a41a774b24bd1709ce1,2026-09-13T16:57:27Z,2026-09-13T17:05:00Z,Tennessee Titans,New York Jets,TEN,NYJ,betmgm,totals,Over,-110.0,39.5
7dddb296a42e7a41a774b24bd1709ce1,2026-09-13T16:57:27Z,2026-09-13T17:05:00Z,Tennessee Titans,New York Jets,TEN,NYJ,betmgm,totals,Under,-108.0,39.5
7dddb296a42e7a41a774b24bd1709ce1,2026-09-13T16:57:27Z,2026-09-13T17:05:00Z,Tennessee Titans,New York Jets,TEN,NYJ,bovada,h2h,New York Jets,-105.0,
7dddb296a42e7a41a774b24bd1709ce1,2026-09-13T16:57:27Z,2026-09-13T17:05:00Z,Tennessee Titans,New York Jets,TEN,NYJ,bovada,h2h,Tennessee Titans,-115.0,
7dddb296a42e7a41a774b24bd1709ce1,2026-09-13T16:57:27Z,2026-09-13T17:05:00Z,Tennessee Titans,New York Jets,TEN,NYJ,bovada,spreads,New York Jets,-110.0,1.0
7dddb296a42e7a41a774b24bd1709ce1,2026-09-13T16:57:27Z,2026-09-13T17:05:00Z,Tennessee Titans,New York Jets,TEN,NYJ,bovada,spreads,Tennessee Titans,-110.0,-1.0
7dddb296a42e7a41a774b24bd1709ce1,2026-09-13T16:57:27Z,2026-09-13T17:05:00Z,Tennessee Titans,New York Jets,TEN,NYJ,bovada,totals,Over,-105.0,40.0
7dddb296a42e7a41a774b24bd1709ce1,2026-09-13T16:57:27Z,2026-09-13T17:05:00Z,Tennessee Titans,New York Jets,TEN,NYJ,bovada,totals,Under,-115.0,40.0
7dddb296a42e7a41a774b24bd1709ce1,2026-09-13T16:57:27Z,2026-09-13T17:05:00Z,Tennessee Titans,New York Jets,TEN,NYJ,mybookieag,h2h,New York Jets,-110.0,
7dddb296a42e7a41a774b24bd1709ce1,2026-09-13T16:57:27Z,2026-09-13T17:05:00Z,Tennessee Titans,New York Jets,TEN,NYJ,mybookieag,h2h,Tennessee Titans,-111.0,
7dddb296a42e7a41a774b24bd1709ce1,2026-09-13T16:57:27Z,2026-09-13T17:05:00Z,Tennessee Titans,New York Jets,TEN,NYJ,mybookieag,spreads,New York Jets,-120.0,1.5
7dddb296a42e7a41a774b24bd1709ce1,2026-09-13T16:57:27Z,2026-09-13T17:05:00Z,Tennessee Titans,New York Jets,TEN,NYJ,mybookieag,spreads,Tennessee Titans,100.0,-1.5
7dddb296a42e7a41a774b24bd1709ce1,2026-09-13T16:57:27Z,2026-09-13T17:05:00Z,Tennessee Titans,New York Jets,TEN,NYJ,mybookieag,totals,Over,-110.0,39.5
7dddb296a42e7a41a774b24bd1709ce1,2026-09-13T16:57:27Z,2026-09-13T17:05:00Z,Tennessee Titans,New York Jets,TEN,NYJ,mybookieag,totals,Under,-110.0,39.5
